"","node","activation","time"
"1","xrEst;arrest",0,1
"2","xsIst;assist",0,1
"3","bEst;best",0,1
"4","bIsk;bisque",0,1
"5","bIt;bit",0,1
"6","bost;boast",0,1
"7","bust;boost",0,1
"8","brEst;breast",0,1
"9","brIsk;brisk",0,1
"10","b^st;bust",0,1
"11","CEst;chest",0,1
"12","CIt;chit",0,1
"13","kost;coast",0,1
"14","krEst;crest",0,1
"15","kr^st;crust",0,1
"16","sIst;cyst",4.375,1
"17","dIsk;disc",0,1
"18","drIft;drift",0,1
"19","d^st;dust",0,1
"20","f@st;fast",0,1
"21","fist;feast",0,1
"22","fRst;first",0,1
"23","fIst;fist",4.375,1
"24","fIt;fit",0,1
"25","fIkst;fixed",0,1
"26","fOst;foist",0,1
"27","frIsk;frisk",0,1
"28","gost;ghost",0,1
"29","gIft;gift",0,1
"30","JIst;gist",4.375,1
"31","grIst;grist",4.375,1
"32","grIsL;gristle",0,1
"33","grIt;grit",0,1
"34","gEst;guest",0,1
"35","g^st;gust",0,1
"36","hIt;hit",0,1
"37","host;host",0,1
"38","It;it",0,1
"39","JEst;jest",0,1
"40","JIlt;jilt",0,1
"41","JOst;joist",0,1
"42","JWst;joust",0,1
"43","J^st;just",0,1
"44","kIt;kit",0,1
"45","nIt;knit",0,1
"46","l@st;last",0,1
"47","list;least",0,1
"48","lEst;lest",0,1
"49","lIs|t;licit",0,1
"50","lIft;lift",0,1
"51","lIlt;lilt",0,1
"52","lInt;lint",0,1
"53","lIpt;lipped",0,1
"54","lIsp;lisp",0,1
"55","lIst;list",4.375,1
"56","lIsN;listen",0,1
"57","lIsts;lists",0,1
"58","lIt;lit",0,1
"59","lcst;lost",0,1
"60","l^st;lust",0,1
"61","m@st;mast",0,1
"62","mIdst;midst",0,1
"63","mInt;mint",0,1
"64","mIs;miss",0,1
"65","mIsL;missal",0,1
"66","mIst;mist",4.375,1
"67","mIstX;mister",0,1
"68","mIsti;misty",0,1
"69","mIt;mitt",0,1
"70","mOst;moist",0,1
"71","most;most",0,1
"72","m^st;must",0,1
"73","nEst;nest",0,1
"74","pEst;pest",0,1
"75","pIt;pit",0,1
"76","post;post",0,1
"77","r@ft;raft",0,1
"78","r@t;rat",0,1
"79","ret;rate",0,1
"80","rIr;rear",0,1
"81","rIsid;recede",0,1
"82","rIsit;receipt",4.375,1
"83","rIsiv;receive",0,1
"84","rIsYtL;recital",0,1
"85","rIsYt;recite",4.375,1
"86","rIfR;refer",0,1
"87","rEnt;rent",0,1
"88","rIpit;repeat",0,1
"89","rEst;rest",4.375,1
"90","rIb;rib",0,1
"91","rIC;rich",0,1
"92","rIk;rick",0,1
"93","rId;rid",0,1
"94","rIJ;ridge",0,1
"95","rIft;rift",4.375,1
"96","rIg;rig",0,1
"97","rYt;right",0,1
"98","rIl;rill",0,1
"99","rIm;rim",0,1
"100","rIG;ring",0,1
"101","rIGk;rink",0,1
"102","rIp;rip",0,1
"103","rIsk;risk",4.375,1
"104","rIske;risque",0,1
"105","rost;roast",4.375,1
"106","rust;roost",4.375,1
"107","rut;root",0,1
"108","rat;rot",0,1
"109","rot;rote",0,1
"110","rWt;rout",0,1
"111","r^ft;ruffed",0,1
"112","r^nt;runt",0,1
"113","rus;ruse",0,1
"114","r^sk;rusk",0,1
"115","r^s|t;russet",0,1
"116","r^st;rust",4.375,1
"117","r^sL;rustle",0,1
"118","r^t;rut",0,1
"119","SIft;shift",0,1
"120","SrIft;shrift",0,1
"121","sIft;sift",0,1
"122","sIlt;silt",0,1
"123","sIstX;sister",0,1
"124","sIt;sit",0,1
"125","tIt;teat",0,1
"126","tEst;test",0,1
"127","TrIft;thrift",0,1
"128","Tr^st;thrust",0,1
"129","tost;toast",0,1
"130","tr^st;trust",0,1
"131","trIst;tryst",4.375,1
"132","twIst;twist",0,1
"133","vEst;vest",0,1
"134","wEst;west",0,1
"135","wIt;wit",0,1
"136","rEsL;wrestle",0,1
"137","rIst;wrist",30,1
"138","rIt;writ",4.375,1
"139","rItN;written",0,1
"140","rct;wrought",0,1
"141","zEst;zest",0,1
"142","xrEst;arrest",0.153125,2
"143","xsIst;assist",0.30625,2
"144","bEst;best",0.153125,2
"145","bIsk;bisque",0.340277777777778,2
"146","bIt;bit",0.0827702702702703,2
"147","bost;boast",0.255208333333333,2
"148","bust;boost",0.4375,2
"149","brEst;breast",0.153125,2
"150","brIsk;brisk",0.340277777777778,2
"151","b^st;bust",0.161184210526316,2
"152","CEst;chest",0.153125,2
"153","CIt;chit",0.0827702702702703,2
"154","kost;coast",0.255208333333333,2
"155","krEst;crest",0.153125,2
"156","kr^st;crust",0.161184210526316,2
"157","sIst;cyst",3.56224955143541,2
"158","dIsk;disc",0.340277777777778,2
"159","drIft;drift",0.255208333333333,2
"160","d^st;dust",0.161184210526316,2
"161","f@st;fast",0.278409090909091,2
"162","fist;feast",0.278409090909091,2
"163","fRst;first",0.278409090909091,2
"164","fIst;fist",3.59009046052632,2
"165","fIt;fit",0.361179361179361,2
"166","fIkst;fixed",0.278409090909091,2
"167","fOst;foist",0.278409090909091,2
"168","frIsk;frisk",0.340277777777778,2
"169","gost;ghost",0.255208333333333,2
"170","gIft;gift",0.255208333333333,2
"171","JIst;gist",3.56224955143541,2
"172","grIst;grist",3.390625,2
"173","grIsL;gristle",0.765625,2
"174","grIt;grit",0.84839527027027,2
"175","gEst;guest",0.153125,2
"176","g^st;gust",0.161184210526316,2
"177","hIt;hit",0.0827702702702703,2
"178","host;host",0.255208333333333,2
"179","It;it",0.0827702702702703,2
"180","JEst;jest",0.459375,2
"181","JIlt;jilt",0.30625,2
"182","JOst;joist",0.30625,2
"183","JWst;joust",0.30625,2
"184","J^st;just",0.467434210526316,2
"185","kIt;kit",0.0827702702702703,2
"186","nIt;knit",0.0827702702702703,2
"187","l@st;last",0.161184210526316,2
"188","list;least",0.161184210526316,2
"189","lEst;lest",0.314309210526316,2
"190","lIs|t;licit",0.161184210526316,2
"191","lIft;lift",0.416392543859649,2
"192","lIlt;lilt",0.161184210526316,2
"193","lInt;lint",0.161184210526316,2
"194","lIpt;lipped",0.161184210526316,2
"195","lIsp;lisp",0.161184210526316,2
"196","lIst;list",3.70731534090909,2
"197","lIsN;listen",0.161184210526316,2
"198","lIsts;lists",0.161184210526316,2
"199","lIt;lit",0.243954480796586,2
"200","lcst;lost",0.161184210526316,2
"201","l^st;lust",0.322368421052632,2
"202","m@st;mast",0.19140625,2
"203","mIdst;midst",0.19140625,2
"204","mInt;mint",0.19140625,2
"205","mIs;miss",0.19140625,2
"206","mIsL;missal",0.19140625,2
"207","mIst;mist",3.67709330143541,2
"208","mIstX;mister",0.19140625,2
"209","mIsti;misty",0.19140625,2
"210","mIt;mitt",0.27417652027027,2
"211","mOst;moist",0.19140625,2
"212","most;most",0.446614583333333,2
"213","m^st;must",0.352590460526316,2
"214","nEst;nest",0.153125,2
"215","pEst;pest",0.153125,2
"216","pIt;pit",0.0827702702702703,2
"217","post;post",0.255208333333333,2
"218","r@ft;raft",0.255208333333333,2
"219","r@t;rat",0.0827702702702703,2
"220","ret;rate",0.0827702702702703,2
"221","rIr;rear",0.0827702702702703,2
"222","rIsid;recede",0.6125,2
"223","rIsit;receipt",3.64583333333333,2
"224","rIsiv;receive",0.6125,2
"225","rIsYtL;recital",1.02083333333333,2
"226","rIsYt;recite",3.2375,2
"227","rIfR;refer",0.255208333333333,2
"228","rEnt;rent",0.153125,2
"229","rIpit;repeat",0.6125,2
"230","rEst;rest",3.47889254385965,2
"231","rIb;rib",0.0827702702702703,2
"232","rIC;rich",0.0827702702702703,2
"233","rIk;rick",0.423048048048048,2
"234","rId;rid",0.0827702702702703,2
"235","rIJ;ridge",0.0827702702702703,2
"236","rIft;rift",2.70777027027027,2
"237","rIg;rig",0.0827702702702703,2
"238","rYt;right",0.0827702702702703,2
"239","rIl;rill",0.0827702702702703,2
"240","rIm;rim",0.0827702702702703,2
"241","rIG;ring",0.0827702702702703,2
"242","rIGk;rink",0.340277777777778,2
"243","rIp;rip",0.0827702702702703,2
"244","rIsk;risk",2.625,2
"245","rIske;risque",0.340277777777778,2
"246","rost;roast",3.37680921052632,2
"247","rust;roost",3.19451754385965,2
"248","rut;root",0.52027027027027,2
"249","rat;rot",0.0827702702702703,2
"250","rot;rote",0.337978603603604,2
"251","rWt;rout",0.0827702702702703,2
"252","r^ft;ruffed",0.416392543859649,2
"253","r^nt;runt",0.161184210526316,2
"254","rus;ruse",0.4375,2
"255","r^sk;rusk",0.501461988304093,2
"256","r^s|t;russet",0.161184210526316,2
"257","r^st;rust",3.47083333333333,2
"258","r^sL;rustle",0.161184210526316,2
"259","r^t;rut",0.243954480796586,2
"260","SIft;shift",0.255208333333333,2
"261","SrIft;shrift",0.255208333333333,2
"262","sIft;sift",0.561458333333333,2
"263","sIlt;silt",0.30625,2
"264","sIstX;sister",0.30625,2
"265","sIt;sit",0.38902027027027,2
"266","tIt;teat",0.0827702702702703,2
"267","tEst;test",0.153125,2
"268","TrIft;thrift",0.255208333333333,2
"269","Tr^st;thrust",0.161184210526316,2
"270","tost;toast",0.255208333333333,2
"271","tr^st;trust",0.926809210526316,2
"272","trIst;tryst",3.390625,2
"273","twIst;twist",0.765625,2
"274","vEst;vest",0.153125,2
"275","wEst;west",0.153125,2
"276","wIt;wit",0.0827702702702703,2
"277","rEsL;wrestle",0.153125,2
"278","rIst;wrist",15.0933568100098,2
"279","rIt;writ",2.88020833333333,2
"280","rItN;written",0.0827702702702703,2
"281","rct;wrought",0.0827702702702703,2
"282","zEst;zest",0.153125,2
"283","xrEst;arrest",0.221292489035088,3
"284","xsIst;assist",0.341232468600478,3
"285","bEst;best",0.411479141586666,3
"286","bIsk;bisque",0.50474537037037,3
"287","bIt;bit",0.171537341006656,3
"288","bost;boast",0.513761510388977,3
"289","bust;boost",0.488248720760234,3
"290","brEst;breast",0.237370614035088,3
"291","brIsk;brisk",0.50474537037037,3
"292","b^st;bust",0.388625510865231,3
"293","CEst;chest",0.275120148697246,3
"294","CIt;chit",0.171537341006656,3
"295","kost;coast",0.409860377348042,3
"296","krEst;crest",0.25843201754386,3
"297","kr^st;crust",0.402826206140351,3
"298","sIst;cyst",2.94188810063147,3
"299","dIsk;disc",0.385648148148148,3
"300","drIft;drift",0.33872583521021,3
"301","d^st;dust",0.280784319344763,3
"302","f@st;fast",0.470612103767943,3
"303","fist;feast",0.444471565988836,3
"304","fRst;first",0.415922423245614,3
"305","fIst;fist",2.89914088631189,3
"306","fIt;fit",0.469918262960769,3
"307","fIkst;fixed",0.31198302930622,3
"308","fOst;foist",0.490222849381978,3
"309","frIsk;frisk",0.385648148148148,3
"310","gost;ghost",0.437880484373083,3
"311","gIft;gift",0.358776852510405,3
"312","JIst;gist",2.71922427521065,3
"313","grIst;grist",3.10375708003252,3
"314","grIsL;gristle",0.823046875,3
"315","grIt;grit",0.902368384009009,3
"316","gEst;guest",0.310572430029461,3
"317","g^st;gust",0.313580254829844,3
"318","hIt;hit",0.171537341006656,3
"319","host;host",0.409860377348042,3
"320","It;it",0.171537341006656,3
"321","JEst;jest",0.726702746883051,3
"322","JIlt;jilt",0.40022588965311,3
"323","JOst;joist",0.503795903110048,3
"324","JWst;joust",0.431119530003987,3
"325","J^st;just",0.71886163443647,3
"326","kIt;kit",0.171537341006656,3
"327","nIt;knit",0.171537341006656,3
"328","l@st;last",0.315388351026714,3
"329","list;least",0.296867430472488,3
"330","lEst;lest",0.53405739326463,3
"331","lIs|t;licit",0.184940565191388,3
"332","lIft;lift",0.622968943075851,3
"333","lIlt;lilt",0.382517718002093,3
"334","lInt;lint",0.310159439493321,3
"335","lIpt;lipped",0.261737016247707,3
"336","lIsp;lisp",0.241355038875598,3
"337","lIst;list",3.1901805336334,3
"338","lIsN;listen",0.241355038875598,3
"339","lIsts;lists",0.184940565191388,3
"340","lIt;lit",0.441322770039618,3
"341","lcst;lost",0.254129192832935,3
"342","l^st;lust",0.535255418078814,3
"343","m@st;mast",0.342327178030303,3
"344","mIdst;midst",0.218294706937799,3
"345","mInt;mint",0.249094754261027,3
"346","mIs;miss",0.297282117199623,3
"347","mIsL;missal",0.262956165271132,3
"348","mIst;mist",3.13893495849879,3
"349","mIstX;mister",0.392474394437799,3
"350","mIsti;misty",0.262956165271132,3
"351","mIt;mitt",0.471616602556158,3
"352","mOst;moist",0.361937923644338,3
"353","most;most",0.694597780159046,3
"354","m^st;must",0.56628490497076,3
"355","nEst;nest",0.275120148697246,3
"356","pEst;pest",0.298262904379064,3
"357","pIt;pit",0.171537341006656,3
"358","post;post",0.421982773181375,3
"359","r@ft;raft",0.298604640825036,3
"360","r@t;rat",0.242055846965386,3
"361","ret;rate",0.181863467085507,3
"362","rIr;rear",0.149066877191877,3
"363","rIsid;recede",0.908541666666667,3
"364","rIsit;receipt",3.36700102710459,3
"365","rIsiv;receive",0.908541666666667,3
"366","rIsYtL;recital",1.06166666666667,3
"367","rIsYt;recite",2.85658436043793,3
"368","rIfR;refer",0.234515765765766,3
"369","rEnt;rent",0.195905975877193,3
"370","rIpit;repeat",0.694166666666667,3
"371","rEst;rest",2.66198336679068,3
"372","rIb;rib",0.149066877191877,3
"373","rIC;rich",0.149066877191877,3
"374","rIk;rick",0.517202714077714,3
"375","rId;rid",0.149066877191877,3
"376","rIJ;ridge",0.149066877191877,3
"377","rIft;rift",2.15632649566526,3
"378","rIg;rig",0.149066877191877,3
"379","rYt;right",0.181863467085507,3
"380","rIl;rill",0.149066877191877,3
"381","rIm;rim",0.149066877191877,3
"382","rIG;ring",0.228903958591459,3
"383","rIGk;rink",0.333857776045276,3
"384","rIp;rip",0.149066877191877,3
"385","rIsk;risk",2.30220500132173,3
"386","rIske;risque",0.30625,3
"387","rost;roast",2.42795959968734,3
"388","rust;roost",2.32809981503726,3
"389","rut;root",0.759019801051051,3
"390","rat;rot",0.181863467085507,3
"391","rot;rote",0.438185689801644,3
"392","rWt;rout",0.181863467085507,3
"393","r^ft;ruffed",0.512730361940888,3
"394","r^nt;runt",0.302347454362257,3
"395","rus;ruse",0.483809862494073,3
"396","r^sk;rusk",0.520087719298246,3
"397","r^s|t;russet",0.176228070175439,3
"398","r^st;rust",3.05932672746853,3
"399","r^sL;rustle",0.346829617446394,3
"400","r^t;rut",0.436800739884621,3
"401","SIft;shift",0.412370602510405,3
"402","SrIft;shrift",0.389342154654655,3
"403","sIft;sift",0.748419582935208,3
"404","sIlt;silt",0.501974693144101,3
"405","sIstX;sister",0.385893926933812,3
"406","sIt;sit",0.599227866823005,3
"407","tIt;teat",0.171537341006656,3
"408","tEst;test",0.298262904379064,3
"409","TrIft;thrift",0.33872583521021,3
"410","Tr^st;thrust",0.366626918859649,3
"411","tost;toast",0.421982773181375,3
"412","tr^st;trust",1.06509183114035,3
"413","trIst;tryst",2.96901034728003,3
"414","twIst;twist",0.823046875,3
"415","vEst;vest",0.275120148697246,3
"416","wEst;west",0.275120148697246,3
"417","wIt;wit",0.171537341006656,3
"418","rEsL;wrestle",0.205308388157895,3
"419","rIst;wrist",9.18786919762166,3
"420","rIt;writ",2.31789256565624,3
"421","rItN;written",0.079321509009009,3
"422","rct;wrought",0.181863467085507,3
"423","zEst;zest",0.275120148697246,3
"424","xrEst;arrest",0.246322625074516,4
"425","xsIst;assist",0.308301907624346,4
"426","bEst;best",0.606122782885711,4
"427","bIsk;bisque",0.583234771707739,4
"428","bIt;bit",0.256714143099633,4
"429","bost;boast",0.664709853164081,4
"430","bust;boost",0.464676692022587,4
"431","brEst;breast",0.280443479167274,4
"432","brIsk;brisk",0.583234771707739,4
"433","b^st;bust",0.554127291457875,4
"434","CEst;chest",0.373736681194146,4
"435","CIt;chit",0.256714143099633,4
"436","kost;coast",0.493644466547622,4
"437","krEst;crest",0.33436838073972,4
"438","kr^st;crust",0.550722853756882,4
"439","sIst;cyst",2.45949379894182,4
"440","dIsk;disc",0.412528753189221,4
"441","drIft;drift",0.374574368090483,4
"442","d^st;dust",0.378634000233383,4
"443","f@st;fast",0.589356529745299,4
"444","fist;feast",0.537350622294974,4
"445","fRst;first",0.483590941087338,4
"446","fIst;fist",2.41184466923102,4
"447","fIt;fit",0.516459916266426,4
"448","fIkst;fixed",0.278085692466259,4
"449","fOst;foist",0.622477107023011,4
"450","frIsk;frisk",0.412528753189221,4
"451","gost;ghost",0.553140568528494,4
"452","gIft;gift",0.41444575066225,4
"453","JIst;gist",2.17486213877169,4
"454","grIst;grist",2.74463495908286,4
"455","grIsL;gristle",0.790071551505691,4
"456","grIt;grit",0.857720025720809,4
"457","gEst;guest",0.446652523876666,4
"458","g^st;gust",0.444573181026054,4
"459","hIt;hit",0.256714143099633,4
"460","host;host",0.493644466547622,4
"461","It;it",0.256714143099633,4
"462","JEst;jest",0.867694431743702,4
"463","JIlt;jilt",0.418941695001062,4
"464","JOst;joist",0.600582254066623,4
"465","JWst;joust",0.462690856227209,4
"466","J^st;just",0.850975651506723,4
"467","kIt;kit",0.256714143099633,4
"468","nIt;knit",0.256714143099633,4
"469","l@st;last",0.434631728476668,4
"470","list;least",0.39336285688659,4
"471","lEst;lest",0.698906620541424,4
"472","lIs|t;licit",0.173015136586015,4
"473","lIft;lift",0.753811928216776,4
"474","lIlt;lilt",0.534394922789244,4
"475","lInt;lint",0.409213554464274,4
"476","lIpt;lipped",0.336106803829226,4
"477","lIsp;lisp",0.274413742297738,4
"478","lIst;list",2.84085989961842,4
"479","lIsN;listen",0.274413742297738,4
"480","lIsts;lists",0.173015136586015,4
"481","lIt;lit",0.606790174756904,4
"482","lcst;lost",0.317371812914799,4
"483","l^st;lust",0.696321225658956,4
"484","m@st;mast",0.452537849744683,4
"485","mIdst;midst",0.202816816515662,4
"486","mInt;mint",0.26887532501535,4
"487","mIs;miss",0.339180923800938,4
"488","mIsL;missal",0.285581081362241,4
"489","mIst;mist",2.78453139637112,4
"490","mIstX;mister",0.482168255037392,4
"491","mIsti;misty",0.307792612717815,4
"492","mIt;mitt",0.60015766236533,4
"493","mOst;moist",0.485658427022394,4
"494","most;most",0.834982657850832,4
"495","m^st;must",0.721096746379027,4
"496","nEst;nest",0.373736681194146,4
"497","pEst;pest",0.417711976956138,4
"498","pIt;pit",0.256714143099633,4
"499","post;post",0.518742399801167,4
"500","r@ft;raft",0.304093264453952,4
"501","r@t;rat",0.36132217495184,4
"502","ret;rate",0.276389017754072,4
"503","rIr;rear",0.205662784524646,4
"504","rIsid;recede",1.06193222712798,4
"505","rIsit;receipt",3.20050176962951,4
"506","rIsiv;receive",1.06193222712798,4
"507","rIsYtL;recital",0.98503635076885,4
"508","rIsYt;recite",2.47349139598864,4
"509","rIfR;refer",0.19614044197687,4
"510","rEnt;rent",0.204852015114226,4
"511","rIpit;repeat",0.679630143794643,4
"512","rEst;rest",2.18208154953336,4
"513","rIb;rib",0.205662784524646,4
"514","rIC;rich",0.205662784524646,4
"515","rIk;rick",0.554700769417227,4
"516","rId;rid",0.205662784524646,4
"517","rIJ;ridge",0.205662784524646,4
"518","rIft;rift",1.86835681585551,4
"519","rIg;rig",0.205662784524646,4
"520","rYt;right",0.276389017754072,4
"521","rIl;rill",0.205662784524646,4
"522","rIm;rim",0.205662784524646,4
"523","rIG;ring",0.303647399773703,4
"524","rIGk;rink",0.320419829634985,4
"525","rIp;rip",0.205662784524646,4
"526","rIsk;risk",2.03961064682771,4
"527","rIske;risque",0.27093538899169,4
"528","rost;roast",1.86976300668704,4
"529","rust;roost",1.75098989179387,4
"530","rut;root",0.817523027582374,4
"531","rat;rot",0.276389017754072,4
"532","rot;rote",0.478388599260099,4
"533","rWt;rout",0.276389017754072,4
"534","r^ft;ruffed",0.540382122023034,4
"535","r^nt;runt",0.369245659025143,4
"536","rus;ruse",0.426254200318833,4
"537","r^sk;rusk",0.528725652846443,4
"538","r^s|t;russet",0.16558045838042,4
"539","r^st;rust",2.82006790628504,4
"540","r^sL;rustle",0.40997265958656,4
"541","r^t;rut",0.57894018527565,4
"542","SIft;shift",0.503712817564678,4
"543","SrIft;shrift",0.458392299426425,4
"544","sIft;sift",0.821707403943374,4
"545","sIlt;silt",0.589220565173729,4
"546","sIstX;sister",0.4132777038265,4
"547","sIt;sit",0.719092290103133,4
"548","tIt;teat",0.256714143099633,4
"549","tEst;test",0.417711976956138,4
"550","TrIft;thrift",0.374574368090483,4
"551","Tr^st;thrust",0.479585769509806,4
"552","tost;toast",0.518742399801167,4
"553","tr^st;trust",1.10785726458571,4
"554","trIst;tryst",2.59835375353521,4
"555","twIst;twist",0.766490873274006,4
"556","vEst;vest",0.373736681194146,4
"557","wEst;west",0.373736681194146,4
"558","wIt;wit",0.256714143099633,4
"559","rEsL;wrestle",0.235688845022534,4
"560","rIst;wrist",6.72166211114481,4
"561","rIt;writ",2.08381396169151,4
"562","rItN;written",0.067648474215118,4
"563","rct;wrought",0.276389017754072,4
"564","zEst;zest",0.373736681194146,4
"565","xrEst;arrest",0.257861717239746,5
"566","xsIst;assist",0.264655138213231,5
"567","bEst;best",0.741003570816342,5
"568","bIsk;bisque",0.614079992169176,5
"569","bIt;bit",0.334159881182661,5
"570","bost;boast",0.746851522518864,5
"571","bust;boost",0.432416205711261,5
"572","brEst;breast",0.304781373665354,5
"573","brIsk;brisk",0.614079992169176,5
"574","b^st;bust",0.663699805392836,5
"575","CEst;chest",0.45576571781283,5
"576","CIt;chit",0.334159881182661,5
"577","kost;coast",0.539994209293085,5
"578","krEst;crest",0.379612755901365,5
"579","kr^st;crust",0.633406928930577,5
"580","sIst;cyst",2.12070917810261,5
"581","dIsk;disc",0.418483122997394,5
"582","drIft;drift",0.388979129639454,5
"583","d^st;dust",0.453842799973768,5
"584","f@st;fast",0.659027069611345,5
"585","fist;feast",0.586587550044125,5
"586","fRst;first",0.515167984809411,5
"587","fIst;fist",2.09023861513029,5
"588","fIt;fit",0.553564710968814,5
"589","fIkst;fixed",0.236906732145488,5
"590","fOst;foist",0.695567999588098,5
"591","frIsk;frisk",0.418483122997394,5
"592","gost;ghost",0.627136116179442,5
"593","gIft;gift",0.444641557616055,5
"594","JIst;gist",1.84751605144445,5
"595","grIst;grist",2.42542720701237,5
"596","grIsL;gristle",0.717332583291208,5
"597","grIt;grit",0.777050632939097,5
"598","gEst;guest",0.559295391008531,5
"599","g^st;gust",0.545970932301003,5
"600","hIt;hit",0.334159881182661,5
"601","host;host",0.539994209293085,5
"602","It;it",0.334159881182661,5
"603","JEst;jest",0.950091354312066,5
"604","JIlt;jilt",0.413853229617583,5
"605","JOst;joist",0.642729107165907,5
"606","JWst;joust",0.461176238643464,5
"607","J^st;just",0.923922552453786,5
"608","kIt;kit",0.334159881182661,5
"609","nIt;knit",0.334159881182661,5
"610","l@st;last",0.521820024760404,5
"611","list;least",0.460684945675077,5
"612","lEst;lest",0.829284948459597,5
"613","lIs|t;licit",0.156567800435431,5
"614","lIft;lift",0.836846281923022,5
"615","lIlt;lilt",0.622249423801966,5
"616","lInt;lint",0.472886558774912,5
"617","lIpt;lipped",0.388903586565557,5
"618","lIsp;lisp",0.283032191953155,5
"619","lIst;list",2.61949000053861,5
"620","lIsN;listen",0.283032191953155,5
"621","lIsts;lists",0.156567800435431,5
"622","lIt;lit",0.740937466506568,5
"623","lcst;lost",0.364118824857607,5
"624","l^st;lust",0.81803956763907,5
"625","m@st;mast",0.530078220276791,5
"626","mIdst;midst",0.182668293545935,5
"627","mInt;mint",0.27648432517849,5
"628","mIs;miss",0.349787801936785,5
"629","mIsL;missal",0.286639788553461,5
"630","mIst;mist",2.55534478014351,5
"631","mIstX;mister",0.518848335892964,5
"632","mIsti;misty",0.326666958581973,5
"633","mIt;mitt",0.688462148459417,5
"634","mOst;moist",0.566619150253543,5
"635","most;most",0.920381106421018,5
"636","m^st;must",0.834693559190606,5
"637","nEst;nest",0.45576571781283,5
"638","pEst;pest",0.513764977883641,5
"639","pIt;pit",0.334159881182661,5
"640","post;post",0.575864607930417,5
"641","r@ft;raft",0.301161509590944,5
"642","r@t;rat",0.445542778343919,5
"643","ret;rate",0.352903364788867,5
"644","rIr;rear",0.253404664635986,5
"645","rIsid;recede",1.13832619538132,5
"646","rIsit;receipt",3.05046490029462,5
"647","rIsiv;receive",1.13832619538132,5
"648","rIsYtL;recital",0.872658897628003,5
"649","rIsYt;recite",2.1737158294455,5
"650","rIfR;refer",0.167829613517966,5
"651","rEnt;rent",0.202446449097336,5
"652","rIpit;repeat",0.651959290886524,5
"653","rEst;rest",1.94707467706328,5
"654","rIb;rib",0.253404664635986,5
"655","rIC;rich",0.253404664635986,5
"656","rIk;rick",0.574736199434602,5
"657","rId;rid",0.253404664635986,5
"658","rIJ;ridge",0.253404664635986,5
"659","rIft;rift",1.71677855304243,5
"660","rIg;rig",0.253404664635986,5
"661","rYt;right",0.352903364788867,5
"662","rIl;rill",0.253404664635986,5
"663","rIm;rim",0.253404664635986,5
"664","rIG;ring",0.352939542881211,5
"665","rIGk;rink",0.30234360048807,5
"666","rIp;rip",0.253404664635986,5
"667","rIsk;risk",1.88455948661543,5
"668","rIske;risque",0.239917000339662,5
"669","rost;roast",1.57605371064272,5
"670","rust;roost",1.39124087039031,5
"671","rut;root",0.809004257967098,5
"672","rat;rot",0.352903364788867,5
"673","rot;rote",0.510582469618973,5
"674","rWt;rout",0.352903364788867,5
"675","r^ft;ruffed",0.544343952360824,5
"676","r^nt;runt",0.3957941495411,5
"677","rus;ruse",0.35499944193937,5
"678","r^sk;rusk",0.516811605385559,5
"679","r^s|t;russet",0.153571376166733,5
"680","r^st;rust",2.69229756157955,5
"681","r^sL;rustle",0.432749451283965,5
"682","r^t;rut",0.67556285390592,5
"683","SIft;shift",0.553648541993247,5
"684","SrIft;shrift",0.491826336987446,5
"685","sIft;sift",0.84329305231421,5
"686","sIlt;silt",0.613754318010234,5
"687","sIstX;sister",0.408653803249269,5
"688","sIt;sit",0.792062292280112,5
"689","tIt;teat",0.334159881182661,5
"690","tEst;test",0.513764977883641,5
"691","TrIft;thrift",0.388979129639454,5
"692","Tr^st;thrust",0.538024490215502,5
"693","tost;toast",0.575864607930417,5
"694","tr^st;trust",1.09924617052339,5
"695","trIst;tryst",2.28430859385695,5
"696","twIst;twist",0.684659168850863,5
"697","vEst;vest",0.45576571781283,5
"698","wEst;west",0.45576571781283,5
"699","wIt;wit",0.334159881182661,5
"700","rEsL;wrestle",0.242739794977292,5
"701","rIst;wrist",5.45259830903299,5
"702","rIt;writ",2.02473555718116,5
"703","rItN;written",0.0597180496478883,5
"704","rct;wrought",0.352903364788867,5
"705","zEst;zest",0.45576571781283,5
"706","xrEst;arrest",0.265275101543315,6
"707","xsIst;assist",0.227846183931152,6
"708","bEst;best",0.83904929476209,6
"709","bIsk;bisque",0.62055527116496,6
"710","bIt;bit",0.403764981803737,6
"711","bost;boast",0.793988130321693,6
"712","bust;boost",0.407329817941824,6
"713","brEst;breast",0.320762158740263,6
"714","brIsk;brisk",0.62055527116496,6
"715","b^st;bust",0.73671343544546,6
"716","CEst;chest",0.526144553605181,6
"717","CIt;chit",0.403764981803737,6
"718","kost;coast",0.568337023388406,6
"719","krEst;crest",0.40638212744452,6
"720","kr^st;crust",0.673551348683913,6
"721","sIst;cyst",1.87860416104481,6
"722","dIsk;disc",0.415407117364337,6
"723","drIft;drift",0.393670560374654,6
"724","d^st;dust",0.509896493917245,6
"725","f@st;fast",0.698174021290705,6
"726","fist;feast",0.610928515356111,6
"727","fRst;first",0.527723928454802,6
"728","fIst;fist",1.87552808089919,6
"729","fIt;fit",0.592916604161716,6
"730","fIkst;fixed",0.204087204242846,6
"731","fOst;foist",0.73193936031038,6
"732","frIsk;frisk",0.415407117364337,6
"733","gost;ghost",0.677590125149026,6
"734","gIft;gift",0.460466028139002,6
"735","JIst;gist",1.64384351203588,6
"736","grIst;grist",2.1400338718814,6
"737","grIsL;gristle",0.639649536214528,6
"738","grIt;grit",0.695870758947457,6
"739","gEst;guest",0.652640532902887,6
"740","g^st;gust",0.621603962852997,6
"741","hIt;hit",0.403764981803737,6
"742","host;host",0.568337023388406,6
"743","It;it",0.403764981803737,6
"744","JEst;jest",1.00879952751029,6
"745","JIlt;jilt",0.401632639388016,6
"746","JOst;joist",0.659118040201343,6
"747","JWst;joust",0.451676232903168,6
"748","J^st;just",0.968548792054061,6
"749","kIt;kit",0.403764981803737,6
"750","nIt;knit",0.403764981803737,6
"751","l@st;last",0.584843976616515,6
"752","list;least",0.50833218489076,6
"753","lEst;lest",0.936392183938206,6
"754","lIs|t;licit",0.143477866466262,6
"755","lIft;lift",0.88801497803167,6
"756","lIlt;lilt",0.669192591176166,6
"757","lInt;lint",0.513460226633953,6
"758","lIpt;lipped",0.424475922167393,6
"759","lIsp;lisp",0.280478451105184,6
"760","lIst;list",2.47529023278048,6
"761","lIsN;listen",0.280478451105184,6
"762","lIsts;lists",0.143477866466262,6
"763","lIt;lit",0.84841436047201,6
"764","lcst;lost",0.400010033154702,6
"765","l^st;lust",0.909740745267499,6
"766","m@st;mast",0.582992117590182,6
"767","mIdst;midst",0.166596822195059,6
"768","mInt;mint",0.280031949203665,6
"769","mIs;miss",0.347176819701125,6
"770","mIsL;missal",0.279405424482567,6
"771","mIst;mist",2.39723953022041,6
"772","mIstX;mister",0.524813101540102,6
"773","mIsti;misty",0.330861033414229,6
"774","mIt;mitt",0.755855164487881,6
"775","mOst;moist",0.616757456609856,6
"776","most;most",0.976055716520341,6
"777","m^st;must",0.916985566667957,6
"778","nEst;nest",0.526144553605181,6
"779","pEst;pest",0.592966134062182,6
"780","pIt;pit",0.403764981803737,6
"781","post;post",0.612679034424881,6
"782","r@ft;raft",0.297890016286015,6
"783","r@t;rat",0.506110552825385,6
"784","ret;rate",0.411787664854812,6
"785","rIr;rear",0.294868692133882,6
"786","rIsid;recede",1.1669771130391,6
"787","rIsit;receipt",2.91409084670002,6
"788","rIsiv;receive",1.1669771130391,6
"789","rIsYtL;recital",0.768998029492351,6
"790","rIsYt;recite",1.92859223923469,6
"791","rIfR;refer",0.150494299649532,6
"792","rEnt;rent",0.198145524596108,6
"793","rIpit;repeat",0.622652873307204,6
"794","rEst;rest",1.83894643243457,6
"795","rIb;rib",0.294868692133882,6
"796","rIC;rich",0.294868692133882,6
"797","rIk;rick",0.593570259216545,6
"798","rId;rid",0.294868692133882,6
"799","rIJ;ridge",0.294868692133882,6
"800","rIft;rift",1.62818407211653,6
"801","rIg;rig",0.294868692133882,6
"802","rYt;right",0.411787664854812,6
"803","rIl;rill",0.294868692133882,6
"804","rIm;rim",0.294868692133882,6
"805","rIG;ring",0.390813607105855,6
"806","rIGk;rink",0.288815402922512,6
"807","rIp;rip",0.294868692133882,6
"808","rIsk;risk",1.7734533198726,6
"809","rIske;risque",0.218551949060877,6
"810","rost;roast",1.42197138806167,6
"811","rust;roost",1.16660215727373,6
"812","rut;root",0.787957774866309,6
"813","rat;rot",0.411787664854812,6
"814","rot;rote",0.542735129368253,6
"815","rWt;rout",0.411787664854812,6
"816","r^ft;ruffed",0.541581339684604,6
"817","r^nt;runt",0.404400398684882,6
"818","rus;ruse",0.297106008764203,6
"819","r^sk;rusk",0.501785112704361,6
"820","r^s|t;russet",0.145261323013477,6
"821","r^st;rust",2.61564819474877,6
"822","r^sL;rustle",0.434563048380662,6
"823","r^t;rut",0.741287757592659,6
"824","SIft;shift",0.579539209128718,6
"825","SrIft;shrift",0.506727706401175,6
"826","sIft;sift",0.842572416175708,6
"827","sIlt;silt",0.610348664346562,6
"828","sIstX;sister",0.392110395150322,6
"829","sIt;sit",0.843180756437128,6
"830","tIt;teat",0.403764981803737,6
"831","tEst;test",0.592966134062182,6
"832","TrIft;thrift",0.393670560374654,6
"833","Tr^st;thrust",0.563811549632552,6
"834","tost;toast",0.612679034424881,6
"835","tr^st;trust",1.06510302552524,6
"836","trIst;tryst",2.01992301344164,6
"837","twIst;twist",0.605151754580226,6
"838","vEst;vest",0.526144553605181,6
"839","wEst;west",0.526144553605181,6
"840","wIt;wit",0.403764981803737,6
"841","rEsL;wrestle",0.241944424156661,6
"842","rIst;wrist",4.69676966498717,6
"843","rIt;writ",2.03481817238626,6
"844","rItN;written",0.0562212227329289,6
"845","rct;wrought",0.411787664854812,6
"846","zEst;zest",0.526144553605181,6
"847","xrEst;arrest",0.271195905680541,7
"848","xsIst;assist",0.199856146452483,7
"849","bEst;best",0.916148777345548,7
"850","bIsk;bisque",0.61429056057781,7
"851","bIt;bit",0.466153128727077,7
"852","bost;boast",0.824583382216268,7
"853","bust;boost",0.390893897855983,7
"854","brEst;breast",0.332761802509084,7
"855","brIsk;brisk",0.61429056057781,7
"856","b^st;bust",0.787155806805046,7
"857","CEst;chest",0.587655863705663,7
"858","CIt;chit",0.466153128727077,7
"859","kost;coast",0.587895231156596,7
"860","krEst;crest",0.422180150861237,7
"861","kr^st;crust",0.687497320744801,7
"862","sIst;cyst",1.7028860665002,7
"863","dIsk;disc",0.407353623360105,7
"864","drIft;drift",0.393612385026819,7
"865","d^st;dust",0.550905212906314,7
"866","f@st;fast",0.718578743066353,7
"867","fist;feast",0.621134011810118,7
"868","fRst;first",0.530045518839402,7
"869","fIst;fist",1.72802268098302,7
"870","fIt;fit",0.63434576352059,7
"871","fIkst;fixed",0.180577948239166,7
"872","fOst;foist",0.747121051800761,7
"873","frIsk;frisk",0.407353623360105,7
"874","gost;ghost",0.714335939135927,7
"875","gIft;gift",0.467577775168775,7
"876","JIst;gist",1.51009539215319,7
"877","grIst;grist",1.89228980274168,7
"878","grIsL;gristle",0.566400788443604,7
"879","grIt;grit",0.621763715281601,7
"880","gEst;guest",0.731036202020457,7
"881","g^st;gust",0.67735866784693,7
"882","hIt;hit",0.466153128727077,7
"883","host;host",0.587895231156596,7
"884","It;it",0.466153128727077,7
"885","JEst;jest",1.0576648774664,7
"886","JIlt;jilt",0.387926909785052,7
"887","JOst;joist",0.664071487362594,7
"888","JWst;joust",0.442344747131216,7
"889","J^st;just",0.998277213768456,7
"890","kIt;kit",0.466153128727077,7
"891","nIt;knit",0.466153128727077,7
"892","l@st;last",0.630284056307559,7
"893","list;least",0.542570104161314,7
"894","lEst;lest",1.02612364096431,7
"895","lIs|t;licit",0.134238263252844,7
"896","lIft;lift",0.91779455987366,7
"897","lIlt;lilt",0.692507821829753,7
"898","lInt;lint",0.538981371092544,7
"899","lIpt;lipped",0.447422355608913,7
"900","lIsp;lisp",0.273505896531335,7
"901","lIst;list",2.37703930458385,7
"902","lIsN;listen",0.273505896531335,7
"903","lIsts;lists",0.134238263252844,7
"904","lIt;lit",0.934807558125315,7
"905","lcst;lost",0.427847483419571,7
"906","l^st;lust",0.978407104955237,7
"907","m@st;mast",0.617971560980178,7
"908","mIdst;midst",0.154858276105661,7
"909","mInt;mint",0.281861170761882,7
"910","mIs;miss",0.339892837372724,7
"911","mIsL;missal",0.269708781388842,7
"912","mIst;mist",2.28013077148408,7
"913","mIstX;mister",0.515363159906766,7
"914","mIsti;misty",0.326593929830769,7
"915","mIt;mitt",0.811680653605462,7
"916","mOst;moist",0.646513869714586,7
"917","most;most",1.01397090769975,7
"918","m^st;must",0.97529351896477,7
"919","nEst;nest",0.587655863705663,7
"920","pEst;pest",0.660203988339825,7
"921","pIt;pit",0.466153128727077,7
"922","post;post",0.63901181244783,7
"923","r@ft;raft",0.295593535346224,7
"924","r@t;rat",0.551353056182851,7
"925","ret;rate",0.456948328534011,7
"926","rIr;rear",0.331831074109952,7
"927","rIsid;recede",1.16650784201342,7
"928","rIsit;receipt",2.78245677311704,7
"929","rIsiv;receive",1.16650784201342,7
"930","rIsYtL;recital",0.680704264669134,7
"931","rIsYt;recite",1.73033268379624,7
"932","rIfR;refer",0.140125694101657,7
"933","rEnt;rent",0.194576852283897,7
"934","rIpit;repeat",0.594768580530164,7
"935","rEst;rest",1.79525268986018,7
"936","rIb;rib",0.331831074109952,7
"937","rIC;rich",0.331831074109952,7
"938","rIk;rick",0.613569958950319,7
"939","rId;rid",0.331831074109952,7
"940","rIJ;ridge",0.331831074109952,7
"941","rIft;rift",1.57054291651317,7
"942","rIg;rig",0.331831074109952,7
"943","rYt;right",0.456948328534011,7
"944","rIl;rill",0.331831074109952,7
"945","rIm;rim",0.331831074109952,7
"946","rIG;ring",0.423971720186566,7
"947","rIGk;rink",0.279338814999851,7
"948","rIp;rip",0.331831074109952,7
"949","rIsk;risk",1.68731840432215,7
"950","rIske;risque",0.203500842930576,7
"951","rost;roast",1.33873537081102,7
"952","rust;roost",1.02455435095189,7
"953","rut;root",0.772331842329519,7
"954","rat;rot",0.456948328534011,7
"955","rot;rote",0.573217369291237,7
"956","rWt;rout",0.456948328534011,7
"957","r^ft;ruffed",0.537337318330665,7
"958","r^nt;runt",0.406100212751842,7
"959","rus;ruse",0.255934785848126,7
"960","r^sk;rusk",0.4862348227681,7
"961","r^s|t;russet",0.139944383026366,7
"962","r^st;rust",2.56102595661524,7
"963","r^sL;rustle",0.428498642055704,7
"964","r^t;rut",0.787541943432523,7
"965","SIft;shift",0.5914231437322,7
"966","SrIft;shrift",0.511844133580009,7
"967","sIft;sift",0.832374267262321,7
"968","sIlt;silt",0.596386831930288,7
"969","sIstX;sister",0.371591800177591,7
"970","sIt;sit",0.884038240250089,7
"971","tIt;teat",0.466153128727077,7
"972","tEst;test",0.660203988339825,7
"973","TrIft;thrift",0.393612385026819,7
"974","Tr^st;thrust",0.569773966498691,7
"975","tost;toast",0.63901181244783,7
"976","tr^st;trust",1.01881093539946,7
"977","trIst;tryst",1.795965762128,7
"978","twIst;twist",0.535032053726355,7
"979","vEst;vest",0.587655863705663,7
"980","wEst;west",0.587655863705663,7
"981","wIt;wit",0.466153128727077,7
"982","rEsL;wrestle",0.238344497004363,7
"983","rIst;wrist",4.18874506602158,7
"984","rIt;writ",2.07266609212369,7
"985","rItN;written",0.055362926837997,7
"986","rct;wrought",0.456948328534011,7
"987","zEst;zest",0.587655863705663,7
"988","xrEst;arrest",0.276307457689075,8
"989","xsIst;assist",0.179158868590759,8
"990","bEst;best",0.980881592279742,8
"991","bIsk;bisque",0.601431276375925,8
"992","bIt;bit",0.522121582086075,8
"993","bost;boast",0.847342179189508,8
"994","bust;boost",0.381421280234751,8
"995","brEst;breast",0.3425765655668,8
"996","brIsk;brisk",0.601431276375925,8
"997","b^st;bust",0.823334588288542,8
"998","CEst;chest",0.642107231824225,8
"999","CIt;chit",0.522121582086075,8
"1000","kost;coast",0.60288377635866,8
"1001","krEst;crest",0.4313122806317,8
"1002","kr^st;crust",0.685723483044056,8
"1003","sIst;cyst",1.57249071605103,8
"1004","dIsk;disc",0.396776427034576,8
"1005","drIft;drift",0.391114332187406,8
"1006","d^st;dust",0.580529486208628,8
"1007","f@st;fast",0.727544640524336,8
"1008","fist;feast",0.6233614039255,8
"1009","fRst;first",0.52693580640532,8
"1010","fIst;fist",1.62274084536058,8
"1011","fIt;fit",0.675927717132324,8
"1012","fIkst;fixed",0.164138464170669,8
"1013","fOst;foist",0.750553934372872,8
"1014","frIsk;frisk",0.396776427034576,8
"1015","gost;ghost",0.742678421173032,8
"1016","gIft;gift",0.469309024186148,8
"1017","JIst;gist",1.41742288796724,8
"1018","grIst;grist",1.67933639809243,8
"1019","grIsL;gristle",0.501070952012874,8
"1020","grIt;grit",0.556892431807154,8
"1021","gEst;guest",0.797982473122778,8
"1022","g^st;gust",0.718391863827173,8
"1023","hIt;hit",0.522121582086075,8
"1024","host;host",0.60288377635866,8
"1025","It;it",0.522121582086075,8
"1026","JEst;jest",1.10161994392794,8
"1027","JIlt;jilt",0.374829689039454,8
"1028","JOst;joist",0.664166294496479,8
"1029","JWst;joust",0.435122207694615,8
"1030","J^st;just",1.01908366568197,8
"1031","kIt;kit",0.522121582086075,8
"1032","nIt;knit",0.522121582086075,8
"1033","l@st;last",0.662944890743587,8
"1034","list;least",0.56738715809297,8
"1035","lEst;lest",1.1022152393299,8
"1036","lIs|t;licit",0.127846611249995,8
"1037","lIft;lift",0.933515980392233,8
"1038","lIlt;lilt",0.702595852573134,8
"1039","lInt;lint",0.55466471066517,8
"1040","lIpt;lipped",0.461671429684524,8
"1041","lIsp;lisp",0.26535396501951,8
"1042","lIst;list",2.30627738611206,8
"1043","lIsN;listen",0.26535396501951,8
"1044","lIsts;lists",0.127846611249995,8
"1045","lIt;lit",1.00519506225709,8
"1046","lcst;lost",0.449412808023778,8
"1047","l^st;lust",1.02948499870835,8
"1048","m@st;mast",0.640232367728289,8
"1049","mIdst;midst",0.146213204084127,8
"1050","mInt;mint",0.282706261037029,8
"1051","mIs;miss",0.331632674545579,8
"1052","mIsL;missal",0.259976684389383,8
"1053","mIst;mist",2.18801012014252,8
"1054","mIstX;mister",0.498729674727384,8
"1055","mIsti;misty",0.317985304179905,8
"1056","mIt;mitt",0.860201020523493,8
"1057","mOst;moist",0.663241661576825,8
"1058","most;most",1.04052014886588,8
"1059","m^st;must",1.01565214943693,8
"1060","nEst;nest",0.642107231824225,8
"1061","pEst;pest",0.718669585719651,8
"1062","pIt;pit",0.522121582086075,8
"1063","post;post",0.659606639592328,8
"1064","r@ft;raft",0.294115002566228,8
"1065","r@t;rat",0.586506023792122,8
"1066","ret;rate",0.492267068963506,8
"1067","rIr;rear",0.365464173241682,8
"1068","rIsid;recede",1.14777404554511,8
"1069","rIsit;receipt",2.65463241723985,8
"1070","rIsiv;receive",1.14777404554511,8
"1071","rIsYtL;recital",0.60795557228653,8
"1072","rIsYt;recite",1.5683943352821,8
"1073","rIfR;refer",0.133652711693765,8
"1074","rEnt;rent",0.192274437061848,8
"1075","rIpit;repeat",0.567974522395434,8
"1076","rEst;rest",1.78402459275035,8
"1077","rIb;rib",0.365464173241682,8
"1078","rIC;rich",0.365464173241682,8
"1079","rIk;rick",0.634478911911702,8
"1080","rId;rid",0.365464173241682,8
"1081","rIJ;ridge",0.365464173241682,8
"1082","rIft;rift",1.52842541056931,8
"1083","rIg;rig",0.365464173241682,8
"1084","rYt;right",0.492267068963506,8
"1085","rIl;rill",0.365464173241682,8
"1086","rIm;rim",0.365464173241682,8
"1087","rIG;ring",0.454670263118321,8
"1088","rIGk;rink",0.272807586474245,8
"1089","rIp;rip",0.365464173241682,8
"1090","rIsk;risk",1.61539240382575,8
"1091","rIske;risque",0.192286128770895,8
"1092","rost;roast",1.29185812434443,8
"1093","rust;roost",0.933036227713123,8
"1094","rut;root",0.765306768830412,8
"1095","rat;rot",0.492267068963506,8
"1096","rot;rote",0.600655887523575,8
"1097","rWt;rout",0.492267068963506,8
"1098","r^ft;ruffed",0.533149095683688,8
"1099","r^nt;runt",0.405452721266738,8
"1100","rus;ruse",0.22838426081605,8
"1101","r^sk;rusk",0.471442927077115,8
"1102","r^s|t;russet",0.136336902783208,8
"1103","r^st;rust",2.51530895754484,8
"1104","r^sL;rustle",0.41977854642276,8
"1105","r^t;rut",0.821693981958638,8
"1106","SIft;shift",0.595062228663705,8
"1107","SrIft;shrift",0.511653263338961,8
"1108","sIft;sift",0.818709509878711,8
"1109","sIlt;silt",0.579799235104094,8
"1110","sIstX;sister",0.350930968686537,8
"1111","sIt;sit",0.919844603468828,8
"1112","tIt;teat",0.522121582086075,8
"1113","tEst;test",0.718669585719651,8
"1114","TrIft;thrift",0.391114332187406,8
"1115","Tr^st;thrust",0.563889722650152,8
"1116","tost;toast",0.659606639592328,8
"1117","tr^st;trust",0.967550166847572,8
"1118","trIst;tryst",1.60601239205999,8
"1119","twIst;twist",0.474803624490307,8
"1120","vEst;vest",0.642107231824225,8
"1121","wEst;west",0.642107231824225,8
"1122","wIt;wit",0.522121582086075,8
"1123","rEsL;wrestle",0.234320209726079,8
"1124","rIst;wrist",3.81736036495618,8
"1125","rIt;writ",2.12053653806114,8
"1126","rItN;written",0.0558214797942798,8
"1127","rct;wrought",0.492267068963506,8
"1128","zEst;zest",0.642107231824225,8
"1129","xrEst;arrest",0.280763646137722,9
"1130","xsIst;assist",0.163822010700799,9
"1131","bEst;best",1.03750681457516,9
"1132","bIsk;bisque",0.585276728271264,9
"1133","bIt;bit",0.572432946731295,9
"1134","bost;boast",0.866108090302673,9
"1135","bust;boost",0.376855568336056,9
"1136","brEst;breast",0.350939693960688,9
"1137","brIsk;brisk",0.585276728271264,9
"1138","b^st;bust",0.850038721697388,9
"1139","CEst;chest",0.690736901243789,9
"1140","CIt;chit",0.572432946731295,9
"1141","kost;coast",0.615235811368684,9
"1142","krEst;crest",0.436258793570123,9
"1143","kr^st;crust",0.674761519223689,9
"1144","sIst;cyst",1.47345830880223,9
"1145","dIsk;disc",0.385008524006758,9
"1146","drIft;drift",0.387291780534145,9
"1147","d^st;dust",0.60166873476967,9
"1148","f@st;fast",0.729565972336908,9
"1149","fist;feast",0.621127516003714,9
"1150","fRst;first",0.521061498732119,9
"1151","fIst;fist",1.54444178602229,9
"1152","fIt;fit",0.716157966946903,9
"1153","fIkst;fixed",0.152506865774147,9
"1154","fOst;foist",0.747660339108366,9
"1155","frIsk;frisk",0.385008524006758,9
"1156","gost;ghost",0.765526280345696,9
"1157","gIft;gift",0.467737317681462,9
"1158","JIst;gist",1.350107118113,9
"1159","grIst;grist",1.49752462154658,9
"1160","grIsL;gristle",0.444205155270038,9
"1161","grIt;grit",0.501069858036505,9
"1162","gEst;guest",0.856015721204181,9
"1163","g^st;gust",0.74862876424468,9
"1164","hIt;hit",0.572432946731295,9
"1165","host;host",0.615235811368684,9
"1166","It;it",0.572432946731295,9
"1167","JEst;jest",1.14223106624943,9
"1168","JIlt;jilt",0.36309998704143,9
"1169","JOst;joist",0.662303483695048,9
"1170","JWst;joust",0.429987119471722,9
"1171","J^st;just",1.03388855898377,9
"1172","kIt;kit",0.572432946731295,9
"1173","nIt;knit",0.572432946731295,9
"1174","l@st;last",0.686273125768575,9
"1175","list;least",0.585401738856999,9
"1176","lEst;lest",1.16729700267575,9
"1177","lIs|t;licit",0.12332209760018,9
"1178","lIft;lift",0.940185186937952,9
"1179","lIlt;lilt",0.705421624317064,9
"1180","lInt;lint",0.563923624642579,9
"1181","lIpt;lipped",0.470137728861515,9
"1182","lIsp;lisp",0.257448191487862,9
"1183","lIst;list",2.25235471960991,9
"1184","lIsN;listen",0.257448191487862,9
"1185","lIsts;lists",0.12332209760018,9
"1186","lIt;lit",1.06355769175444,9
"1187","lcst;lost",0.466016212607522,9
"1188","l^st;lust",1.06716862842901,9
"1189","m@st;mast",0.65365861308566,9
"1190","mIdst;midst",0.139589403981473,9
"1191","mInt;mint",0.282881998626183,9
"1192","mIs;miss",0.323840879304096,9
"1193","mIsL;missal",0.251099405467018,9
"1194","mIst;mist",2.11230822672774,9
"1195","mIstX;mister",0.479465040677705,9
"1196","mIsti;misty",0.307491291446596,9
"1197","mIt;mitt",0.903408417042198,9
"1198","mOst;moist",0.671752979857117,9
"1199","most;most",1.05949324549494,9
"1200","m^st;must",1.04285065474127,9
"1201","nEst;nest",0.690736901243789,9
"1202","pEst;pest",0.770360165174337,9
"1203","pIt;pit",0.572432946731295,9
"1204","post;post",0.676747859510635,9
"1205","r@ft;raft",0.29308894478091,9
"1206","r@t;rat",0.614813494292648,9
"1207","ret;rate",0.52068295688023,9
"1208","rIr;rear",0.396498680114627,9
"1209","rIsid;recede",1.1177016680179,9
"1210","rIsit;receipt",2.53038191692966,9
"1211","rIsiv;receive",1.1177016680179,9
"1212","rIsYtL;recital",0.548345349918448,9
"1213","rIsYt;recite",1.43474525556561,9
"1214","rIfR;refer",0.129253962458006,9
"1215","rEnt;rent",0.191077418086496,9
"1216","rIpit;repeat",0.54204089513221,9
"1217","rEst;rest",1.78928383936937,9
"1218","rIb;rib",0.396498680114627,9
"1219","rIC;rich",0.396498680114627,9
"1220","rIk;rick",0.655592398556492,9
"1221","rId;rid",0.396498680114627,9
"1222","rIJ;ridge",0.396498680114627,9
"1223","rIft;rift",1.49445488695937,9
"1224","rIg;rig",0.396498680114627,9
"1225","rYt;right",0.52068295688023,9
"1226","rIl;rill",0.396498680114627,9
"1227","rIm;rim",0.396498680114627,9
"1228","rIG;ring",0.483649989597511,9
"1229","rIGk;rink",0.268170588469116,9
"1230","rIp;rip",0.396498680114627,9
"1231","rIsk;risk",1.55246165741874,9
"1232","rIske;risque",0.183327470039938,9
"1233","rost;roast",1.26432729180781,9
"1234","rust;roost",0.872773468158383,9
"1235","rut;root",0.765419079759731,9
"1236","rat;rot",0.52068295688023,9
"1237","rot;rote",0.624799519605521,9
"1238","rWt;rout",0.52068295688023,9
"1239","r^ft;ruffed",0.5292853641396,9
"1240","r^nt;runt",0.404174169078203,9
"1241","rus;ruse",0.21052024085079,9
"1242","r^sk;rusk",0.457692114413679,9
"1243","r^s|t;russet",0.133570348218193,9
"1244","r^st;rust",2.47308604392874,9
"1245","r^sL;rustle",0.410618264365513,9
"1246","r^t;rut",0.848130697528971,9
"1247","SIft;shift",0.593822967328704,9
"1248","SrIft;shrift",0.50848286165194,9
"1249","sIft;sift",0.804305036073842,9
"1250","sIlt;silt",0.563848119077618,9
"1251","sIstX;sister",0.331723898165922,9
"1252","sIt;sit",0.952738084805779,9
"1253","tIt;teat",0.572432946731295,9
"1254","tEst;test",0.770360165174337,9
"1255","TrIft;thrift",0.387291780534145,9
"1256","Tr^st;thrust",0.551159082909311,9
"1257","tost;toast",0.676747859510635,9
"1258","tr^st;trust",0.91556237419908,9
"1259","trIst;tryst",1.44438091959255,9
"1260","twIst;twist",0.423493255957591,9
"1261","vEst;vest",0.690736901243789,9
"1262","wEst;west",0.690736901243789,9
"1263","wIt;wit",0.572432946731295,9
"1264","rEsL;wrestle",0.23068525116273,9
"1265","rIst;wrist",3.52969439086953,9
"1266","rIt;writ",2.17127846203481,9
"1267","rItN;written",0.0568647027664677,9
"1268","rct;wrought",0.52068295688023,9
"1269","zEst;zest",0.690736901243789,9
"1270","xrEst;arrest",0.284613763537136,10
"1271","xsIst;assist",0.152288684826396,10
"1272","bEst;best",1.0881046290097,10
"1273","bIsk;bisque",0.567647589612942,10
"1274","bIt;bit",0.61776951002818,10
"1275","bost;boast",0.882506952428389,10
"1276","bust;boost",0.375492691116702,10
"1277","brEst;breast",0.358180633553215,10
"1278","brIsk;brisk",0.567647589612942,10
"1279","b^st;bust",0.870101766779975,10
"1280","CEst;chest",0.734428795044055,10
"1281","CIt;chit",0.61776951002818,10
"1282","kost;coast",0.625868421994841,10
"1283","krEst;crest",0.438511802188366,10
"1284","kr^st;crust",0.658714642494159,10
"1285","sIst;cyst",1.39647705754594,10
"1286","dIsk;disc",0.372814144931224,10
"1287","drIft;drift",0.382716652146597,10
"1288","d^st;dust",0.616515932317046,10
"1289","f@st;fast",0.727410588996384,10
"1290","fist;feast",0.616446615391677,10
"1291","fRst;first",0.513902030639281,10
"1292","fIst;fist",1.48385060845698,10
"1293","fIt;fit",0.754185089372327,10
"1294","fIkst;fixed",0.144034718842754,10
"1295","fOst;foist",0.741480326215386,10
"1296","frIsk;frisk",0.372814144931224,10
"1297","gost;ghost",0.784536381999133,10
"1298","gIft;gift",0.46418896395009,10
"1299","JIst;gist",1.29919211188576,10
"1300","grIst;grist",1.34276623599501,10
"1301","grIsL;gristle",0.395328355351662,10
"1302","grIt;grit",0.453466007355234,10
"1303","gEst;guest",0.906921221225276,10
"1304","g^st;gust",0.770927697145731,10
"1305","hIt;hit",0.61776951002818,10
"1306","host;host",0.625868421994841,10
"1307","It;it",0.61776951002818,10
"1308","JEst;jest",1.17992509581413,10
"1309","JIlt;jilt",0.352918393482912,10
"1310","JOst;joist",0.659720825383786,10
"1311","JWst;joust",0.426448689427686,10
"1312","J^st;just",1.0443324665404,10
"1313","kIt;kit",0.61776951002818,10
"1314","nIt;knit",0.61776951002818,10
"1315","l@st;last",0.702758743098506,10
"1316","list;least",0.598409420676461,10
"1317","lEst;lest",1.22334223867628,10
"1318","lIs|t;licit",0.119978118949893,10
"1319","lIft;lift",0.941146441367028,10
"1320","lIlt;lilt",0.704366506968918,10
"1321","lInt;lint",0.569011912655554,10
"1322","lIpt;lipped",0.474842151742814,10
"1323","lIsp;lisp",0.250322814136949,10
"1324","lIst;list",2.20912599217664,10
"1325","lIsN;listen",0.250322814136949,10
"1326","lIsts;lists",0.119978118949893,10
"1327","lIt;lit",1.11282920737327,10
"1328","lcst;lost",0.478690510329361,10
"1329","l^st;lust",1.09466704065008,10
"1330","m@st;mast",0.661047435783673,10
"1331","mIdst;midst",0.134290306113781,10
"1332","mInt;mint",0.282593292294424,10
"1333","mIs;miss",0.31697465886962,10
"1334","mIsL;missal",0.243306178397067,10
"1335","mIst;mist",2.04827081469333,10
"1336","mIstX;mister",0.459978313487031,10
"1337","mIsti;misty",0.296536048511448,10
"1338","mIt;mitt",0.942343501828559,10
"1339","mOst;moist",0.675117173002675,10
"1340","most;most",1.07329131919022,10
"1341","m^st;must",1.06053278306968,10
"1342","nEst;nest",0.734428795044055,10
"1343","pEst;pest",0.816549520253168,10
"1344","pIt;pit",0.61776951002818,10
"1345","post;post",0.69156785616895,10
"1346","r@ft;raft",0.292240114086932,10
"1347","r@t;rat",0.638316270430216,10
"1348","ret;rate",0.544229070045191,10
"1349","rIr;rear",0.425395763933817,10
"1350","rIsid;recede",1.08075955258179,10
"1351","rIsit;receipt",2.41013239184982,10
"1352","rIsiv;receive",1.08075955258179,10
"1353","rIsYtL;recital",0.499277497940844,10
"1354","rIsYt;recite",1.32294291958329,10
"1355","rIfR;refer",0.125952723810032,10
"1356","rEnt;rent",0.190678639392562,10
"1357","rIpit;repeat",0.516865736909815,10
"1358","rEst;rest",1.80277971184277,10
"1359","rIb;rib",0.425395763933817,10
"1360","rIC;rich",0.425395763933817,10
"1361","rIk;rick",0.676374639611143,10
"1362","rId;rid",0.425395763933817,10
"1363","rIJ;ridge",0.425395763933817,10
"1364","rIft;rift",1.46506991121665,10
"1365","rIg;rig",0.425395763933817,10
"1366","rYt;right",0.544229070045191,10
"1367","rIl;rill",0.425395763933817,10
"1368","rIm;rim",0.425395763933817,10
"1369","rIG;ring",0.5111331122174,10
"1370","rIGk;rink",0.264712239552867,10
"1371","rIp;rip",0.425395763933817,10
"1372","rIsk;risk",1.4957960556778,10
"1373","rIske;risque",0.175745258811217,10
"1374","rost;roast",1.24754309542996,10
"1375","rust;roost",0.832087521787097,10
"1376","rut;root",0.770398414441761,10
"1377","rat;rot",0.544229070045191,10
"1378","rot;rote",0.645978061158754,10
"1379","rWt;rout",0.544229070045191,10
"1380","r^ft;ruffed",0.525668031396534,10
"1381","r^nt;runt",0.402817285077738,10
"1382","rus;ruse",0.199141905964876,10
"1383","r^sk;rusk",0.444979276830562,10
"1384","r^s|t;russet",0.131184800820728,10
"1385","r^st;rust",2.43242113800218,10
"1386","r^sL;rustle",0.401833840268404,10
"1387","r^t;rut",0.869430791787029,10
"1388","SIft;shift",0.589717974801589,10
"1389","SrIft;shrift",0.503592773243498,10
"1390","sIft;sift",0.790345915951951,10
"1391","sIlt;silt",0.549674804898452,10
"1392","sIstX;sister",0.314534427224064,10
"1393","sIt;sit",0.98351339465098,10
"1394","tIt;teat",0.61776951002818,10
"1395","tEst;test",0.816549520253168,10
"1396","TrIft;thrift",0.382716652146597,10
"1397","Tr^st;thrust",0.534768102577047,10
"1398","tost;toast",0.69156785616895,10
"1399","tr^st;trust",0.865236121420007,10
"1400","trIst;tryst",1.30647390890411,10
"1401","twIst;twist",0.379814637715973,10
"1402","vEst;vest",0.734428795044055,10
"1403","wEst;west",0.734428795044055,10
"1404","wIt;wit",0.61776951002818,10
"1405","rEsL;wrestle",0.2276414380787,10
"1406","rIst;wrist",3.29786655882941,10
"1407","rIt;writ",2.22199180091969,10
"1408","rItN;written",0.0581376520035718,10
"1409","rct;wrought",0.544229070045191,10
"1410","zEst;zest",0.734428795044055,10
