"","node","activation","time"
"1","xrEst;arrest",0,1
"2","xsIst;assist",0,1
"3","bEst;best",0,1
"4","bIsk;bisque",0,1
"5","bIt;bit",0,1
"6","bost;boast",0,1
"7","bust;boost",0,1
"8","brEst;breast",0,1
"9","brIsk;brisk",0,1
"10","b^st;bust",0,1
"11","CEst;chest",0,1
"12","CIt;chit",0,1
"13","kost;coast",0,1
"14","krEst;crest",0,1
"15","kr^st;crust",0,1
"16","sIst;cyst",1.875,1
"17","dIsk;disc",0,1
"18","drIft;drift",0,1
"19","d^st;dust",0,1
"20","f@st;fast",0,1
"21","fist;feast",0,1
"22","fRst;first",0,1
"23","fIst;fist",1.875,1
"24","fIt;fit",0,1
"25","fIkst;fixed",0,1
"26","fOst;foist",0,1
"27","frIsk;frisk",0,1
"28","gost;ghost",0,1
"29","gIft;gift",0,1
"30","JIst;gist",1.875,1
"31","grIst;grist",1.875,1
"32","grIsL;gristle",0,1
"33","grIt;grit",0,1
"34","gEst;guest",0,1
"35","g^st;gust",0,1
"36","hIt;hit",0,1
"37","host;host",0,1
"38","It;it",0,1
"39","JEst;jest",0,1
"40","JIlt;jilt",0,1
"41","JOst;joist",0,1
"42","JWst;joust",0,1
"43","J^st;just",0,1
"44","kIt;kit",0,1
"45","nIt;knit",0,1
"46","l@st;last",0,1
"47","list;least",0,1
"48","lEst;lest",0,1
"49","lIs|t;licit",0,1
"50","lIft;lift",0,1
"51","lIlt;lilt",0,1
"52","lInt;lint",0,1
"53","lIpt;lipped",0,1
"54","lIsp;lisp",0,1
"55","lIst;list",1.875,1
"56","lIsN;listen",0,1
"57","lIsts;lists",0,1
"58","lIt;lit",0,1
"59","lcst;lost",0,1
"60","l^st;lust",0,1
"61","m@st;mast",0,1
"62","mIdst;midst",0,1
"63","mInt;mint",0,1
"64","mIs;miss",0,1
"65","mIsL;missal",0,1
"66","mIst;mist",1.875,1
"67","mIstX;mister",0,1
"68","mIsti;misty",0,1
"69","mIt;mitt",0,1
"70","mOst;moist",0,1
"71","most;most",0,1
"72","m^st;must",0,1
"73","nEst;nest",0,1
"74","pEst;pest",0,1
"75","pIt;pit",0,1
"76","post;post",0,1
"77","r@ft;raft",0,1
"78","r@t;rat",0,1
"79","ret;rate",0,1
"80","rIr;rear",0,1
"81","rIsid;recede",0,1
"82","rIsit;receipt",1.875,1
"83","rIsiv;receive",0,1
"84","rIsYtL;recital",0,1
"85","rIsYt;recite",1.875,1
"86","rIfR;refer",0,1
"87","rEnt;rent",0,1
"88","rIpit;repeat",0,1
"89","rEst;rest",1.875,1
"90","rIb;rib",0,1
"91","rIC;rich",0,1
"92","rIk;rick",0,1
"93","rId;rid",0,1
"94","rIJ;ridge",0,1
"95","rIft;rift",1.875,1
"96","rIg;rig",0,1
"97","rYt;right",0,1
"98","rIl;rill",0,1
"99","rIm;rim",0,1
"100","rIG;ring",0,1
"101","rIGk;rink",0,1
"102","rIp;rip",0,1
"103","rIsk;risk",1.875,1
"104","rIske;risque",0,1
"105","rost;roast",1.875,1
"106","rust;roost",1.875,1
"107","rut;root",0,1
"108","rat;rot",0,1
"109","rot;rote",0,1
"110","rWt;rout",0,1
"111","r^ft;ruffed",0,1
"112","r^nt;runt",0,1
"113","rus;ruse",0,1
"114","r^sk;rusk",0,1
"115","r^s|t;russet",0,1
"116","r^st;rust",1.875,1
"117","r^sL;rustle",0,1
"118","r^t;rut",0,1
"119","SIft;shift",0,1
"120","SrIft;shrift",0,1
"121","sIft;sift",0,1
"122","sIlt;silt",0,1
"123","sIstX;sister",0,1
"124","sIt;sit",0,1
"125","tIt;teat",0,1
"126","tEst;test",0,1
"127","TrIft;thrift",0,1
"128","Tr^st;thrust",0,1
"129","tost;toast",0,1
"130","tr^st;trust",0,1
"131","trIst;tryst",1.875,1
"132","twIst;twist",0,1
"133","vEst;vest",0,1
"134","wEst;west",0,1
"135","wIt;wit",0,1
"136","rEsL;wrestle",0,1
"137","rIst;wrist",70,1
"138","rIt;writ",1.875,1
"139","rItN;written",0,1
"140","rct;wrought",0,1
"141","zEst;zest",0,1
"142","xrEst;arrest",0.028125,2
"143","xsIst;assist",0.05625,2
"144","bEst;best",0.028125,2
"145","bIsk;bisque",0.0625,2
"146","bIt;bit",0.0152027027027027,2
"147","bost;boast",0.046875,2
"148","bust;boost",0.0803571428571429,2
"149","brEst;breast",0.028125,2
"150","brIsk;brisk",0.0625,2
"151","b^st;bust",0.0296052631578947,2
"152","CEst;chest",0.028125,2
"153","CIt;chit",0.0152027027027027,2
"154","kost;coast",0.046875,2
"155","krEst;crest",0.028125,2
"156","kr^st;crust",0.0296052631578947,2
"157","sIst;cyst",2.79714787679426,2
"158","dIsk;disc",0.0625,2
"159","drIft;drift",0.046875,2
"160","d^st;dust",0.0296052631578947,2
"161","f@st;fast",0.0511363636363636,2
"162","fist;feast",0.0511363636363636,2
"163","fRst;first",0.0511363636363636,2
"164","fIst;fist",2.80226151315789,2
"165","fIt;fit",0.0663390663390663,2
"166","fIkst;fixed",0.0511363636363636,2
"167","fOst;foist",0.0511363636363636,2
"168","frIsk;frisk",0.0625,2
"169","gost;ghost",0.046875,2
"170","gIft;gift",0.046875,2
"171","JIst;gist",2.79714787679426,2
"172","grIst;grist",2.765625,2
"173","grIsL;gristle",0.140625,2
"174","grIt;grit",0.155827702702703,2
"175","gEst;guest",0.028125,2
"176","g^st;gust",0.0296052631578947,2
"177","hIt;hit",0.0152027027027027,2
"178","host;host",0.046875,2
"179","It;it",0.0152027027027027,2
"180","JEst;jest",0.084375,2
"181","JIlt;jilt",0.05625,2
"182","JOst;joist",0.05625,2
"183","JWst;joust",0.05625,2
"184","J^st;just",0.0858552631578948,2
"185","kIt;kit",0.0152027027027027,2
"186","nIt;knit",0.0152027027027027,2
"187","l@st;last",0.0296052631578947,2
"188","list;least",0.0296052631578947,2
"189","lEst;lest",0.0577302631578948,2
"190","lIs|t;licit",0.0296052631578947,2
"191","lIft;lift",0.0764802631578948,2
"192","lIlt;lilt",0.0296052631578947,2
"193","lInt;lint",0.0296052631578947,2
"194","lIpt;lipped",0.0296052631578947,2
"195","lIsp;lisp",0.0296052631578947,2
"196","lIst;list",2.82379261363636,2
"197","lIsN;listen",0.0296052631578947,2
"198","lIsts;lists",0.0296052631578947,2
"199","lIt;lit",0.0448079658605975,2
"200","lcst;lost",0.0296052631578947,2
"201","l^st;lust",0.0592105263157895,2
"202","m@st;mast",0.03515625,2
"203","mIdst;midst",0.03515625,2
"204","mInt;mint",0.03515625,2
"205","mIs;miss",0.03515625,2
"206","mIsL;missal",0.03515625,2
"207","mIst;mist",2.81824162679426,2
"208","mIstX;mister",0.03515625,2
"209","mIsti;misty",0.03515625,2
"210","mIt;mitt",0.0503589527027027,2
"211","mOst;moist",0.03515625,2
"212","most;most",0.08203125,2
"213","m^st;must",0.0647615131578947,2
"214","nEst;nest",0.028125,2
"215","pEst;pest",0.028125,2
"216","pIt;pit",0.0152027027027027,2
"217","post;post",0.046875,2
"218","r@ft;raft",0.046875,2
"219","r@t;rat",0.0152027027027027,2
"220","ret;rate",0.0152027027027027,2
"221","rIr;rear",0.0152027027027027,2
"222","rIsid;recede",0.1125,2
"223","rIsit;receipt",2.8125,2
"224","rIsiv;receive",0.1125,2
"225","rIsYtL;recital",0.1875,2
"226","rIsYt;recite",2.7375,2
"227","rIfR;refer",0.046875,2
"228","rEnt;rent",0.028125,2
"229","rIpit;repeat",0.1125,2
"230","rEst;rest",2.78183740601504,2
"231","rIb;rib",0.0152027027027027,2
"232","rIC;rich",0.0152027027027027,2
"233","rIk;rick",0.0777027027027027,2
"234","rId;rid",0.0152027027027027,2
"235","rIJ;ridge",0.0152027027027027,2
"236","rIft;rift",2.6402027027027,2
"237","rIg;rig",0.0152027027027027,2
"238","rYt;right",0.0152027027027027,2
"239","rIl;rill",0.0152027027027027,2
"240","rIm;rim",0.0152027027027027,2
"241","rIG;ring",0.0152027027027027,2
"242","rIGk;rink",0.0625,2
"243","rIp;rip",0.0152027027027027,2
"244","rIsk;risk",2.625,2
"245","rIske;risque",0.0625,2
"246","rost;roast",2.76308740601504,2
"247","rust;roost",2.72960526315789,2
"248","rut;root",0.0955598455598456,2
"249","rat;rot",0.0152027027027027,2
"250","rot;rote",0.0620777027027027,2
"251","rWt;rout",0.0152027027027027,2
"252","r^ft;ruffed",0.0764802631578948,2
"253","r^nt;runt",0.0296052631578947,2
"254","rus;ruse",0.0803571428571429,2
"255","r^sk;rusk",0.0921052631578948,2
"256","r^s|t;russet",0.0296052631578947,2
"257","r^st;rust",2.78035714285714,2
"258","r^sL;rustle",0.0296052631578947,2
"259","r^t;rut",0.0448079658605975,2
"260","SIft;shift",0.046875,2
"261","SrIft;shrift",0.046875,2
"262","sIft;sift",0.103125,2
"263","sIlt;silt",0.05625,2
"264","sIstX;sister",0.05625,2
"265","sIt;sit",0.0714527027027027,2
"266","tIt;teat",0.0152027027027027,2
"267","tEst;test",0.028125,2
"268","TrIft;thrift",0.046875,2
"269","Tr^st;thrust",0.0296052631578947,2
"270","tost;toast",0.046875,2
"271","tr^st;trust",0.170230263157895,2
"272","trIst;tryst",2.765625,2
"273","twIst;twist",0.140625,2
"274","vEst;vest",0.028125,2
"275","wEst;west",0.028125,2
"276","wIt;wit",0.0152027027027027,2
"277","rEsL;wrestle",0.028125,2
"278","rIst;wrist",50.119187985512,2
"279","rIt;writ",2.671875,2
"280","rItN;written",0.0152027027027027,2
"281","rct;wrought",0.0152027027027027,2
"282","zEst;zest",0.028125,2
"283","xrEst;arrest",0.0656338110902256,3
"284","xsIst;assist",0.123289436303828,3
"285","bEst;best",0.0806047720782507,3
"286","bIsk;bisque",0.146875,3
"287","bIt;bit",0.0395647154413088,3
"288","bost;boast",0.120799011021873,3
"289","bust;boost",0.17618867481203,3
"290","brEst;breast",0.0668994360902256,3
"291","brIsk;brisk",0.146875,3
"292","b^st;bust",0.0813433922163363,3
"293","CEst;chest",0.0698709738041564,3
"294","CIt;chit",0.0395647154413088,3
"295","kost;coast",0.112620204630895,3
"296","krEst;crest",0.0685573308270677,3
"297","kr^st;crust",0.0824612312030075,3
"298","sIst;cyst",3.18995314948126,3
"299","dIsk;disc",0.1375,3
"300","drIft;drift",0.107020692567568,3
"301","d^st;dust",0.072854435449419,3
"302","f@st;fast",0.124707605305878,3
"303","fist;feast",0.122649895334928,3
"304","fRst;first",0.120402586722488,3
"305","fIst;fist",3.19535444217861,3
"306","fIt;fit",0.150714764161259,3
"307","fIkst;fixed",0.11222076854067,3
"308","fOst;foist",0.126251308313397,3
"309","frIsk;frisk",0.1375,3
"310","gost;ghost",0.114825869032284,3
"311","gIft;gift",0.108599052529974,3
"312","JIst;gist",3.17242567634318,3
"313","grIst;grist",3.14865580513376,3
"314","grIsL;gristle",0.305859375,3
"315","grIt;grit",0.338165118243243,3
"316","gEst;guest",0.0726616781655844,3
"317","g^st;gust",0.0754360397004312,3
"318","hIt;hit",0.0395647154413088,3
"319","host;host",0.112620204630895,3
"320","It;it",0.0395647154413088,3
"321","JEst;jest",0.201846863457266,3
"322","JIlt;jilt",0.127933233296309,3
"323","JOst;joist",0.136085974880383,3
"324","JWst;joust",0.130365094198565,3
"325","J^st;just",0.203767227016405,3
"326","kIt;kit",0.0395647154413088,3
"327","nIt;knit",0.0395647154413088,3
"328","l@st;last",0.0755783679724881,3
"329","list;least",0.0741204529434382,3
"330","lEst;lest",0.141005668673432,3
"331","lIs|t;licit",0.0653098833732058,3
"332","lIft;lift",0.180147394168776,3
"333","lIlt;lilt",0.0808626038568473,3
"334","lInt;lint",0.0751667626914338,3
"335","lIpt;lipped",0.0713550850598548,3
"336","lIsp;lisp",0.06975067284689,3
"337","lIst;list",3.25517472660724,3
"338","lIsN;listen",0.06975067284689,3
"339","lIsts;lists",0.0653098833732058,3
"340","lIt;lit",0.111553349029449,3
"341","lcst;lost",0.0707562184936774,3
"342","l^st;lust",0.143637567818694,3
"343","m@st;mast",0.0872148944805195,3
"344","mIdst;midst",0.0774514055023924,3
"345","mInt;mint",0.0798758990234628,3
"346","mIs;miss",0.083669073365568,3
"347","mIsL;missal",0.0809670305023924,3
"348","mIst;mist",3.24162484091688,3
"349","mIstX;mister",0.0911623430023924,3
"350","mIsti;misty",0.0809670305023924,3
"351","mIt;mitt",0.123453972181357,3
"352","mOst;moist",0.0887585974880383,3
"353","most;most",0.195301793190362,3
"354","m^st;must",0.15559609962406,3
"355","nEst;nest",0.0698709738041564,3
"356","pEst;pest",0.0716927067587018,3
"357","pIt;pit",0.0395647154413088,3
"358","post;post",0.113574445702324,3
"359","r@ft;raft",0.103862464438122,3
"360","r@t;rat",0.0451157348608007,3
"361","ret;rate",0.040377559185125,3
"362","rIr;rear",0.0377959034209034,3
"363","rIsid;recede",0.264375,3
"364","rIsit;receipt",3.24973477472835,3
"365","rIsiv;receive",0.264375,3
"366","rIsYtL;recital",0.405,3
"367","rIsYt;recite",3.08098477472835,3
"368","rIfR;refer",0.0988175675675676,3
"369","rEnt;rent",0.0636354558270677,3
"370","rIpit;repeat",0.2475,3
"371","rEst;rest",3.14167331090435,3
"372","rIb;rib",0.0377959034209034,3
"373","rIC;rich",0.0377959034209034,3
"374","rIk;rick",0.173917383292383,3
"375","rId;rid",0.0377959034209034,3
"376","rIJ;ridge",0.0377959034209034,3
"377","rIft;rift",2.85906706872347,3
"378","rIg;rig",0.0377959034209034,3
"379","rYt;right",0.040377559185125,3
"380","rIl;rill",0.0377959034209034,3
"381","rIm;rim",0.0377959034209034,3
"382","rIG;ring",0.044080455017955,3
"383","rIGk;rink",0.133423206860707,3
"384","rIp;rip",0.0377959034209034,3
"385","rIsk;risk",2.84448844033728,3
"386","rIske;risque",0.13125,3
"387","rost;roast",3.09110875780875,3
"388","rust;roost",3.02585011586836,3
"389","rut;root",0.223564792471043,3
"390","rat;rot",0.040377559185125,3
"391","rot;rote",0.140911670011177,3
"392","rWt;rout",0.040377559185125,3
"393","r^ft;ruffed",0.171469721601301,3
"394","r^nt;runt",0.0745518250863646,3
"395","rus;ruse",0.175839260312945,3
"396","r^sk;rusk",0.198834586466165,3
"397","r^s|t;russet",0.064624060150376,3
"398","r^st;rust",3.17041347417391,3
"399","r^sL;rustle",0.0780533364661654,3
"400","r^t;rut",0.111197387472059,3
"401","SIft;shift",0.112817802529974,3
"402","SrIft;shrift",0.111005067567568,3
"403","sIft;sift",0.235699209152334,3
"404","sIlt;silt",0.135942614329128,3
"405","sIstX;sister",0.126805061303828,3
"406","sIt;sit",0.169659888027435,3
"407","tIt;teat",0.0395647154413088,3
"408","tEst;test",0.0716927067587018,3
"409","TrIft;thrift",0.107020692567568,3
"410","Tr^st;thrust",0.0796117246240602,3
"411","tost;toast",0.113574445702324,3
"412","tr^st;trust",0.375664356203008,3
"413","trIst;tryst",3.13804891946519,3
"414","twIst;twist",0.305859375,3
"415","vEst;vest",0.0698709738041564,3
"416","wEst;west",0.0698709738041564,3
"417","wIt;wit",0.0395647154413088,3
"418","rEsL;wrestle",0.0643755874060151,3
"419","rIst;wrist",36.7293148799325,3
"420","rIt;writ",2.92608046435195,3
"421","rItN;written",0.0323057432432432,3
"422","rct;wrought",0.040377559185125,3
"423","zEst;zest",0.0698709738041564,3
"424","xrEst;arrest",0.10322802494552,4
"425","xsIst;assist",0.182001199897117,4
"426","bEst;best",0.149585562090455,4
"427","bIsk;bisque",0.232941281344576,4
"428","bIt;bit",0.0693092421572092,4
"429","bost;boast",0.206699904454115,4
"430","bust;boost",0.260958875227926,4
"431","brEst;breast",0.107271981289341,4
"432","brIsk;brisk",0.232941281344576,4
"433","b^st;bust",0.146619612326782,4
"434","CEst;chest",0.117211401671777,4
"435","CIt;chit",0.0693092421572092,4
"436","kost;coast",0.182234437652941,4
"437","krEst;crest",0.112880662398528,4
"438","kr^st;crust",0.149059820950302,4
"439","sIst;cyst",3.29358528514256,4
"440","dIsk;disc",0.205753781344576,4
"441","drIft;drift",0.165418610839708,4
"442","d^st;dust",0.121295850841557,4
"443","f@st;fast",0.204742924732434,4
"444","fist;feast",0.198285119308007,4
"445","fRst;first",0.191334780348036,4
"446","fIst;fist",3.29430505580558,4
"447","fIt;fit",0.231943736308039,4
"448","fIkst;fixed",0.165700568219704,4
"449","fOst;foist",0.20938874266861,4
"450","frIsk;frisk",0.205753781344576,4
"451","gost;ghost",0.18928311341107,4
"452","gIft;gift",0.170371389457783,4
"453","JIst;gist",3.24392017183328,4
"454","grIst;grist",3.27056996678874,4
"455","grIsL;gristle",0.450250747885032,4
"456","grIt;grit",0.496589744893291,4
"457","gEst;guest",0.126050039236459,4
"458","g^st;gust",0.129421181026381,4
"459","hIt;hit",0.0693092421572092,4
"460","host;host",0.182234437652941,4
"461","It;it",0.0693092421572092,4
"462","JEst;jest",0.325330627082348,4
"463","JIlt;jilt",0.196348130622753,4
"464","JOst;joist",0.221110784141165,4
"465","JWst;joust",0.203382589052947,4
"466","J^st;just",0.326255898268778,4
"467","kIt;kit",0.0693092421572092,4
"468","nIt;knit",0.0693092421572092,4
"469","l@st;last",0.12941111851099,4
"470","list;least",0.124686496987366,4
"471","lEst;lest",0.232772756371892,4
"472","lIs|t;licit",0.0971144140445163,4
"473","lIft;lift",0.287357145976286,4
"474","lIlt;lilt",0.14485497743339,4
"475","lInt;lint",0.12761280036129,4
"476","lIpt;lipped",0.116434069147819,4
"477","lIsp;lisp",0.110685567603129,4
"478","lIst;list",3.40332698748196,4
"479","lIsN;listen",0.110685567603129,4
"480","lIsts;lists",0.0971144140445163,4
"481","lIt;lit",0.187662687305571,4
"482","lcst;lost",0.114433188689989,4
"483","l^st;lust",0.235801197700082,4
"484","m@st;mast",0.145737570486635,4
"485","mIdst;midst",0.114996449618866,4
"486","mInt;mint",0.122766695196588,4
"487","mIs;miss",0.133808633676849,4
"488","mIsL;missal",0.125824294455423,4
"489","mIst;mist",3.38133092778748,4
"490","mIstX;mister",0.155759919639799,4
"491","mIsti;misty",0.126573621419105,4
"492","mIt;mitt",0.203764954797737,4
"493","mOst;moist",0.150383388422811,4
"494","most;most",0.313858740655821,4
"495","m^st;must",0.25309540745473,4
"496","nEst;nest",0.117211401671777,4
"497","pEst;pest",0.122858910797669,4
"498","pIt;pit",0.0693092421572092,4
"499","post;post",0.185262262556538,4
"500","r@ft;raft",0.155822057166675,4
"501","r@t;rat",0.0855263371818657,4
"502","ret;rate",0.0718309211714003,4
"503","rIr;rear",0.0635439775122452,4
"504","rIsid;recede",0.419702836483701,4
"505","rIsit;receipt",3.42514997378141,4
"506","rIsiv;receive",0.419702836483701,4
"507","rIsYtL;recital",0.591598477472835,4
"508","rIsYt;recite",3.16184808279228,4
"509","rIfR;refer",0.140648974015384,4
"510","rEnt;rent",0.0972613056239899,4
"511","rIpit;repeat",0.368234086483701,4
"512","rEst;rest",3.20386862884653,4
"513","rIb;rib",0.0635439775122452,4
"514","rIC;rich",0.0635439775122452,4
"515","rIk;rick",0.264004934742974,4
"516","rId;rid",0.0635439775122452,4
"517","rIJ;ridge",0.0635439775122452,4
"518","rIft;rift",2.82481610234286,4
"519","rIg;rig",0.0635439775122452,4
"520","rYt;right",0.0718309211714003,4
"521","rIl;rill",0.0635439775122452,4
"522","rIm;rim",0.0635439775122452,4
"523","rIG;ring",0.0812142703068278,4
"524","rIGk;rink",0.193328015598498,4
"525","rIp;rip",0.0635439775122452,4
"526","rIsk;risk",2.82705581964349,4
"527","rIske;risque",0.186691281344576,4
"528","rost;roast",3.11449084069193,4
"529","rust;roost",3.0269189751046,4
"530","rut;root",0.351365861225215,4
"531","rat;rot",0.0718309211714003,4
"532","rot;rote",0.216601086234024,4
"533","rWt;rout",0.0718309211714003,4
"534","r^ft;ruffed",0.260322209969624,4
"535","r^nt;runt",0.12485887403593,4
"536","rus;ruse",0.25886399451198,4
"537","r^sk;rusk",0.291864985636044,4
"538","r^s|t;russet",0.0952960022237986,4
"539","r^st;rust",3.29398360961079,4
"540","r^sL;rustle",0.13423629240237,4
"541","r^t;rut",0.185909515221047,4
"542","SIft;shift",0.1830257553133,4
"543","SrIft;shrift",0.177353430680696,4
"544","sIft;sift",0.364421307599926,4
"545","sIlt;silt",0.220399805588223,4
"546","sIstX;sister",0.193578371697357,4
"547","sIt;sit",0.272064317983926,4
"548","tIt;teat",0.0693092421572092,4
"549","tEst;test",0.122858910797669,4
"550","TrIft;thrift",0.165418610839708,4
"551","Tr^st;thrust",0.140146786410829,4
"552","tost;toast",0.185262262556538,4
"553","tr^st;trust",0.562523643223162,4
"554","trIst;tryst",3.24139072222463,4
"555","twIst;twist",0.449455231459889,4
"556","vEst;vest",0.117211401671777,4
"557","wEst;west",0.117211401671777,4
"558","wIt;wit",0.0693092421572092,4
"559","rEsL;wrestle",0.0999933444943923,4
"560","rIst;wrist",27.5694603949287,4
"561","rIt;writ",2.92320638036673,4
"562","rItN;written",0.0463389970082591,4
"563","rct;wrought",0.0718309211714003,4
"564","zEst;zest",0.117211401671777,4
"565","xrEst;arrest",0.136829095171152,5
"566","xsIst;assist",0.226208398482259,5
"567","bEst;best",0.227379821957376,5
"568","bIsk;bisque",0.311451286265464,5
"569","bIt;bit",0.102033428503261,5
"570","bost;boast",0.294387136727452,5
"571","bust;boost",0.326476340378928,5
"572","brEst;breast",0.144928979751487,5
"573","brIsk;brisk",0.311451286265464,5
"574","b^st;bust",0.218138187924174,5
"575","CEst;chest",0.165807314531751,5
"576","CIt;chit",0.102033428503261,5
"577","kost;coast",0.248201312477474,5
"578","krEst;crest",0.156622180774192,5
"579","kr^st;crust",0.221022143748092,5
"580","sIst;cyst",3.2443164333647,5
"581","dIsk;disc",0.261556969063777,5
"582","drIft;drift",0.21625679853139,5
"583","d^st;dust",0.170469458735804,5
"584","f@st;fast",0.28271445278853,5
"585","fist;feast",0.26993528360128,5
"586","fRst;first",0.25638272011231,5
"587","fIst;fist",3.23783697442315,5
"588","fIt;fit",0.302351478877889,5
"589","fIkst;fixed",0.205835081093945,5
"590","fOst;foist",0.291475873757583,5
"591","frIsk;frisk",0.261556969063777,5
"592","gost;ghost",0.262398137070238,5
"593","gIft;gift",0.226058548070357,5
"594","JIst;gist",3.15569877732428,5
"595","grIst;grist",3.25899434942338,5
"596","grIsL;gristle",0.560468271028678,5
"597","grIt;grit",0.616607242288784,5
"598","gEst;guest",0.183444919760965,5
"599","g^st;gust",0.186586972291775,5
"600","hIt;hit",0.102033428503261,5
"601","host;host",0.248201312477474,5
"602","It;it",0.102033428503261,5
"603","JEst;jest",0.441595349857643,5
"604","JIlt;jilt",0.25419335538765,5
"605","JOst;joist",0.301631744277066,5
"606","JWst;joust",0.26703524618883,5
"607","J^st;just",0.440352058611548,5
"608","kIt;kit",0.102033428503261,5
"609","nIt;knit",0.102033428503261,5
"610","l@st;last",0.185744296734454,5
"611","list;least",0.176122010009404,5
"612","lEst;lest",0.324346638858069,5
"613","lIs|t;licit",0.121716831738771,5
"614","lIft;lift",0.387587068301168,5
"615","lIlt;lilt",0.214066994663121,5
"616","lInt;lint",0.181242769278108,5
"617","lIpt;lipped",0.160535583778214,5
"618","lIsp;lisp",0.147819474370269,5
"619","lIst;list",3.4018233698129,5
"620","lIsN;listen",0.147819474370269,5
"621","lIsts;lists",0.121716831738771,5
"622","lIt;lit",0.26624264077032,5
"623","lcst;lost",0.156415920570728,5
"624","l^st;lust",0.327004790377071,5
"625","m@st;mast",0.20487140674746,5
"626","mIdst;midst",0.143897469629222,5
"627","mInt;mint",0.159537874454149,5
"628","mIs;miss",0.17976023554058,5
"629","mIsL;missal",0.164857824382496,5
"630","mIst;mist",3.37193705483899,5
"631","mIstX;mister",0.220454697611344,5
"632","mIsti;misty",0.167577481853369,5
"633","mIt;mitt",0.282988766282313,5
"634","mOst;moist",0.213632827716513,5
"635","most;most",0.425387453136535,5
"636","m^st;must",0.347966865361017,5
"637","nEst;nest",0.165807314531751,5
"638","pEst;pest",0.176833107586852,5
"639","pIt;pit",0.102033428503261,5
"640","post;post",0.254254975162047,5
"641","r@ft;raft",0.197880965288877,5
"642","r@t;rat",0.131852611067221,5
"643","ret;rate",0.106855040219637,5
"644","rIr;rear",0.0901693764896851,5
"645","rIsid;recede",0.562256409438031,5
"646","rIsit;receipt",3.46709824922135,5
"647","rIsiv;receive",0.562256409438031,5
"648","rIsYtL;recital",0.730303742510213,5
"649","rIsYt;recite",3.11320958202824,5
"650","rIfR;refer",0.16907468436934,5
"651","rEnt;rent",0.125505358922186,5
"652","rIpit;repeat",0.463272858965476,5
"653","rEst;rest",3.11455348687676,5
"654","rIb;rib",0.0901693764896851,5
"655","rIC;rich",0.0901693764896851,5
"656","rIk;rick",0.339700638096686,5
"657","rId;rid",0.0901693764896851,5
"658","rIJ;ridge",0.0901693764896851,5
"659","rIft;rift",2.68673781448836,5
"660","rIg;rig",0.0901693764896851,5
"661","rYt;right",0.106855040219637,5
"662","rIl;rill",0.0901693764896851,5
"663","rIm;rim",0.0901693764896851,5
"664","rIG;ring",0.121574043816588,5
"665","rIGk;rink",0.237687583235727,5
"666","rIp;rip",0.0901693764896851,5
"667","rIsk;risk",2.71479995292547,5
"668","rIske;risque",0.22491909092932,5
"669","rost;roast",2.98394738179331,5
"670","rust;roost",2.88168545307333,5
"671","rut;root",0.463895855100062,5
"672","rat;rot",0.106855040219637,5
"673","rot;rote",0.281952758232798,5
"674","rWt;rout",0.106855040219637,5
"675","r^ft;ruffed",0.334450576207367,5
"676","r^nt;runt",0.174267745667624,5
"677","rus;ruse",0.320512600397583,5
"678","r^sk;rusk",0.363974580693754,5
"679","r^s|t;russet",0.118717469076829,5
"680","r^st;rust",3.28619204964061,5
"681","r^sL;rustle",0.190161172439593,5
"682","r^t;rut",0.261450697883953,5
"683","SIft;shift",0.250014420360807,5
"684","SrIft;shrift",0.238833071521798,5
"685","sIft;sift",0.476186041790963,5
"686","sIlt;silt",0.299649567991935,5
"687","sIstX;sister",0.249888410706406,5
"688","sIt;sit",0.368109822599112,5
"689","tIt;teat",0.102033428503261,5
"690","tEst;test",0.176833107586852,5
"691","TrIft;thrift",0.21625679853139,5
"692","Tr^st;thrust",0.20348177782076,5
"693","tost;toast",0.254254975162047,5
"694","tr^st;trust",0.714075287155586,5
"695","trIst;tryst",3.20821947815101,5
"696","twIst;twist",0.55772296618877,5
"697","vEst;vest",0.165807314531751,5
"698","wEst;west",0.165807314531751,5
"699","wIt;wit",0.102033428503261,5
"700","rEsL;wrestle",0.131476999819009,5
"701","rIst;wrist",21.2080326154895,5
"702","rIt;writ",2.81258316427502,5
"703","rItN;written",0.0561389712601061,5
"704","rct;wrought",0.106855040219637,5
"705","zEst;zest",0.165807314531751,5
"706","xrEst;arrest",0.165115005962384,6
"707","xsIst;assist",0.255675371938522,6
"708","bEst;best",0.307940958218224,6
"709","bIsk;bisque",0.37888790613612,6
"710","bIt;bit",0.136189505107393,6
"711","bost;boast",0.377665877065571,6
"712","bust;boost",0.37268472686874,6
"713","brEst;breast",0.17814575764352,6
"714","brIsk;brisk",0.37888790613612,6
"715","b^st;bust",0.290537275087113,6
"716","CEst;chest",0.213407495747976,6
"717","CIt;chit",0.136189505107393,6
"718","kost;coast",0.30722562018786,6
"719","krEst;crest",0.19748307262467,6
"720","kr^st;crust",0.292253231389536,6
"721","sIst;cyst",3.11921933095017,6
"722","dIsk;disc",0.304728338735373,6
"723","drIft;drift",0.258086364551456,6
"724","d^st;dust",0.218052028579879,6
"725","f@st;fast",0.354407416618766,6
"726","fist;feast",0.33400366411409,6
"727","fRst;first",0.312678182178994,6
"728","fIst;fist",3.10543759225318,6
"729","fIt;fit",0.360592442445803,6
"730","fIkst;fixed",0.232389201522756,6
"731","fOst;foist",0.367661528650908,6
"732","frIsk;frisk",0.304728338735373,6
"733","gost;ghost",0.330284347703081,6
"734","gIft;gift",0.273737836396093,6
"735","JIst;gist",2.99178174875186,6
"736","grIst;grist",3.18019468465004,6
"737","grIsL;gristle",0.636752365926828,6
"738","grIt;grit",0.698854374167889,6
"739","gEst;guest",0.241786108805247,6
"740","g^st;gust",0.243840698416091,6
"741","hIt;hit",0.136189505107393,6
"742","host;host",0.30722562018786,6
"743","It;it",0.136189505107393,6
"744","JEst;jest",0.545139986904086,6
"745","JIlt;jilt",0.299759585941876,6
"746","JOst;joist",0.373138731607041,6
"747","JWst;joust",0.318719691621262,6
"748","J^st;just",0.54089486066624,6
"749","kIt;kit",0.136189505107393,6
"750","nIt;knit",0.136189505107393,6
"751","l@st;last",0.241304168945042,6
"752","list;least",0.225539761636362,6
"753","lEst;lest",0.411608379602442,6
"754","lIs|t;licit",0.138914782793133,6
"755","lIft;lift",0.476861573903605,6
"756","lIlt;lilt",0.283009426238601,6
"757","lInt;lint",0.232700107603597,6
"758","lIpt;lipped",0.20168129374547,6
"759","lIsp;lisp",0.179359553790722,6
"760","lIst;list",3.32620868970929,6
"761","lIsN;listen",0.179359553790722,6
"762","lIsts;lists",0.138914782793133,6
"763","lIt;lit",0.343554336710247,6
"764","lcst;lost",0.194970527279439,6
"765","l^st;lust",0.413177946850071,6
"766","m@st;mast",0.261452120342216,6
"767","mIdst;midst",0.163952048518686,6
"768","mInt;mint",0.189268509727834,6
"769","mIs;miss",0.219090697681805,6
"770","mIsL;missal",0.196600320400036,6
"771","mIst;mist",3.28930620221258,6
"772","mIstX;mister",0.280161991990138,6
"773","mIsti;misty",0.202573526836724,6
"774","mIt;mitt",0.357060450543484,6
"775","mOst;moist",0.274706232374359,6
"776","most;most",0.524879679223007,6
"777","m^st;must",0.436135187689549,6
"778","nEst;nest",0.213407495747976,6
"779","pEst;pest",0.2307613024345,6
"780","pIt;pit",0.136189505107393,6
"781","post;post",0.316986649294333,6
"782","r@ft;raft",0.229707733968882,6
"783","r@t;rat",0.180345381338044,6
"784","ret;rate",0.143452728873876,6
"785","rIr;rear",0.11647520699856,6
"786","rIsid;recede",0.685943842975607,6
"787","rIsit;receipt",3.44359912471925,6
"788","rIsiv;receive",0.685943842975607,6
"789","rIsYtL;recital",0.822533577959973,6
"790","rIsYt;recite",3.00401433666654,6
"791","rIfR;refer",0.185520724420747,6
"792","rEnt;rent",0.147642134473753,6
"793","rIpit;repeat",0.532316896229114,6
"794","rEst;rest",2.95781747622914,6
"795","rIb;rib",0.11647520699856,6
"796","rIC;rich",0.11647520699856,6
"797","rIk;rick",0.400029099530032,6
"798","rId;rid",0.11647520699856,6
"799","rIJ;ridge",0.11647520699856,6
"800","rIft;rift",2.51819598501372,6
"801","rIg;rig",0.11647520699856,6
"802","rYt;right",0.143452728873876,6
"803","rIl;rill",0.11647520699856,6
"804","rIm;rim",0.11647520699856,6
"805","rIG;ring",0.161647046168905,6
"806","rIGk;rink",0.267753236619145,6
"807","rIp;rip",0.11647520699856,6
"808","rIsk;risk",2.57424911572676,6
"809","rIske;risque",0.247936695414706,6
"810","rost;roast",2.78650192788163,6
"811","rust;roost",2.67324897915595,6
"812","rut;root",0.555869124016421,6
"813","rat;rot",0.143452728873876,6
"814","rot;rote",0.335723067954925,6
"815","rWt;rout",0.143452728873876,6
"816","r^ft;ruffed",0.392565536497486,6
"817","r^nt;runt",0.219303770714267,6
"818","rus;ruse",0.360511330549115,6
"819","r^sk;rusk",0.416178898382832,6
"820","r^s|t;russet",0.134989471242843,6
"821","r^st;rust",3.21934515986194,6
"822","r^sL;rustle",0.241119071639004,6
"823","r^t;rut",0.333719614852362,6
"824","SIft;shift",0.310372953247171,6
"825","SrIft;shrift",0.292603820355395,6
"826","sIft;sift",0.567584026140371,6
"827","sIlt;silt",0.368987858298683,6
"828","sIstX;sister",0.29429685025656,6
"829","sIt;sit",0.45361197968167,6
"830","tIt;teat",0.136189505107393,6
"831","tEst;test",0.2307613024345,6
"832","TrIft;thrift",0.258086364551456,6
"833","Tr^st;thrust",0.26445679468137,6
"834","tost;toast",0.316986649294333,6
"835","tr^st;trust",0.829281243322481,6
"836","trIst;tryst",3.10870135884619,6
"837","twIst;twist",0.631022537193464,6
"838","vEst;vest",0.213407495747976,6
"839","wEst;west",0.213407495747976,6
"840","wIt;wit",0.136189505107393,6
"841","rEsL;wrestle",0.157768319420417,6
"842","rIst;wrist",16.7244241828528,6
"843","rIt;writ",2.66969843093875,6
"844","rItN;written",0.0621020082410609,6
"845","rct;wrought",0.143452728873876,6
"846","zEst;zest",0.213407495747976,6
"847","xrEst;arrest",0.18811992858722,7
"848","xsIst;assist",0.272549340285471,7
"849","bEst;best",0.387091994941589,7
"850","bIsk;bisque",0.43462787957676,7
"851","bIt;bit",0.170774529523365,7
"852","bost;boast",0.453255413542518,7
"853","bust;boost",0.402620493513085,7
"854","brEst;breast",0.206550842701354,7
"855","brIsk;brisk",0.43462787957676,7
"856","b^st;bust",0.360274026764315,7
"857","CEst;chest",0.258930347460666,7
"858","CIt;chit",0.170774529523365,7
"859","kost;coast",0.358315648230565,7
"860","krEst;crest",0.234396837754423,7
"861","kr^st;crust",0.358862030818879,7
"862","sIst;cyst",2.96149393086673,7
"863","dIsk;disc",0.337006931585932,7
"864","drIft;drift",0.291369277793163,7
"865","d^st;dust",0.262876178625007,7
"866","f@st;fast",0.41806731734956,7
"867","fist;feast",0.389327616404585,7
"868","fRst;first",0.359712147151621,7
"869","fIst;fist",2.94195114840276,7
"870","fIt;fit",0.407966191999943,7
"871","fIkst;fixed",0.247366193581925,7
"872","fOst;foist",0.43566052511191,7
"873","frIsk;frisk",0.337006931585932,7
"874","gost;ghost",0.391337797152787,7
"875","gIft;gift",0.313414177785955,7
"876","JIst;gist",2.79996060346934,7
"877","grIst;grist",3.06872570050021,7
"878","grIsL;gristle",0.684241257497533,7
"879","grIt;grit",0.749358866760373,7
"880","gEst;guest",0.299189406043651,7
"881","g^st;gust",0.299275980439483,7
"882","hIt;hit",0.170774529523365,7
"883","host;host",0.358315648230565,7
"884","It;it",0.170774529523365,7
"885","JEst;jest",0.634601707695841,7
"886","JIlt;jilt",0.333853409530016,7
"887","JOst;joist",0.434102575068411,7
"888","JWst;joust",0.35864381873586,7
"889","J^st;just",0.626759082347051,7
"890","kIt;kit",0.170774529523365,7
"891","nIt;knit",0.170774529523365,7
"892","l@st;last",0.294186345979614,7
"893","list;least",0.271463123021018,7
"894","lEst;lest",0.492877914463727,7
"895","lIs|t;licit",0.14975943252955,7
"896","lIft;lift",0.554345594575462,7
"897","lIlt;lilt",0.348098087447019,7
"898","lInt;lint",0.280187155313237,7
"899","lIpt;lipped",0.239081262395216,7
"900","lIsp;lisp",0.204974705296471,7
"901","lIst;list",3.21857317159657,7
"902","lIsN;listen",0.204974705296471,7
"903","lIsts;lists",0.14975943252955,7
"904","lIt;lit",0.417626169553051,7
"905","lcst;lost",0.229603195569378,7
"906","l^st;lust",0.492652002034578,7
"907","m@st;mast",0.313887221194327,7
"908","mIdst;midst",0.176440925254566,7
"909","mInt;mint",0.21249233692884,7
"910","mIs;miss",0.251222911176445,7
"911","mIsL;missal",0.221203785339692,7
"912","mIst;mist",3.17545573309646,7
"913","mIstX;mister",0.332318442248575,7
"914","mIsti;misty",0.231492159276206,7
"915","mIt;mitt",0.424342554646636,7
"916","mOst;moist",0.331480428956677,7
"917","most;most",0.611091866064489,7
"918","m^st;must",0.516150245069845,7
"919","nEst;nest",0.258930347460666,7
"920","pEst;pest",0.283016183358398,7
"921","pIt;pit",0.170774529523365,7
"922","post;post",0.372197214111187,7
"923","r@ft;raft",0.252714607033551,7
"924","r@t;rat",0.228342281401849,7
"925","ret;rate",0.180175255091056,7
"926","rIr;rear",0.141864237741748,7
"927","rIsid;recede",0.789668214012421,7
"928","rIsit;receipt",3.38998199616004,7
"929","rIsiv;receive",0.789668214012421,7
"930","rIsYtL;recital",0.876174938238636,7
"931","rIsYt;recite",2.86976900996622,7
"932","rIfR;refer",0.192819406719866,7
"933","rEnt;rent",0.164164539078634,7
"934","rIpit;repeat",0.579237774843535,7
"935","rEst;rest",2.78061058773397,7
"936","rIb;rib",0.141864237741748,7
"937","rIC;rich",0.141864237741748,7
"938","rIk;rick",0.446880745829372,7
"939","rId;rid",0.141864237741748,7
"940","rIJ;ridge",0.141864237741748,7
"941","rIft;rift",2.35308295919516,7
"942","rIg;rig",0.141864237741748,7
"943","rYt;right",0.180175255091056,7
"944","rIl;rill",0.141864237741748,7
"945","rIm;rim",0.141864237741748,7
"946","rIG;ring",0.199395269223187,7
"947","rIGk;rink",0.286508186403568,7
"948","rIp;rip",0.141864237741748,7
"949","rIsk;risk",2.43475908016805,7
"950","rIske;risque",0.259363990647853,7
"951","rost;roast",2.57073481439793,7
"952","rust;roost",2.44690693597632,7
"953","rut;root",0.627132935276102,7
"954","rat;rot",0.180175255091056,7
"955","rot;rote",0.379137106235312,7
"956","rWt;rout",0.180175255091056,7
"957","r^ft;ruffed",0.436344087427381,7
"958","r^nt;runt",0.258387647914239,7
"959","rus;ruse",0.382085811795408,7
"960","r^sk;rusk",0.452077205571472,7
"961","r^s|t;russet",0.145324395552021,7
"962","r^st;rust",3.13116489224208,7
"963","r^sL;rustle",0.284898253580679,7
"964","r^t;rut",0.400634323209266,7
"965","SIft;shift",0.362912006643241,7
"966","SrIft;shrift",0.338017223979241,7
"967","sIft;sift",0.639532894690384,7
"968","sIlt;silt",0.426803269052758,7
"969","sIstX;sister",0.327600574307111,7
"970","sIt;sit",0.527648752957732,7
"971","tIt;teat",0.170774529523365,7
"972","tEst;test",0.283016183358398,7
"973","TrIft;thrift",0.291369277793163,7
"974","Tr^st;thrust",0.320066607562391,7
"975","tost;toast",0.372197214111187,7
"976","tr^st;trust",0.912845909743584,7
"977","trIst;tryst",2.9796913603768,7
"978","twIst;twist",0.674868377948889,7
"979","vEst;vest",0.258930347460666,7
"980","wEst;west",0.258930347460666,7
"981","wIt;wit",0.170774529523365,7
"982","rEsL;wrestle",0.17891699290163,7
"983","rIst;wrist",13.5178376695738,7
"984","rIt;writ",2.53047990541334,7
"985","rItN;written",0.0651176092628406,7
"986","rct;wrought",0.180175255091056,7
"987","zEst;zest",0.258930347460666,7
"988","xrEst;arrest",0.206464184861247,8
"989","xsIst;assist",0.279629356125831,8
"990","bEst;best",0.462265560994325,8
"991","bIsk;bisque",0.4794119794049,8
"992","bIt;bit",0.205139586617822,8
"993","bost;boast",0.51983296692436,8
"994","bust;boost",0.420050422103015,8
"995","brEst;breast",0.230428344296093,8
"996","brIsk;brisk",0.4794119794049,8
"997","b^st;bust",0.42525720543268,8
"998","CEst;chest",0.301937864059747,8
"999","CIt;chit",0.205139586617822,8
"1000","kost;coast",0.40166889755031,8
"1001","krEst;crest",0.267004903616845,8
"1002","kr^st;crust",0.418692734058785,8
"1003","sIst;cyst",2.79491347984698,8
"1004","dIsk;disc",0.36052627607343,8
"1005","drIft;drift",0.317273788012852,8
"1006","d^st;dust",0.304407997710802,8
"1007","f@st;fast",0.473305595056995,8
"1008","fist;feast",0.436002322113781,8
"1009","fRst;first",0.398079583433559,8
"1010","fIst;fist",2.77200471850972,8
"1011","fIt;fit",0.446607599667097,8
"1012","fIkst;fixed",0.253391366827423,8
"1013","fOst;foist",0.494717982987791,8
"1014","frIsk;frisk",0.36052627607343,8
"1015","gost;ghost",0.445223413656787,8
"1016","gIft;gift",0.345878457944079,8
"1017","JIst;gist",2.60635466210425,8
"1018","grIst;grist",2.94272050594624,8
"1019","grIsL;gristle",0.709123307785789,8
"1020","grIt;grit",0.775223038908264,8
"1021","gEst;guest",0.354544013412972,8
"1022","g^st;gust",0.351757782792831,8
"1023","hIt;hit",0.205139586617822,8
"1024","host;host",0.40166889755031,8
"1025","It;it",0.205139586617822,8
"1026","JEst;jest",0.710682524552482,8
"1027","JIlt;jilt",0.358222890380272,8
"1028","JOst;joist",0.484620761384915,8
"1029","JWst;joust",0.388249426596931,8
"1030","J^st;just",0.698761334193679,8
"1031","kIt;kit",0.205139586617822,8
"1032","nIt;knit",0.205139586617822,8
"1033","l@st;last",0.343374517979815,8
"1034","list;least",0.313265022071096,8
"1035","lEst;lest",0.567734311041588,8
"1036","lIs|t;licit",0.155651179164315,8
"1037","lIft;lift",0.620611062069069,8
"1038","lIlt;lilt",0.407274630857152,8
"1039","lInt;lint",0.322901806656574,8
"1040","lIpt;lipped",0.272542929943024,8
"1041","lIsp;lisp",0.22504807589563,8
"1042","lIst;list",3.10177331422048,8
"1043","lIsN;listen",0.22504807589563,8
"1044","lIsts;lists",0.155651179164315,8
"1045","lIt;lit",0.487486735011562,8
"1046","lcst;lost",0.260400380287562,8
"1047","l^st;lust",0.564977290768207,8
"1048","m@st;mast",0.361496872557023,8
"1049","mIdst;midst",0.183048442673755,8
"1050","mInt;mint",0.230250211511033,8
"1051","mIs;miss",0.276532823519649,8
"1052","mIsL;missal",0.239504735850987,8
"1053","mIst;mist",3.05299220608099,8
"1054","mIstX;mister",0.376026614607059,8
"1055","mIsti;misty",0.254816150713761,8
"1056","mIt;mitt",0.484533051791883,8
"1057","mOst;moist",0.382909260487819,8
"1058","most;most",0.68459517801167,8
"1059","m^st;must",0.587833465106211,8
"1060","nEst;nest",0.301937864059747,8
"1061","pEst;pest",0.332741676882297,8
"1062","pIt;pit",0.205139586617822,8
"1063","post;post",0.419860387645703,8
"1064","r@ft;raft",0.268758212591063,8
"1065","r@t;rat",0.2741512682798,8
"1066","ret;rate",0.216007315764576,8
"1067","rIr;rear",0.166072082709824,8
"1068","rIsid;recede",0.87461690168016,8
"1069","rIsit;receipt",3.32409555126994,8
"1070","rIsiv;receive",0.87461690168016,8
"1071","rIsYtL;recital",0.900299357763667,8
"1072","rIsYt;recite",2.72854916452205,8
"1073","rIfR;refer",0.193800658683785,8
"1074","rEnt;rent",0.176003409764621,8
"1075","rIpit;repeat",0.608865362160076,8
"1076","rEst;rest",2.60784662131863,8
"1077","rIb;rib",0.166072082709824,8
"1078","rIC;rich",0.166072082709824,8
"1079","rIk;rick",0.482949485086741,8
"1080","rId;rid",0.166072082709824,8
"1081","rIJ;ridge",0.166072082709824,8
"1082","rIft;rift",2.20522553054962,8
"1083","rIg;rig",0.166072082709824,8
"1084","rYt;right",0.216007315764576,8
"1085","rIl;rill",0.166072082709824,8
"1086","rIm;rim",0.166072082709824,8
"1087","rIG;ring",0.233878766322293,8
"1088","rIGk;rink",0.297011880814742,8
"1089","rIp;rip",0.166072082709824,8
"1090","rIsk;risk",2.3077988368012,8
"1091","rIske;risque",0.262713429459099,8
"1092","rost;roast",2.36229994251951,8
"1093","rust;roost",2.22632432062119,8
"1094","rut;root",0.679960220105529,8
"1095","rat;rot",0.216007315764576,8
"1096","rot;rote",0.414180710574813,8
"1097","rWt;rout",0.216007315764576,8
"1098","r^ft;ruffed",0.468373773223181,8
"1099","r^nt;runt",0.291131983394617,8
"1100","rus;ruse",0.389431133877586,8
"1101","r^sk;rusk",0.47554195093068,8
"1102","r^s|t;russet",0.151166522553395,8
"1103","r^st;rust",3.04047408389945,8
"1104","r^sL;rustle",0.320913492665847,8
"1105","r^t;rut",0.461317811709651,8
"1106","SIft;shift",0.407609572877974,8
"1107","SrIft;shrift",0.375487706722575,8
"1108","sIft;sift",0.694605498668663,8
"1109","sIlt;silt",0.473212903425494,8
"1110","sIstX;sister",0.351397064165837,8
"1111","sIt;sit",0.590860646283985,8
"1112","tIt;teat",0.205139586617822,8
"1113","tEst;test",0.332741676882297,8
"1114","TrIft;thrift",0.317273788012852,8
"1115","Tr^st;thrust",0.368864166502839,8
"1116","tost;toast",0.419860387645703,8
"1117","tr^st;trust",0.970829747583404,8
"1118","trIst;tryst",2.84032179272122,8
"1119","twIst;twist",0.695884716592483,8
"1120","vEst;vest",0.301937864059747,8
"1121","wEst;west",0.301937864059747,8
"1122","wIt;wit",0.205139586617822,8
"1123","rEsL;wrestle",0.195440879205218,8
"1124","rIst;wrist",11.1907190373532,8
"1125","rIt;writ",2.41007434957744,8
"1126","rItN;written",0.0660997311224749,8
"1127","rct;wrought",0.216007315764576,8
"1128","zEst;zest",0.301937864059747,8
"1129","xrEst;arrest",0.220950122316123,9
"1130","xsIst;assist",0.279587953683491,9
"1131","bEst;best",0.532110611375725,9
"1132","bIsk;bisque",0.514535152828308,9
"1133","bIt;bit",0.238869351296509,9
"1134","bost;boast",0.577294758226701,9
"1135","bust;boost",0.428464735336011,9
"1136","brEst;breast",0.250334637804319,9
"1137","brIsk;brisk",0.514535152828308,9
"1138","b^st;bust",0.484449243509147,9
"1139","CEst;chest",0.342335729052843,9
"1140","CIt;chit",0.238869351296509,9
"1141","kost;coast",0.438036184290311,9
"1142","krEst;crest",0.295351631214312,9
"1143","kr^st;crust",0.470816414866707,9
"1144","sIst;cyst",2.63211374324808,9
"1145","dIsk;disc",0.377236219085264,9
"1146","drIft;drift",0.337111246678215,9
"1147","d^st;dust",0.342465556514039,9
"1148","f@st;fast",0.520456946858673,9
"1149","fist;feast",0.474722152929586,9
"1150","fRst;first",0.428817155319186,9
"1151","fIst;fist",2.60849116103382,9
"1152","fIt;fit",0.478660916728032,9
"1153","fIkst;fixed",0.252974085465825,9
"1154","fOst;foist",0.544960605708913,9
"1155","frIsk;frisk",0.377236219085264,9
"1156","gost;ghost",0.492270648212849,9
"1157","gIft;gift",0.372157975685376,9
"1158","JIst;gist",2.42428927510758,9
"1159","grIst;grist",2.81177491873881,9
"1160","grIsL;gristle",0.71709035339602,9
"1161","grIt;grit",0.782901308556704,9
"1162","gEst;guest",0.407244615004954,9
"1163","g^st;gust",0.400662454482409,9
"1164","hIt;hit",0.238869351296509,9
"1165","host;host",0.438036184290311,9
"1166","It;it",0.238869351296509,9
"1167","JEst;jest",0.774981234879473,9
"1168","JIlt;jilt",0.374794064371583,9
"1169","JOst;joist",0.525601732517979,9
"1170","JWst;joust",0.409372767067085,9
"1171","J^st;just",0.758524487329975,9
"1172","kIt;kit",0.238869351296509,9
"1173","nIt;knit",0.238869351296509,9
"1174","l@st;last",0.388418417905086,9
"1175","list;least",0.350814586382118,9
"1176","lEst;lest",0.636370057004962,9
"1177","lIs|t;licit",0.157931193534292,9
"1178","lIft;lift",0.676777087718648,9
"1179","lIlt;lilt",0.459592153411406,9
"1180","lInt;lint",0.360650671082454,9
"1181","lIpt;lipped",0.302166950768113,9
"1182","lIsp;lisp",0.240266232630557,9
"1183","lIst;list",2.98767513105629,9
"1184","lIsN;listen",0.240266232630557,9
"1185","lIsts;lists",0.157931193534292,9
"1186","lIt;lit",0.552736263403397,9
"1187","lcst;lost",0.287688426093118,9
"1188","l^st;lust",0.630299701116029,9
"1189","m@st;mast",0.404123989737062,9
"1190","mIdst;midst",0.185377513735647,9
"1191","mInt;mint",0.243648836975668,9
"1192","mIs;miss",0.295827285426518,9
"1193","mIsL;missal",0.252550201311675,9
"1194","mIst;mist",2.93348878093078,9
"1195","mIstX;mister",0.411394216320899,9
"1196","mIsti;misty",0.273217570824357,9
"1197","mIt;mitt",0.538015680024752,9
"1198","mOst;moist",0.428627648587301,9
"1199","most;most",0.746727098824158,9
"1200","m^st;must",0.651583467721576,9
"1201","nEst;nest",0.342335729052843,9
"1202","pEst;pest",0.379559289663096,9
"1203","pIt;pit",0.238869351296509,9
"1204","post;post",0.460558386066014,9
"1205","r@ft;raft",0.279588351519269,9
"1206","r@t;rat",0.316826807973242,9
"1207","ret;rate",0.250274514143054,9
"1208","rIr;rear",0.189017467502143,9
"1209","rIsid;recede",0.942870099504333,9
"1210","rIsit;receipt",3.25459246344361,9
"1211","rIsiv;receive",0.942870099504333,9
"1212","rIsYtL;recital",0.903064466886772,9
"1213","rIsYt;recite",2.58934593752111,9
"1214","rIfR;refer",0.19079109934239,9
"1215","rEnt;rent",0.184154984909611,9
"1216","rIpit;repeat",0.62565148658825,9
"1217","rEst;rest",2.45156424976297,9
"1218","rIb;rib",0.189017467502143,9
"1219","rIC;rich",0.189017467502143,9
"1220","rIk;rick",0.510843715642806,9
"1221","rId;rid",0.189017467502143,9
"1222","rIJ;ridge",0.189017467502143,9
"1223","rIft;rift",2.07861307878104,9
"1224","rIg;rig",0.189017467502143,9
"1225","rYt;right",0.250274514143054,9
"1226","rIl;rill",0.189017467502143,9
"1227","rIm;rim",0.189017467502143,9
"1228","rIG;ring",0.264865603573647,9
"1229","rIGk;rink",0.301826901739136,9
"1230","rIp;rip",0.189017467502143,9
"1231","rIsk;risk",2.19653984654388,9
"1232","rIske;risque",0.260826028514743,9
"1233","rost;roast",2.1734252861072,9
"1234","rust;roost",2.02289851118184,9
"1235","rut;root",0.71752599093813,9
"1236","rat;rot",0.250274514143054,9
"1237","rot;rote",0.442828211614782,9
"1238","rWt;rout",0.250274514143054,9
"1239","r^ft;ruffed",0.491243430361665,9
"1240","r^nt;runt",0.317835757062312,9
"1241","rus;ruse",0.386560062808746,9
"1242","r^sk;rusk",0.489904828346689,9
"1243","r^s|t;russet",0.153824051322631,9
"1244","r^st;rust",2.95590618482456,9
"1245","r^sL;rustle",0.349517257375198,9
"1246","r^t;rut",0.515603970553926,9
"1247","SIft;shift",0.445015644116424,9
"1248","SrIft;shrift",0.405883364944791,9
"1249","sIft;sift",0.735757797171355,9
"1250","sIlt;silt",0.509220797071642,9
"1251","sIstX;sister",0.367428010772201,9
"1252","sIt;sit",0.644538432092148,9
"1253","tIt;teat",0.238869351296509,9
"1254","tEst;test",0.379559289663096,9
"1255","TrIft;thrift",0.337111246678215,9
"1256","Tr^st;thrust",0.410426588210406,9
"1257","tost;toast",0.460558386066014,9
"1258","tr^st;trust",1.00890081500242,9
"1259","trIst;tryst",2.7003329208477,9
"1260","twIst;twist",0.700143436068829,9
"1261","vEst;vest",0.342335729052843,9
"1262","wEst;west",0.342335729052843,9
"1263","wIt;wit",0.238869351296509,9
"1264","rEsL;wrestle",0.208017664030017,9
"1265","rIst;wrist",9.47658428540944,9
"1266","rIt;writ",2.31307012628218,9
"1267","rItN;written",0.0658109551606846,9
"1268","rct;wrought",0.250274514143054,9
"1269","zEst;zest",0.342335729052843,9
"1270","xrEst;arrest",0.232365019544128,10
"1271","xsIst;assist",0.274674979875886,10
"1272","bEst;best",0.59611762083314,10
"1273","bIsk;bisque",0.541431550010232,10
"1274","bIt;bit",0.271704306018607,10
"1275","bost;boast",0.626229482134945,10
"1276","bust;boost",0.430730328305716,10
"1277","brEst;breast",0.266896307009668,10
"1278","brIsk;brisk",0.541431550010232,10
"1279","b^st;bust",0.53752393386816,10
"1280","CEst;chest",0.380203882611171,10
"1281","CIt;chit",0.271704306018607,10
"1282","kost;coast",0.468368968304858,10
"1283","krEst;crest",0.319700946778402,10
"1284","kr^st;crust",0.515105285612273,10
"1285","sIst;cyst",2.47937306257628,10
"1286","dIsk;disc",0.388736863527312,10
"1287","drIft;drift",0.352095576682958,10
"1288","d^st;dust",0.377064473138337,10
"1289","f@st;fast",0.560205880050783,10
"1290","fist;feast",0.50641906867533,10
"1291","fRst;first",0.45306688355578,10
"1292","fIst;fist",2.45756332986402,10
"1293","fIt;fit",0.50595441985,10
"1294","fIkst;fixed",0.248222527854272,10
"1295","fOst;foist",0.586992024247346,10
"1296","frIsk;frisk",0.388736863527312,10
"1297","gost;ghost",0.533119845467318,10
"1298","gIft;gift",0.393268561875192,10
"1299","JIst;gist",2.25968707066418,10
"1300","grIst;grist",2.68101566983448,10
"1301","grIsL;gristle",0.712846366282624,10
"1302","grIt;grit",0.777668657540635,10
"1303","gEst;guest",0.457012442748042,10
"1304","g^st;gust",0.445707711759863,10
"1305","hIt;hit",0.271704306018607,10
"1306","host;host",0.468368968304858,10
"1307","It;it",0.271704306018607,10
"1308","JEst;jest",0.829359997995448,10
"1309","JIlt;jilt",0.385334577712408,10
"1310","JOst;joist",0.558287620578143,10
"1311","JWst;joust",0.423825061143575,10
"1312","J^st;just",0.807884615022042,10
"1313","kIt;kit",0.271704306018607,10
"1314","nIt;knit",0.271704306018607,10
"1315","l@st;last",0.429219722524285,10
"1316","list;least",0.384257097109594,10
"1317","lEst;lest",0.699244750799578,10
"1318","lIs|t;licit",0.157725653332788,10
"1319","lIft;lift",0.724099998308089,10
"1320","lIlt;lilt",0.504855037422445,10
"1321","lInt;lint",0.393592502248941,10
"1322","lIpt;lipped",0.328191530839372,10
"1323","lIsp;lisp",0.251400115594757,10
"1324","lIst;list",2.88193413963754,10
"1325","lIsN;listen",0.251400115594757,10
"1326","lIsts;lists",0.157725653332788,10
"1327","lIt;lit",0.613303654373065,10
"1328","lcst;lost",0.311864879485037,10
"1329","l^st;lust",0.689035955273637,10
"1330","m@st;mast",0.441903229400231,10
"1331","mIdst;midst",0.184767174257405,10
"1332","mInt;mint",0.253677428080007,10
"1333","mIs;miss",0.31005233863823,10
"1334","mIsL;missal",0.261370784103276,10
"1335","mIst;mist",2.82233829671574,10
"1336","mIstX;mister",0.439075703306565,10
"1337","mIsti;misty",0.287394635851592,10
"1338","mIt;mitt",0.585481838655888,10
"1339","mOst;moist",0.468689373596794,10
"1340","most;most",0.79904830388221,10
"1341","m^st;must",0.708028565849724,10
"1342","nEst;nest",0.380203882611171,10
"1343","pEst;pest",0.423378761248414,10
"1344","pIt;pit",0.271704306018607,10
"1345","post;post",0.49512553163868,10
"1346","r@ft;raft",0.286656583093912,10
"1347","r@t;rat",0.35594847867681,10
"1348","ret;rate",0.282565358278181,10
"1349","rIr;rear",0.210717365844332,10
"1350","rIsid;recede",0.996715132385299,10
"1351","rIsit;receipt",3.18539174934184,10
"1352","rIsiv;receive",0.996715132385299,10
"1353","rIsYtL;recital",0.891079720572851,10
"1354","rIsYt;recite",2.45642299948885,10
"1355","rIfR;refer",0.185519096509199,10
"1356","rEnt;rent",0.189519634962846,10
"1357","rIpit;repeat",0.633231588418392,10
"1358","rEst;rest",2.31646363298655,10
"1359","rIb;rib",0.210717365844332,10
"1360","rIC;rich",0.210717365844332,10
"1361","rIk;rick",0.532762745312254,10
"1362","rId;rid",0.210717365844332,10
"1363","rIJ;ridge",0.210717365844332,10
"1364","rIft;rift",1.97270850572884,10
"1365","rIg;rig",0.210717365844332,10
"1366","rYt;right",0.282565358278181,10
"1367","rIl;rill",0.210717365844332,10
"1368","rIm;rim",0.210717365844332,10
"1369","rIG;ring",0.292527133019925,10
"1370","rIGk;rink",0.302907167321751,10
"1371","rIp;rip",0.210717365844332,10
"1372","rIsk;risk",2.10055142691661,10
"1373","rIske;risque",0.255796214845116,10
"1374","rost;roast",2.00869080559454,10
"1375","rust;roost",1.84118396722958,10
"1376","rut;root",0.743094645078087,10
"1377","rat;rot",0.282565358278181,10
"1378","rot;rote",0.466746216117395,10
"1379","rWt;rout",0.282565358278181,10
"1380","r^ft;ruffed",0.507194547336423,10
"1381","r^nt;runt",0.339145185683891,10
"1382","rus;ruse",0.376856585107293,10
"1383","r^sk;rusk",0.497775303383281,10
"1384","r^s|t;russet",0.154349038844124,10
"1385","r^st;rust",2.88072795148832,10
"1386","r^sL;rustle",0.371527415520093,10
"1387","r^t;rut",0.563732852826367,10
"1388","SIft;shift",0.475921091677203,10
"1389","SrIft;shrift",0.430206870413508,10
"1390","sIft;sift",0.76576956379362,10
"1391","sIlt;silt",0.536211755882882,10
"1392","sIstX;sister",0.377302441470073,10
"1393","sIt;sit",0.690149073762502,10
"1394","tIt;teat",0.271704306018607,10
"1395","tEst;test",0.423378761248414,10
"1396","TrIft;thrift",0.352095576682958,10
"1397","Tr^st;thrust",0.444949606905751,10
"1398","tost;toast",0.49512553163868,10
"1399","tr^st;trust",1.0317816324196,10
"1400","trIst;tryst",2.56451271079605,10
"1401","twIst;twist",0.692625374311758,10
"1402","vEst;vest",0.380203882611171,10
"1403","wEst;west",0.380203882611171,10
"1404","wIt;wit",0.271704306018607,10
"1405","rEsL;wrestle",0.217337554304976,10
"1406","rIst;wrist",8.1946516141909,10
"1407","rIt;writ",2.23899895798656,10
"1408","rItN;written",0.0648222912580105,10
"1409","rct;wrought",0.282565358278181,10
"1410","zEst;zest",0.380203882611171,10
