"","node","activation","time"
"1","xrEst;arrest",0,1
"2","xsIst;assist",0,1
"3","bEst;best",0,1
"4","bIsk;bisque",0,1
"5","bIt;bit",0,1
"6","bost;boast",0,1
"7","bust;boost",0,1
"8","brEst;breast",0,1
"9","brIsk;brisk",0,1
"10","b^st;bust",0,1
"11","CEst;chest",0,1
"12","CIt;chit",0,1
"13","kost;coast",0,1
"14","krEst;crest",0,1
"15","kr^st;crust",0,1
"16","sIst;cyst",3.75,1
"17","dIsk;disc",0,1
"18","drIft;drift",0,1
"19","d^st;dust",0,1
"20","f@st;fast",0,1
"21","fist;feast",0,1
"22","fRst;first",0,1
"23","fIst;fist",3.75,1
"24","fIt;fit",0,1
"25","fIkst;fixed",0,1
"26","fOst;foist",0,1
"27","frIsk;frisk",0,1
"28","gost;ghost",0,1
"29","gIft;gift",0,1
"30","JIst;gist",3.75,1
"31","grIst;grist",3.75,1
"32","grIsL;gristle",0,1
"33","grIt;grit",0,1
"34","gEst;guest",0,1
"35","g^st;gust",0,1
"36","hIt;hit",0,1
"37","host;host",0,1
"38","It;it",0,1
"39","JEst;jest",0,1
"40","JIlt;jilt",0,1
"41","JOst;joist",0,1
"42","JWst;joust",0,1
"43","J^st;just",0,1
"44","kIt;kit",0,1
"45","nIt;knit",0,1
"46","l@st;last",0,1
"47","list;least",0,1
"48","lEst;lest",0,1
"49","lIs|t;licit",0,1
"50","lIft;lift",0,1
"51","lIlt;lilt",0,1
"52","lInt;lint",0,1
"53","lIpt;lipped",0,1
"54","lIsp;lisp",0,1
"55","lIst;list",3.75,1
"56","lIsN;listen",0,1
"57","lIsts;lists",0,1
"58","lIt;lit",0,1
"59","lcst;lost",0,1
"60","l^st;lust",0,1
"61","m@st;mast",0,1
"62","mIdst;midst",0,1
"63","mInt;mint",0,1
"64","mIs;miss",0,1
"65","mIsL;missal",0,1
"66","mIst;mist",3.75,1
"67","mIstX;mister",0,1
"68","mIsti;misty",0,1
"69","mIt;mitt",0,1
"70","mOst;moist",0,1
"71","most;most",0,1
"72","m^st;must",0,1
"73","nEst;nest",0,1
"74","pEst;pest",0,1
"75","pIt;pit",0,1
"76","post;post",0,1
"77","r@ft;raft",0,1
"78","r@t;rat",0,1
"79","ret;rate",0,1
"80","rIr;rear",0,1
"81","rIsid;recede",0,1
"82","rIsit;receipt",3.75,1
"83","rIsiv;receive",0,1
"84","rIsYtL;recital",0,1
"85","rIsYt;recite",3.75,1
"86","rIfR;refer",0,1
"87","rEnt;rent",0,1
"88","rIpit;repeat",0,1
"89","rEst;rest",3.75,1
"90","rIb;rib",0,1
"91","rIC;rich",0,1
"92","rIk;rick",0,1
"93","rId;rid",0,1
"94","rIJ;ridge",0,1
"95","rIft;rift",3.75,1
"96","rIg;rig",0,1
"97","rYt;right",0,1
"98","rIl;rill",0,1
"99","rIm;rim",0,1
"100","rIG;ring",0,1
"101","rIGk;rink",0,1
"102","rIp;rip",0,1
"103","rIsk;risk",3.75,1
"104","rIske;risque",0,1
"105","rost;roast",3.75,1
"106","rust;roost",3.75,1
"107","rut;root",0,1
"108","rat;rot",0,1
"109","rot;rote",0,1
"110","rWt;rout",0,1
"111","r^ft;ruffed",0,1
"112","r^nt;runt",0,1
"113","rus;ruse",0,1
"114","r^sk;rusk",0,1
"115","r^s|t;russet",0,1
"116","r^st;rust",3.75,1
"117","r^sL;rustle",0,1
"118","r^t;rut",0,1
"119","SIft;shift",0,1
"120","SrIft;shrift",0,1
"121","sIft;sift",0,1
"122","sIlt;silt",0,1
"123","sIstX;sister",0,1
"124","sIt;sit",0,1
"125","tIt;teat",0,1
"126","tEst;test",0,1
"127","TrIft;thrift",0,1
"128","Tr^st;thrust",0,1
"129","tost;toast",0,1
"130","tr^st;trust",0,1
"131","trIst;tryst",3.75,1
"132","twIst;twist",0,1
"133","vEst;vest",0,1
"134","wEst;west",0,1
"135","wIt;wit",0,1
"136","rEsL;wrestle",0,1
"137","rIst;wrist",40,1
"138","rIt;writ",3.75,1
"139","rItN;written",0,1
"140","rct;wrought",0,1
"141","zEst;zest",0,1
"142","xrEst;arrest",0.1125,2
"143","xsIst;assist",0.225,2
"144","bEst;best",0.1125,2
"145","bIsk;bisque",0.25,2
"146","bIt;bit",0.0608108108108108,2
"147","bost;boast",0.1875,2
"148","bust;boost",0.321428571428571,2
"149","brEst;breast",0.1125,2
"150","brIsk;brisk",0.25,2
"151","b^st;bust",0.118421052631579,2
"152","CEst;chest",0.1125,2
"153","CIt;chit",0.0608108108108108,2
"154","kost;coast",0.1875,2
"155","krEst;crest",0.1125,2
"156","kr^st;crust",0.118421052631579,2
"157","sIst;cyst",3.68859150717703,2
"158","dIsk;disc",0.25,2
"159","drIft;drift",0.1875,2
"160","d^st;dust",0.118421052631579,2
"161","f@st;fast",0.204545454545455,2
"162","fist;feast",0.204545454545455,2
"163","fRst;first",0.204545454545455,2
"164","fIst;fist",3.70904605263158,2
"165","fIt;fit",0.265356265356265,2
"166","fIkst;fixed",0.204545454545455,2
"167","fOst;foist",0.204545454545455,2
"168","frIsk;frisk",0.25,2
"169","gost;ghost",0.1875,2
"170","gIft;gift",0.1875,2
"171","JIst;gist",3.68859150717703,2
"172","grIst;grist",3.5625,2
"173","grIsL;gristle",0.5625,2
"174","grIt;grit",0.623310810810811,2
"175","gEst;guest",0.1125,2
"176","g^st;gust",0.118421052631579,2
"177","hIt;hit",0.0608108108108108,2
"178","host;host",0.1875,2
"179","It;it",0.0608108108108108,2
"180","JEst;jest",0.3375,2
"181","JIlt;jilt",0.225,2
"182","JOst;joist",0.225,2
"183","JWst;joust",0.225,2
"184","J^st;just",0.343421052631579,2
"185","kIt;kit",0.0608108108108108,2
"186","nIt;knit",0.0608108108108108,2
"187","l@st;last",0.118421052631579,2
"188","list;least",0.118421052631579,2
"189","lEst;lest",0.230921052631579,2
"190","lIs|t;licit",0.118421052631579,2
"191","lIft;lift",0.305921052631579,2
"192","lIlt;lilt",0.118421052631579,2
"193","lInt;lint",0.118421052631579,2
"194","lIpt;lipped",0.118421052631579,2
"195","lIsp;lisp",0.118421052631579,2
"196","lIst;list",3.79517045454545,2
"197","lIsN;listen",0.118421052631579,2
"198","lIsts;lists",0.118421052631579,2
"199","lIt;lit",0.17923186344239,2
"200","lcst;lost",0.118421052631579,2
"201","l^st;lust",0.236842105263158,2
"202","m@st;mast",0.140625,2
"203","mIdst;midst",0.140625,2
"204","mInt;mint",0.140625,2
"205","mIs;miss",0.140625,2
"206","mIsL;missal",0.140625,2
"207","mIst;mist",3.77296650717703,2
"208","mIstX;mister",0.140625,2
"209","mIsti;misty",0.140625,2
"210","mIt;mitt",0.201435810810811,2
"211","mOst;moist",0.140625,2
"212","most;most",0.328125,2
"213","m^st;must",0.259046052631579,2
"214","nEst;nest",0.1125,2
"215","pEst;pest",0.1125,2
"216","pIt;pit",0.0608108108108108,2
"217","post;post",0.1875,2
"218","r@ft;raft",0.1875,2
"219","r@t;rat",0.0608108108108108,2
"220","ret;rate",0.0608108108108108,2
"221","rIr;rear",0.0608108108108108,2
"222","rIsid;recede",0.45,2
"223","rIsit;receipt",3.75,2
"224","rIsiv;receive",0.45,2
"225","rIsYtL;recital",0.75,2
"226","rIsYt;recite",3.45,2
"227","rIfR;refer",0.1875,2
"228","rEnt;rent",0.1125,2
"229","rIpit;repeat",0.45,2
"230","rEst;rest",3.62734962406015,2
"231","rIb;rib",0.0608108108108108,2
"232","rIC;rich",0.0608108108108108,2
"233","rIk;rick",0.310810810810811,2
"234","rId;rid",0.0608108108108108,2
"235","rIJ;ridge",0.0608108108108108,2
"236","rIft;rift",3.06081081081081,2
"237","rIg;rig",0.0608108108108108,2
"238","rYt;right",0.0608108108108108,2
"239","rIl;rill",0.0608108108108108,2
"240","rIm;rim",0.0608108108108108,2
"241","rIG;ring",0.0608108108108108,2
"242","rIGk;rink",0.25,2
"243","rIp;rip",0.0608108108108108,2
"244","rIsk;risk",3,2
"245","rIske;risque",0.25,2
"246","rost;roast",3.55234962406015,2
"247","rust;roost",3.41842105263158,2
"248","rut;root",0.382239382239382,2
"249","rat;rot",0.0608108108108108,2
"250","rot;rote",0.248310810810811,2
"251","rWt;rout",0.0608108108108108,2
"252","r^ft;ruffed",0.305921052631579,2
"253","r^nt;runt",0.118421052631579,2
"254","rus;ruse",0.321428571428571,2
"255","r^sk;rusk",0.368421052631579,2
"256","r^s|t;russet",0.118421052631579,2
"257","r^st;rust",3.62142857142857,2
"258","r^sL;rustle",0.118421052631579,2
"259","r^t;rut",0.17923186344239,2
"260","SIft;shift",0.1875,2
"261","SrIft;shrift",0.1875,2
"262","sIft;sift",0.4125,2
"263","sIlt;silt",0.225,2
"264","sIstX;sister",0.225,2
"265","sIt;sit",0.285810810810811,2
"266","tIt;teat",0.0608108108108108,2
"267","tEst;test",0.1125,2
"268","TrIft;thrift",0.1875,2
"269","Tr^st;thrust",0.118421052631579,2
"270","tost;toast",0.1875,2
"271","tr^st;trust",0.680921052631579,2
"272","trIst;tryst",3.5625,2
"273","twIst;twist",0.5625,2
"274","vEst;vest",0.1125,2
"275","wEst;west",0.1125,2
"276","wIt;wit",0.0608108108108108,2
"277","rEsL;wrestle",0.1125,2
"278","rIst;wrist",20.476751942048,2
"279","rIt;writ",3.1875,2
"280","rItN;written",0.0608108108108108,2
"281","rct;wrought",0.0608108108108108,2
"282","zEst;zest",0.1125,2
"283","xrEst;arrest",0.187570488721805,3
"284","xsIst;assist",0.311315490430622,3
"285","bEst;best",0.307338176626006,3
"286","bIsk;bisque",0.425,3
"287","bIt;bit",0.134085291098038,3
"288","bost;boast",0.403892088174983,3
"289","bust;boost",0.445223684210526,3
"290","brEst;breast",0.197695488721805,3
"291","brIsk;brisk",0.425,3
"292","b^st;bust",0.295483979835953,3
"293","CEst;chest",0.221467790433251,3
"294","CIt;chit",0.134085291098038,3
"295","kost;coast",0.338461637047163,3
"296","krEst;crest",0.210958646616541,3
"297","kr^st;crust",0.304426691729323,3
"298","sIst;cyst",3.20385067431901,3
"299","dIsk;disc",0.35,3
"300","drIft;drift",0.293665540540541,3
"301","d^st;dust",0.227572325700615,3
"302","f@st;fast",0.384024478810663,3
"303","fist;feast",0.367562799043062,3
"304","fRst;first",0.349584330143541,3
"305","fIst;fist",3.18569737953414,3
"306","fIt;fit",0.409649317221274,3
"307","fIkst;fixed",0.284129784688995,3
"308","fOst;foist",0.396374102870813,3
"309","frIsk;frisk",0.35,3
"310","gost;ghost",0.356106952258268,3
"311","gIft;gift",0.306292420239789,3
"312","JIst;gist",3.06363088921436,3
"313","grIst;grist",3.25174644107004,3
"314","grIsL;gristle",0.759375,3
"315","grIt;grit",0.835388513513514,3
"316","gEst;guest",0.243793425324675,3
"317","g^st;gust",0.248225159708712,3
"318","hIt;hit",0.134085291098038,3
"319","host;host",0.338461637047163,3
"320","It;it",0.134085291098038,3
"321","JEst;jest",0.602274907658131,3
"322","JIlt;jilt",0.348465866370472,3
"323","JOst;joist",0.413687799043062,3
"324","JWst;joust",0.367920753588517,3
"325","J^st;just",0.5998746582365,3
"326","kIt;kit",0.134085291098038,3
"327","nIt;knit",0.134085291098038,3
"328","l@st;last",0.249363785885167,3
"329","list;least",0.237700465652768,3
"330","lEst;lest",0.435282191492718,3
"331","lIs|t;licit",0.167215909090909,3
"332","lIft;lift",0.523415995455469,3
"333","lIlt;lilt",0.291637672960041,3
"334","lInt;lint",0.246070943636733,3
"335","lIpt;lipped",0.215577522584102,3
"336","lIsp;lisp",0.202742224880383,3
"337","lIst;list",3.40588644922156,3
"338","lIsN;listen",0.202742224880383,3
"339","lIsts;lists",0.167215909090909,3
"340","lIt;lit",0.354731201908422,3
"341","lcst;lost",0.210786590054682,3
"342","l^st;lust",0.438574226760082,3
"343","m@st;mast",0.275844155844156,3
"344","mIdst;midst",0.197736244019139,3
"345","mInt;mint",0.217132192187702,3
"346","mIs;miss",0.247477586924544,3
"347","mIsL;missal",0.225861244019139,3
"348","mIst;mist",3.36409920580398,3
"349","mIstX;mister",0.307423744019139,3
"350","mIsti;misty",0.225861244019139,3
"351","mIt;mitt",0.383324345018424,3
"352","mOst;moist",0.288193779904306,3
"353","most;most",0.578039345522898,3
"354","m^st;must",0.467630639097744,3
"355","nEst;nest",0.221467790433251,3
"356","pEst;pest",0.236041654069615,3
"357","pIt;pit",0.134085291098038,3
"358","post;post",0.346095565618592,3
"359","r@ft;raft",0.268399715504979,3
"360","r@t;rat",0.178493446453973,3
"361","ret;rate",0.140588041048567,3
"362","rIr;rear",0.119934794934795,3
"363","rIsid;recede",0.765,3
"364","rIsit;receipt",3.4978781978268,3
"365","rIsiv;receive",0.765,3
"366","rIsYtL;recital",0.99,3
"367","rIsYt;recite",3.0478781978268,3
"368","rIfR;refer",0.228040540540541,3
"369","rEnt;rent",0.171583646616541,3
"370","rIpit;repeat",0.63,3
"371","rEst;rest",3.00133761505431,3
"372","rIb;rib",0.119934794934795,3
"373","rIC;rich",0.119934794934795,3
"374","rIk;rick",0.458906633906634,3
"375","rId;rid",0.119934794934795,3
"376","rIJ;ridge",0.119934794934795,3
"377","rIft;rift",2.44010411735535,3
"378","rIg;rig",0.119934794934795,3
"379","rYt;right",0.140588041048567,3
"380","rIl;rill",0.119934794934795,3
"381","rIm;rim",0.119934794934795,3
"382","rIG;ring",0.170211207711208,3
"383","rIGk;rink",0.317385654885655,3
"384","rIp;rip",0.119934794934795,3
"385","rIsk;risk",2.50590752269823,3
"386","rIske;risque",0.3,3
"387","rost;roast",2.82182119028953,3
"388","rust;roost",2.70153776905216,3
"389","rut;root",0.641800193050193,3
"390","rat;rot",0.140588041048567,3
"391","rot;rote",0.38236092765698,3
"392","rWt;rout",0.140588041048567,3
"393","r^ft;ruffed",0.453994614915668,3
"394","r^nt;runt",0.24115144279618,3
"395","rus;ruse",0.442428368217842,3
"396","r^sk;rusk",0.485413533834586,3
"397","r^s|t;russet",0.161729323308271,3
"398","r^st;rust",3.24902207910555,3
"399","r^sL;rustle",0.269163533834586,3
"400","r^t;rut",0.351883509449299,3
"401","SIft;shift",0.340042420239789,3
"402","SrIft;shrift",0.325540540540541,3
"403","sIft;sift",0.648093673218673,3
"404","sIlt;silt",0.41254091463302,3
"405","sIstX;sister",0.339440490430622,3
"406","sIt;sit",0.49984667178705,3
"407","tIt;teat",0.134085291098038,3
"408","tEst;test",0.236041654069615,3
"409","TrIft;thrift",0.293665540540541,3
"410","Tr^st;thrust",0.281630639097744,3
"411","tost;toast",0.346095565618592,3
"412","tr^st;trust",0.962551691729323,3
"413","trIst;tryst",3.16689135572154,3
"414","twIst;twist",0.759375,3
"415","vEst;vest",0.221467790433251,3
"416","wEst;west",0.221467790433251,3
"417","wIt;wit",0.134085291098038,3
"418","rEsL;wrestle",0.17750469924812,3
"419","rIst;wrist",12.4042632133158,3
"420","rIt;writ",2.59614371481559,3
"421","rItN;written",0.0760135135135135,3
"422","rct;wrought",0.140588041048567,3
"423","zEst;zest",0.221467790433251,3
"424","xrEst;arrest",0.226366444241103,4
"425","xsIst;assist",0.31675723663139,4
"426","bEst;best",0.489016286943257,4
"427","bIsk;bisque",0.527060501513215,4
"428","bIt;bit",0.207741845258331,4
"429","bost;boast",0.5666301185659,4
"430","bust;boost",0.465875838233284,4
"431","brEst;breast",0.250569745742233,4
"432","brIsk;brisk",0.527060501513215,4
"433","b^st;bust",0.453451562095231,4
"434","CEst;chest",0.314511265015424,4
"435","CIt;chit",0.207741845258331,4
"436","kost;coast",0.436904454258403,4
"437","krEst;crest",0.287256011910276,4
"438","kr^st;crust",0.45672405249807,4
"439","sIst;cyst",2.75041282194262,4
"440","dIsk;disc",0.392060501513215,4
"441","drIft;drift",0.347035611273173,4
"442","d^st;dust",0.31991799487298,4
"443","f@st;fast",0.512516153203571,4
"444","fist;feast",0.475037985483133,4
"445","fRst;first",0.435746437721684,4
"446","fIst;fist",2.71181505896316,4
"447","fIt;fit",0.480364919905929,4
"448","fIkst;fixed",0.287417225486551,4
"449","fOst;foist",0.53745074394178,4
"450","frIsk;frisk",0.392060501513215,4
"451","gost;ghost",0.479102005544053,4
"452","gIft;gift",0.375772550365375,4
"453","JIst;gist",2.51665014941281,4
"454","grIst;grist",2.94713370433965,4
"455","grIsL;gristle",0.791511966160506,4
"456","grIt;grit",0.864016999373732,4
"457","gEst;guest",0.366626926484637,4
"458","g^st;gust",0.367311941797765,4
"459","hIt;hit",0.207741845258331,4
"460","host;host",0.436904454258403,4
"461","It;it",0.207741845258331,4
"462","JEst;jest",0.771190402685046,4
"463","JIlt;jilt",0.397706624482159,4
"464","JOst;joist",0.533021350086391,4
"465","JWst;joust",0.43243841049309,4
"466","J^st;just",0.760069423564976,4
"467","kIt;kit",0.207741845258331,4
"468","nIt;knit",0.207741845258331,4
"469","l@st;last",0.362596436845701,4
"470","list;least",0.333655773397307,4
"471","lEst;lest",0.597709020189925,4
"472","lIs|t;licit",0.17444067255915,4
"473","lIft;lift",0.66852403800923,4
"474","lIlt;lilt",0.440602631304604,4
"475","lInt;lint",0.346994715444237,4
"476","lIpt;lipped",0.290108700239225,4
"477","lIsp;lisp",0.249473866339054,4
"478","lIst;list",3.05866327555231,4
"479","lIsN;listen",0.249473866339054,4
"480","lIsts;lists",0.17444067255915,4
"481","lIt;lit",0.5082870086011,4
"482","lcst;lost",0.27725834303162,4
"483","l^st;lust",0.597469624582037,4
"484","m@st;mast",0.384674504409534,4
"485","mIdst;midst",0.205248217825305,4
"486","mInt;mint",0.251988354394594,4
"487","mIs;miss",0.307277791131399,4
"488","mIsL;missal",0.265993735210213,4
"489","mIst;mist",3.00709897832152,4
"490","mIstX;mister",0.418713738160233,4
"491","mIsti;misty",0.277982966629132,4
"492","mIt;mitt",0.518327031825226,4
"493","mOst;moist",0.409609095147743,4
"494","most;most",0.740832468401539,4
"495","m^st;must",0.624727647095227,4
"496","nEst;nest",0.314511265015424,4
"497","pEst;pest",0.346575956484243,4
"498","pIt;pit",0.207741845258331,4
"499","post;post",0.454813938430246,4
"500","r@ft;raft",0.294554052646878,4
"501","r@t;rat",0.289582744229095,4
"502","ret;rate",0.222077709683271,4
"503","rIr;rear",0.172099595591879,4
"504","rIsid;recede",0.955245383739216,4
"505","rIsit;receipt",3.31088678919542,4
"506","rIsiv;receive",0.955245383739216,4
"507","rIsYtL;recital",1.00557563956536,4
"508","rIsYt;recite",2.69805653336928,4
"509","rIfR;refer",0.213221422083984,4
"510","rEnt;rent",0.194846303517673,4
"511","rIpit;repeat",0.671745383739216,4
"512","rEst;rest",2.49244985696629,4
"513","rIb;rib",0.172099595591879,4
"514","rIC;rich",0.172099595591879,4
"515","rIk;rick",0.523587555396189,4
"516","rId;rid",0.172099595591879,4
"517","rIJ;ridge",0.172099595591879,4
"518","rIft;rift",2.07177630319946,4
"519","rIg;rig",0.172099595591879,4
"520","rYt;right",0.222077709683271,4
"521","rIl;rill",0.172099595591879,4
"522","rIm;rim",0.172099595591879,4
"523","rIG;ring",0.253718629199549,4
"524","rIGk;rink",0.323705630033344,4
"525","rIp;rip",0.172099595591879,4
"526","rIsk;risk",2.20926302350299,4
"527","rIske;risque",0.287060501513215,4
"528","rost;roast",2.23047094555183,4
"529","rust;roost",2.11402620967544,4
"530","rut;root",0.761216713966366,4
"531","rat;rot",0.222077709683271,4
"532","rot;rote",0.446308804251598,4
"533","rWt;rout",0.222077709683271,4
"534","r^ft;ruffed",0.513650584061834,4
"535","r^nt;runt",0.322609897600691,4
"536","rus;ruse",0.443539010748891,4
"537","r^sk;rusk",0.517659319048879,4
"538","r^s|t;russet",0.16729242655822,4
"539","r^st;rust",2.97907800877894,4
"540","r^sL;rustle",0.3606002273101,4
"541","r^t;rut",0.491627025085222,4
"542","SIft;shift",0.44324240405365,4
"543","SrIft;shrift",0.410492728728975,4
"544","sIft;sift",0.763366228724129,4
"545","sIlt;silt",0.52623323087949,4
"546","sIstX;sister",0.389491985435217,4
"547","sIt;sit",0.638777535729744,4
"548","tIt;teat",0.207741845258331,4
"549","tEst;test",0.346575956484243,4
"550","TrIft;thrift",0.347035611273173,4
"551","Tr^st;thrust",0.405299710392807,4
"552","tost;toast",0.454813938430246,4
"553","tr^st;trust",1.06464520886382,4
"554","trIst;tryst",2.81968613270786,4
"555","twIst;twist",0.77878370335823,4
"556","vEst;vest",0.314511265015424,4
"557","wEst;west",0.314511265015424,4
"558","wIt;wit",0.207741845258331,4
"559","rEsL;wrestle",0.214874714917795,4
"560","rIst;wrist",8.63380181330733,4
"561","rIt;writ",2.26172722660524,4
"562","rItN;written",0.0725050332132258,4
"563","rct;wrought",0.222077709683271,4
"564","zEst;zest",0.314511265015424,4
"565","xrEst;arrest",0.245993937053306,5
"566","xsIst;assist",0.291727663969113,5
"567","bEst;best",0.632691101659694,5
"568","bIsk;bisque",0.58113865292876,5
"569","bIt;bit",0.277399466724202,5
"570","bost;boast",0.673316900699121,5
"571","bust;boost",0.451341144568289,5
"572","brEst;breast",0.282923736118374,5
"573","brIsk;brisk",0.58113865292876,5
"574","b^st;bust",0.574113878422092,5
"575","CEst;chest",0.393599835606395,5
"576","CIt;chit",0.277399466724202,5
"577","kost;coast",0.498303357515523,5
"578","krEst;crest",0.341043259057365,5
"579","kr^st;crust",0.560610893839554,5
"580","sIst;cyst",2.39163994299694,5
"581","dIsk;disc",0.409520502474795,5
"582","drIft;drift",0.373384091233223,5
"583","d^st;dust",0.395498921858899,5
"584","f@st;fast",0.598582389653917,5
"585","fist;feast",0.541656611940126,5
"586","fRst;first",0.484217008095539,5
"587","fIst;fist",2.35427356506773,5
"588","fIt;fit",0.523366898787397,5
"589","fIkst;fixed",0.262884075228975,5
"590","fOst;foist",0.630778666371066,5
"591","frIsk;frisk",0.409520502474795,5
"592","gost;ghost",0.565160835944656,5
"593","gIft;gift",0.417086584026673,5
"594","JIst;gist",2.12688616339884,5
"595","grIst;grist",2.65968624914949,5
"596","grIsL;gristle",0.758674842115149,5
"597","grIt;grit",0.824353513129173,5
"598","gEst;guest",0.474168546680953,5
"599","g^st;gust",0.467761280945045,5
"600","hIt;hit",0.277399466724202,5
"601","host;host",0.498303357515523,5
"602","It;it",0.277399466724202,5
"603","JEst;jest",0.877350105438044,5
"604","JIlt;jilt",0.41099558628928,5
"605","JOst;joist",0.600231076003541,5
"606","JWst;joust",0.453728289691944,5
"607","J^st;just",0.857961649063869,5
"608","kIt;kit",0.277399466724202,5
"609","nIt;knit",0.277399466724202,5
"610","l@st;last",0.452986926106556,5
"611","list;least",0.406410270470908,5
"612","lEst;lest",0.728514901265623,5
"613","lIs|t;licit",0.166365635620049,5
"614","lIft;lift",0.766795514720738,5
"615","lIlt;lilt",0.54654341678065,5
"616","lInt;lint",0.419875076995137,5
"617","lIpt;lipped",0.34660942754993,5
"618","lIsp;lisp",0.271221073033727,5
"619","lIst;list",2.80446241858101,5
"620","lIsN;listen",0.271221073033727,5
"621","lIsts;lists",0.166365635620049,5
"622","lIt;lit",0.638698808136619,5
"623","lcst;lost",0.326941316242593,5
"624","l^st;lust",0.7226418489237,5
"625","m@st;mast",0.467820935429483,5
"626","mIdst;midst",0.194865498817179,5
"627","mInt;mint",0.267698288682765,5
"628","mIs;miss",0.334912712396127,5
"629","mIsL;missal",0.280619263997422,5
"630","mIst;mist",2.74583373342982,5
"631","mIstX;mister",0.480494192570455,5
"632","mIsti;misty",0.307702145970757,5
"633","mIt;mitt",0.616403803615539,5
"634","mOst;moist",0.500017212146632,5
"635","most;most",0.846592703132431,5
"636","m^st;must",0.74453453878316,5
"637","nEst;nest",0.393599835606395,5
"638","pEst;pest",0.440363119661911,5
"639","pIt;pit",0.277399466724202,5
"640","post;post",0.526133856848352,5
"641","r@ft;raft",0.30042347095989,5
"642","r@t;rat",0.378327260357754,5
"643","ret;rate",0.294984220018243,5
"644","rIr;rear",0.21746601225447,5
"645","rIsid;recede",1.0659781833209,5
"646","rIsit;receipt",3.16392805083811,5
"647","rIsiv;receive",1.0659781833209,5
"648","rIsYtL;recital",0.9418415625,5
"649","rIsYt;recite",2.4036419797894,5
"650","rIfR;refer",0.188877383993567,5
"651","rEnt;rent",0.201103501756162,5
"652","rIpit;repeat",0.666004568199137,5
"653","rEst;rest",2.1665899040803,5
"654","rIb;rib",0.21746601225447,5
"655","rIC;rich",0.21746601225447,5
"656","rIk;rick",0.555308194938553,5
"657","rId;rid",0.21746601225447,5
"658","rIJ;ridge",0.21746601225447,5
"659","rIft;rift",1.8575792659687,5
"660","rIg;rig",0.21746601225447,5
"661","rYt;right",0.294984220018243,5
"662","rIl;rill",0.21746601225447,5
"663","rIm;rim",0.21746601225447,5
"664","rIG;ring",0.311556070912878,5
"665","rIGk;rink",0.313617964520005,5
"666","rIp;rip",0.21746601225447,5
"667","rIsk;risk",2.01820814911763,5
"668","rIske;risque",0.262108402172152,5
"669","rost;roast",1.84225334612982,5
"670","rust;roost",1.69421523313199,5
"671","rut;root",0.798188040474416,5
"672","rat;rot",0.294984220018243,5
"673","rot;rote",0.484226857513621,5
"674","rWt;rout",0.294984220018243,5
"675","r^ft;ruffed",0.535008842854098,5
"676","r^nt;runt",0.36779341908291,5
"677","rus;ruse",0.400138762514058,5
"678","r^sk;rusk",0.520544122294088,5
"679","r^s|t;russet",0.160993118268939,5
"680","r^st;rust",2.8082490392635,5
"681","r^sL;rustle",0.406310516854805,5
"682","r^t;rut",0.597133477943488,5
"683","SIft;shift",0.508825228879698,5
"684","SrIft;shrift",0.45978923964727,5
"685","sIft;sift",0.815185461503446,5
"686","sIlt;silt",0.582210875014256,5
"687","sIstX;sister",0.404564311122691,5
"688","sIt;sit",0.729051818544264,5
"689","tIt;teat",0.277399466724202,5
"690","tEst;test",0.440363119661911,5
"691","TrIft;thrift",0.373384091233223,5
"692","Tr^st;thrust",0.484401421007057,5
"693","tost;toast",0.526133856848352,5
"694","tr^st;trust",1.09245570105063,5
"695","trIst;tryst",2.52067908007763,5
"696","twIst;twist",0.734466401249472,5
"697","vEst;vest",0.393599835606395,5
"698","wEst;west",0.393599835606395,5
"699","wIt;wit",0.277399466724202,5
"700","rEsL;wrestle",0.232843427138127,5
"701","rIst;wrist",6.67788307548791,5
"702","rIt;writ",2.10758797561844,5
"703","rItN;written",0.0656786710140239,5
"704","rct;wrought",0.294984220018243,5
"705","zEst;zest",0.393599835606395,5
"706","xrEst;arrest",0.256990321220092,6
"707","xsIst;assist",0.260189462167462,6
"708","bEst;best",0.742566879339221,6
"709","bIsk;bisque",0.60608655244087,6
"710","bIt;bit",0.341735863530034,6
"711","bost;boast",0.740921186013644,6
"712","bust;boost",0.429735823051294,6
"713","brEst;breast",0.303830111905413,6
"714","brIsk;brisk",0.60608655244087,6
"715","b^st;bust",0.661933517421437,6
"716","CEst;chest",0.461955930335702,6
"717","CIt;chit",0.341735863530034,6
"718","kost;coast",0.537319992110574,6
"719","krEst;crest",0.377143982649706,6
"720","kr^st;crust",0.624831034361753,6
"721","sIst;cyst",2.11811909965401,6
"722","dIsk;disc",0.414583141516846,6
"723","drIft;drift",0.385877803985459,6
"724","d^st;dust",0.455804071378164,6
"725","f@st;fast",0.654166633228868,6
"726","fist;feast",0.581287250370937,6
"727","fRst;first",0.510036624004496,6
"728","fIst;fist",2.0955002491934,6
"729","fIt;fit",0.558910800448595,6
"730","fIkst;fixed",0.233568551822557,6
"731","fOst;foist",0.688240800706948,6
"732","frIsk;frisk",0.414583141516846,6
"733","gost;ghost",0.626064109003108,6
"734","gIft;gift",0.441765364913489,6
"735","JIst;gist",1.86147230659117,6
"736","grIst;grist",2.39490793621008,6
"737","grIsL;gristle",0.702422874218483,6
"738","grIt;grit",0.762871444931418,6
"739","gEst;guest",0.566527279687042,6
"740","g^st;gust",0.548738902345117,6
"741","hIt;hit",0.341735863530034,6
"742","host;host",0.537319992110574,6
"743","It;it",0.341735863530034,6
"744","JEst;jest",0.949004335794915,6
"745","JIlt;jilt",0.408723287902552,6
"746","JOst;joist",0.635416134672262,6
"747","JWst;joust",0.455699296442416,6
"748","J^st;just",0.919650880577808,6
"749","kIt;kit",0.341735863530034,6
"750","nIt;knit",0.341735863530034,6
"751","l@st;last",0.523007195980821,6
"752","list;least",0.460921418413079,6
"753","lEst;lest",0.83675196478563,6
"754","lIs|t;licit",0.155108225361104,6
"755","lIft;lift",0.833371372784742,6
"756","lIlt;lilt",0.61523406034302,6
"757","lInt;lint",0.470901030787485,6
"758","lIpt;lipped",0.388449489666372,6
"759","lIsp;lisp",0.278416722236693,6
"760","lIst;list",2.62534669401104,6
"761","lIsN;listen",0.278416722236693,6
"762","lIsts;lists",0.155108225361104,6
"763","lIt;lit",0.747877581815299,6
"764","lcst;lost",0.365543112386918,6
"765","l^st;lust",0.821377021982745,6
"766","m@st;mast",0.529634406298813,6
"767","mIdst;midst",0.18091496453049,6
"768","mInt;mint",0.27515073081182,6
"769","mIs;miss",0.344234771796878,6
"770","mIsL;missal",0.282199013081812,6
"771","mIst;mist",2.55762814246856,6
"772","mIstX;mister",0.508846379159834,6
"773","mIsti;misty",0.322148461906012,6
"774","mIt;mitt",0.69051647318073,6
"775","mOst;moist",0.563708573776893,6
"776","most;most",0.917594314996807,6
"777","m^st;must",0.836226501575222,6
"778","nEst;nest",0.461955930335702,6
"779","pEst;pest",0.519572209180607,6
"780","pIt;pit",0.341735863530034,6
"781","post;post",0.573722024921649,6
"782","r@ft;raft",0.299949048446348,6
"783","r@t;rat",0.446368588810234,6
"784","ret;rate",0.355980699436034,6
"785","rIr;rear",0.257265179644782,6
"786","rIsid;recede",1.1258560944252,6
"787","rIsit;receipt",3.03590988253594,6
"788","rIsiv;receive",1.1258560944252,6
"789","rIsYtL;recital",0.857465020957881,6
"790","rIsYt;recite",2.15665371084713,6
"791","rIfR;refer",0.168429916895862,6
"792","rEnt;rent",0.20060811068731,6
"793","rIpit;repeat",0.646073193380228,6
"794","rEst;rest",1.97703453770011,6
"795","rIb;rib",0.257265179644782,6
"796","rIC;rich",0.257265179644782,6
"797","rIk;rick",0.575905029053035,6
"798","rId;rid",0.257265179644782,6
"799","rIJ;ridge",0.257265179644782,6
"800","rIft;rift",1.72817838780498,6
"801","rIg;rig",0.257265179644782,6
"802","rYt;right",0.355980699436034,6
"803","rIl;rill",0.257265179644782,6
"804","rIm;rim",0.257265179644782,6
"805","rIG;ring",0.353908774953109,6
"806","rIGk;rink",0.301201808291986,6
"807","rIp;rip",0.257265179644782,6
"808","rIsk;risk",1.88559870529751,6
"809","rIske;risque",0.239390570810037,6
"810","rost;roast",1.60387095767479,6
"811","rust;roost",1.4051789515407,6
"812","rut;root",0.798650390114351,6
"813","rat;rot",0.355980699436034,6
"814","rot;rote",0.514402424957742,6
"815","rWt;rout",0.355980699436034,6
"816","r^ft;ruffed",0.540674429999984,6
"817","r^nt;runt",0.390187701808,6
"818","rus;ruse",0.348811483040216,6
"819","r^sk;rusk",0.512708510838093,6
"820","r^s|t;russet",0.153078795915897,6
"821","r^st;rust",2.70055571035962,6
"822","r^sL;rustle",0.425167607950499,6
"823","r^t;rut",0.67470096599009,6
"824","SIft;shift",0.548933168940226,6
"825","SrIft;shrift",0.487207323116196,6
"826","sIft;sift",0.834398008727698,6
"827","sIlt;silt",0.602640925177422,6
"828","sIstX;sister",0.401422959542984,6
"829","sIt;sit",0.791097154511962,6
"830","tIt;teat",0.341735863530034,6
"831","tEst;test",0.519572209180607,6
"832","TrIft;thrift",0.385877803985459,6
"833","Tr^st;thrust",0.530402106244671,6
"834","tost;toast",0.573722024921649,6
"835","tr^st;trust",1.08473760931756,6
"836","trIst;tryst",2.26219338064155,6
"837","twIst;twist",0.671888422511433,6
"838","vEst;vest",0.461955930335702,6
"839","wEst;west",0.461955930335702,6
"840","wIt;wit",0.341735863530034,6
"841","rEsL;wrestle",0.239397171348621,6
"842","rIst;wrist",5.55227865300743,6
"843","rIt;writ",2.05388903097872,6
"844","rItN;written",0.0604485707129356,6
"845","rct;wrought",0.355980699436034,6
"846","zEst;zest",0.461955930335702,6
"847","xrEst;arrest",0.264253278802308,7
"848","xsIst;assist",0.231162930846225,7
"849","bEst;best",0.828387837371042,7
"850","bIsk;bisque",0.613733454272743,7
"851","bIt;bit",0.400623133572293,7
"852","bost;boast",0.784812480734363,7
"853","bust;boost",0.410625086848394,7
"854","brEst;breast",0.318515417708212,7
"855","brIsk;brisk",0.613733454272743,7
"856","b^st;bust",0.725563284163715,7
"857","CEst;chest",0.522029474177321,7
"858","CIt;chit",0.400623133572293,7
"859","kost;coast",0.563479325217498,7
"860","krEst;crest",0.400865865374979,7
"861","kr^st;crust",0.660575780431661,7
"862","sIst;cyst",1.9103066305522,7
"863","dIsk;disc",0.412757147448079,7
"864","drIft;drift",0.391016700248954,7
"865","d^st;dust",0.503041679977937,7
"866","f@st;fast",0.688843339456605,7
"867","fist;feast",0.603653292576306,7
"868","fRst;first",0.52230987663226,7
"869","fIst;fist",1.90859793210798,7
"870","fIt;fit",0.593612226383476,7
"871","fIkst;fixed",0.20772743432139,7
"872","fOst;foist",0.721185431688136,7
"873","frIsk;frisk",0.412757147448079,7
"874","gost;ghost",0.670598194615918,7
"875","gIft;gift",0.456064966466971,7
"876","JIst;gist",1.67978366389302,7
"877","grIst;grist",2.15581778907856,7
"878","grIsL;gristle",0.640205340118905,7
"879","grIt;grit",0.697691077014545,7
"880","gEst;guest",0.645801222152111,7
"881","g^st;gust",0.612525622002157,7
"882","hIt;hit",0.400623133572293,7
"883","host;host",0.563479325217498,7
"884","It;it",0.400623133572293,7
"885","JEst;jest",1.00285015829307,7
"886","JIlt;jilt",0.400228912607184,7
"887","JOst;joist",0.652543850445587,7
"888","JWst;joust",0.450648896706128,7
"889","J^st;just",0.960526777721798,7
"890","kIt;kit",0.400623133572293,7
"891","nIt;knit",0.400623133572293,7
"892","l@st;last",0.576626564443569,7
"893","list;least",0.501903665893836,7
"894","lEst;lest",0.928261857123899,7
"895","lIs|t;licit",0.144948975218474,7
"896","lIft;lift",0.877687410502837,7
"897","lIlt;lilt",0.657252263897914,7
"898","lInt;lint",0.506131874586917,7
"899","lIpt;lipped",0.418597276294891,7
"900","lIsp;lisp",0.277797390639718,7
"901","lIst;list",2.49840840354283,7
"902","lIsN;listen",0.277797390639718,7
"903","lIsts;lists",0.144948975218474,7
"904","lIt;lit",0.83882515909097,7
"905","lcst;lost",0.396224841793737,7
"906","l^st;lust",0.899119271648504,7
"907","m@st;mast",0.574605715883939,7
"908","mIdst;midst",0.168277041154767,7
"909","mInt;mint",0.278955818490325,7
"910","mIs;miss",0.344159035730143,7
"911","mIsL;missal",0.277637614934672,7
"912","mIst;mist",2.41819534193085,7
"913","mIstX;mister",0.516521033441203,7
"914","mIsti;misty",0.326539715936943,7
"915","mIt;mitt",0.749801590023222,7
"916","mOst;moist",0.606947808115469,7
"917","most;most",0.967013398140584,7
"918","m^st;must",0.90591342145003,7
"919","nEst;nest",0.522029474177321,7
"920","pEst;pest",0.587324123325505,7
"921","pIt;pit",0.400623133572293,7
"922","post;post",0.607045596255598,7
"923","r@ft;raft",0.2980515856974,7
"924","r@t;rat",0.498665729317835,7
"925","ret;rate",0.40557083257843,7
"926","rIr;rear",0.292749220625715,7
"927","rIsid;recede",1.15240845200196,7
"928","rIsit;receipt",2.91706271735484,7
"929","rIsiv;receive",1.15240845200196,7
"930","rIsYtL;recital",0.774316750552579,7
"931","rIsYt;recite",1.94966013230567,7
"932","rIfR;refer",0.153780886148594,7
"933","rEnt;rent",0.198082435677127,7
"934","rIpit;repeat",0.622738463256405,7
"935","rEst;rest",1.87362185437679,7
"936","rIb;rib",0.292749220625715,7
"937","rIC;rich",0.292749220625715,7
"938","rIk;rick",0.593604516452883,7
"939","rId;rid",0.292749220625715,7
"940","rIJ;ridge",0.292749220625715,7
"941","rIft;rift",1.64536373055698,7
"942","rIg;rig",0.292749220625715,7
"943","rYt;right",0.40557083257843,7
"944","rIl;rill",0.292749220625715,7
"945","rIm;rim",0.292749220625715,7
"946","rIG;ring",0.387984227822231,7
"947","rIGk;rink",0.290462974527757,7
"948","rIp;rip",0.292749220625715,7
"949","rIsk;risk",1.78663107591541,7
"950","rIske;risque",0.221462808677182,7
"951","rost;roast",1.46007241077445,7
"952","rust;roost",1.20773388768319,7
"953","rut;root",0.787895361971258,7
"954","rat;rot",0.40557083257843,7
"955","rot;rote",0.542000971802457,7
"956","rWt;rout",0.40557083257843,7
"957","r^ft;ruffed",0.540212411293152,7
"958","r^nt;runt",0.400154200471831,7
"959","rus;ruse",0.303531251899838,7
"960","r^sk;rusk",0.50110421292144,7
"961","r^s|t;russet",0.146512225009294,7
"962","r^st;rust",2.62848333397877,7
"963","r^sL;rustle",0.42970860339534,7
"964","r^t;rut",0.731745731043751,7
"965","SIft;shift",0.572406011009292,7
"966","SrIft;shrift",0.501514950503738,7
"967","sIft;sift",0.836933199704891,7
"968","sIlt;silt",0.603808494273837,7
"969","sIstX;sister",0.389425605628401,7
"970","sIt;sit",0.837397817461531,7
"971","tIt;teat",0.400623133572293,7
"972","tEst;test",0.587324123325505,7
"973","TrIft;thrift",0.391016700248954,7
"974","Tr^st;thrust",0.553876845692701,7
"975","tost;toast",0.607045596255598,7
"976","tr^st;trust",1.05830983386939,7
"977","trIst;tryst",2.0381676870804,7
"978","twIst;twist",0.608084376100805,7
"979","vEst;vest",0.522029474177321,7
"980","wEst;west",0.522029474177321,7
"981","wIt;wit",0.400623133572293,7
"982","rEsL;wrestle",0.240103426260551,7
"983","rIst;wrist",4.83765983433176,7
"984","rIt;writ",2.05187423833953,7
"985","rItN;written",0.0574857368956399,7
"986","rct;wrought",0.40557083257843,7
"987","zEst;zest",0.522029474177321,7
"988","xrEst;arrest",0.269817159614705,8
"989","xsIst;assist",0.207083570171622,8
"990","bEst;best",0.898228624053414,8
"991","bIsk;bisque",0.61117595519243,8
"992","bIt;bit",0.454366617911761,8
"993","bost;boast",0.815134801816244,8
"994","bust;boost",0.396365230204877,8
"995","brEst;breast",0.329730871776138,8
"996","brIsk;brisk",0.61117595519243,8
"997","b^st;bust",0.772320946855047,8
"998","CEst;chest",0.575515747177174,8
"999","CIt;chit",0.454366617911761,8
"1000","kost;coast",0.582291898444759,8
"1001","krEst;crest",0.416269337262738,8
"1002","kr^st;crust",0.676886773060348,8
"1003","sIst;cyst",1.75112869946315,8
"1004","dIsk;disc",0.406958288228141,8
"1005","drIft;drift",0.392105449252782,8
"1006","d^st;dust",0.539560997427694,8
"1007","f@st;fast",0.709431802990352,8
"1008","fist;feast",0.615106383980563,8
"1009","fRst;first",0.526470564627879,8
"1010","fIst;fist",1.77170100539922,8
"1011","fIt;fit",0.628717371272283,8
"1012","fIkst;fixed",0.1871963154799,8
"1013","fOst;foist",0.73819789083236,8
"1014","frIsk;frisk",0.406958288228141,8
"1015","gost;ghost",0.704476759675521,8
"1016","gIft;gift",0.463632519872552,8
"1017","JIst;gist",1.55227199679878,8
"1018","grIst;grist",1.94289503965663,8
"1019","grIsL;gristle",0.579454804409345,8
"1020","grIt;grit",0.635722735464999,8
"1021","gEst;guest",0.714338539026932,8
"1022","g^st;gust",0.662232077145916,8
"1023","hIt;hit",0.454366617911761,8
"1024","host;host",0.582291898444759,8
"1025","It;it",0.454366617911761,8
"1026","JEst;jest",1.04747469549424,8
"1027","JIlt;jilt",0.389671512523422,8
"1028","JOst;joist",0.659960831493126,8
"1029","JWst;joust",0.444046576555622,8
"1030","J^st;just",0.988980343575506,8
"1031","kIt;kit",0.454366617911761,8
"1032","nIt;knit",0.454366617911761,8
"1033","l@st;last",0.617482675401206,8
"1034","list;least",0.532921773062194,8
"1035","lEst;lest",1.00677567421153,8
"1036","lIs|t;licit",0.136876697567689,8
"1037","lIft;lift",0.906217463488272,8
"1038","lIlt;lilt",0.681619008157729,8
"1039","lInt;lint",0.530181935172514,8
"1040","lIpt;lipped",0.439758446460943,8
"1041","lIsp;lisp",0.273355280928102,8
"1042","lIst;list",2.4062551669137,8
"1043","lIsN;listen",0.273355280928102,8
"1044","lIsts;lists",0.136876697567689,8
"1045","lIt;lit",0.914767258417441,8
"1046","lcst;lost",0.420855233887133,8
"1047","l^st;lust",0.96012274155331,8
"1048","m@st;mast",0.606629851168477,8
"1049","mIdst;midst",0.157993141784314,8
"1050","mInt;mint",0.280995399803099,8
"1051","mIs;miss",0.339754783720736,8
"1052","mIsL;missal",0.270569178442304,8
"1053","mIst;mist",2.31061875161075,8
"1054","mIstX;mister",0.512080335168491,8
"1055","mIsti;misty",0.324602418385425,8
"1056","mIt;mitt",0.79971603550533,8
"1057","mOst;moist",0.635395939010485,8
"1058","most;most",1.00245005314601,8
"1059","m^st;must",0.958242919802793,8
"1060","nEst;nest",0.575515747177174,8
"1061","pEst;pest",0.646270155344469,8
"1062","pIt;pit",0.454366617911761,8
"1063","post;post",0.63185442118289,8
"1064","r@ft;raft",0.296234253921058,8
"1065","r@t;rat",0.539623978203468,8
"1066","ret;rate",0.445657590622067,8
"1067","rIr;rear",0.324914781922248,8
"1068","rIsid;recede",1.15673344248395,8
"1069","rIsit;receipt",2.80325750634553,8
"1070","rIsiv;receive",1.15673344248395,8
"1071","rIsYtL;recital",0.699658726682166,8
"1072","rIsYt;recite",1.77591387312384,8
"1073","rIfR;refer",0.143780540987287,8
"1074","rEnt;rent",0.195464759972929,8
"1075","rIpit;repeat",0.599142911385143,8
"1076","rEst;rest",1.82157263408938,8
"1077","rIb;rib",0.324914781922248,8
"1078","rIC;rich",0.324914781922248,8
"1079","rIk;rick",0.61102924133129,8
"1080","rId;rid",0.324914781922248,8
"1081","rIJ;ridge",0.324914781922248,8
"1082","rIft;rift",1.58851772489455,8
"1083","rIg;rig",0.324914781922248,8
"1084","rYt;right",0.445657590622067,8
"1085","rIl;rill",0.324914781922248,8
"1086","rIm;rim",0.324914781922248,8
"1087","rIG;ring",0.417670307622151,8
"1088","rIGk;rink",0.28209027112517,8
"1089","rIp;rip",0.324914781922248,8
"1090","rIsk;risk",1.70780059855629,8
"1091","rIske;risque",0.207693861865234,8
"1092","rost;roast",1.37288948210968,8
"1093","rust;roost",1.07235206114342,8
"1094","rut;root",0.777228770317103,8
"1095","rat;rot",0.445657590622067,8
"1096","rot;rote",0.567751264047482,8
"1097","rWt;rout",0.445657590622067,8
"1098","r^ft;ruffed",0.53757862167004,8
"1099","r^nt;runt",0.403903923661724,8
"1100","rus;ruse",0.267908658928615,8
"1101","r^sk;rusk",0.488496881104492,8
"1102","r^s|t;russet",0.141609626866205,8
"1103","r^st;rust",2.57529567316727,8
"1104","r^sL;rustle",0.427140048683077,8
"1105","r^t;rut",0.774431675249677,8
"1106","SIft;shift",0.585117203913971,8
"1107","SrIft;shrift",0.507969568150041,8
"1108","sIft;sift",0.831130262035289,8
"1109","sIlt;silt",0.595663035956294,8
"1110","sIstX;sister",0.373692846772733,8
"1111","sIt;sit",0.874976920334485,8
"1112","tIt;teat",0.454366617911761,8
"1113","tEst;test",0.646270155344469,8
"1114","TrIft;thrift",0.392105449252782,8
"1115","Tr^st;thrust",0.562388317284726,8
"1116","tost;toast",0.63185442118289,8
"1117","tr^st;trust",1.02191555967559,8
"1118","trIst;tryst",1.84364908772228,8
"1119","twIst;twist",0.548958903502383,8
"1120","vEst;vest",0.575515747177174,8
"1121","wEst;west",0.575515747177174,8
"1122","wIt;wit",0.454366617911761,8
"1123","rEsL;wrestle",0.238191746814592,8
"1124","rIst;wrist",4.34361912168885,8
"1125","rIt;writ",2.07526619103081,8
"1126","rItN;written",0.0562679310556538,8
"1127","rct;wrought",0.445657590622067,8
"1128","zEst;zest",0.575515747177174,8
"1129","xrEst;arrest",0.274474074224395,9
"1130","xsIst;assist",0.187901150036438,9
"1131","bEst;best",0.957457597482234,9
"1132","bIsk;bisque",0.602646432820987,9
"1133","bIt;bit",0.503404006257631,9
"1134","bost;boast",0.837814230050435,9
"1135","bust;boost",0.386787279231882,9
"1136","brEst;breast",0.338872505207625,9
"1137","brIsk;brisk",0.602646432820987,9
"1138","b^st;bust",0.807372755553798,9
"1139","CEst;chest",0.623599257136232,9
"1140","CIt;chit",0.503404006257631,9
"1141","kost;coast",0.59680243004187,9
"1142","krEst;crest",0.426110992576191,9
"1143","kr^st;crust",0.680285233742906,9
"1144","sIst;cyst",1.62763589347899,9
"1145","dIsk;disc",0.398871879566829,9
"1146","drIft;drift",0.390884591018903,9
"1147","d^st;dust",0.567508721561914,9
"1148","f@st;fast",0.720604169289174,9
"1149","fist;feast",0.619706521633037,9
"1150","fRst;first",0.52580219796923,9
"1151","fIst;fist",1.66921450909454,9
"1152","fIt;fit",0.663808281043138,9
"1153","fIkst;fixed",0.171516762850099,9
"1154","fOst;foist",0.745179601112329,9
"1155","frIsk;frisk",0.398871879566829,9
"1156","gost;ghost",0.731258868192837,9
"1157","gIft;gift",0.466747192975191,9
"1158","JIst;gist",1.45991086343677,9
"1159","grIst;grist",1.75498079936943,9
"1160","grIsL;gristle",0.523216177712233,9
"1161","grIt;grit",0.579376315394453,9
"1162","gEst;guest",0.774183193969614,9
"1163","g^st;gust",0.700800435749742,9
"1164","hIt;hit",0.503404006257631,9
"1165","host;host",0.59680243004187,9
"1166","It;it",0.503404006257631,9
"1167","JEst;jest",1.08695382672625,9
"1168","JIlt;jilt",0.378908975545571,9
"1169","JOst;joist",0.662324830307105,9
"1170","JWst;joust",0.437988842013788,9
"1171","J^st;just",1.00953211640963,9
"1172","kIt;kit",0.503404006257631,9
"1173","nIt;knit",0.503404006257631,9
"1174","l@st;last",0.648505465360385,9
"1175","list;least",0.556522614243306,9
"1176","lEst;lest",1.07482013665893,9
"1177","lIs|t;licit",0.130737684298035,9
"1178","lIft;lift",0.923604491560769,9
"1179","lIlt;lilt",0.694744421959188,9
"1180","lInt;lint",0.54636109880255,9
"1181","lIpt;lipped",0.45423980329924,9
"1182","lIsp;lisp",0.26733570192063,9
"1183","lIst;list",2.3371102150814,9
"1184","lIsN;listen",0.26733570192063,9
"1185","lIsts;lists",0.130737684298035,9
"1186","lIt;lit",0.978657983836125,9
"1187","lcst;lost",0.440672781735377,9
"1188","l^st;lust",1.007782172487,9
"1189","m@st;mast",0.62888367331197,9
"1190","mIdst;midst",0.149845459899129,9
"1191","mInt;mint",0.282053907955344,9
"1192","mIs;miss",0.333710221537839,9
"1193","mIsL;missal",0.262826831306472,9
"1194","mIst;mist",2.2242415686153,9
"1195","mIstX;mister",0.500968916800247,9
"1196","mIsti;misty",0.318905237573271,9
"1197","mIt;mitt",0.843323428834321,9
"1198","mOst;moist",0.653459105135125,9
"1199","most;most",1.02844268965828,9
"1200","m^st;must",0.996972891077819,9
"1201","nEst;nest",0.623599257136232,9
"1202","pEst;pest",0.698368362252489,9
"1203","pIt;pit",0.503404006257631,9
"1204","post;post",0.651462599468037,9
"1205","r@ft;raft",0.294806461105763,9
"1206","r@t;rat",0.572482893700997,9
"1207","ret;rate",0.478316420534962,9
"1208","rIr;rear",0.354484738757761,9
"1209","rIsid;recede",1.14610431050023,9
"1210","rIsit;receipt",2.69289730654777,9
"1211","rIsiv;receive",1.14610431050023,9
"1212","rIsYtL;recital",0.635046265297634,9
"1213","rIsYt;recite",1.62943740308363,9
"1214","rIfR;refer",0.136938102639642,9
"1215","rEnt;rent",0.193418671561112,9
"1216","rIpit;repeat",0.576048065315521,9
"1217","rEst;rest",1.79949822486635,9
"1218","rIb;rib",0.354484738757761,9
"1219","rIC;rich",0.354484738757761,9
"1220","rIk;rick",0.628723224852079,9
"1221","rId;rid",0.354484738757761,9
"1222","rIJ;ridge",0.354484738757761,9
"1223","rIft;rift",1.54642117394404,9
"1224","rIg;rig",0.354484738757761,9
"1225","rYt;right",0.478316420534962,9
"1226","rIl;rill",0.354484738757761,9
"1227","rIm;rim",0.354484738757761,9
"1228","rIG;ring",0.444844112350135,9
"1229","rIGk;rink",0.275774346668167,9
"1230","rIp;rip",0.354484738757761,9
"1231","rIsk;risk",1.64158640866468,9
"1232","rIske;risque",0.19693091798318,9
"1233","rost;roast",1.31914671295985,9
"1234","rust;roost",0.978664999942003,9
"1235","rut;root",0.770549590525431,9
"1236","rat;rot",0.478316420534962,9
"1237","rot;rote",0.591443794209235,9
"1238","rWt;rout",0.478316420534962,9
"1239","r^ft;ruffed",0.534336484529769,9
"1240","r^nt;runt",0.404757142340529,9
"1241","rus;ruse",0.241473651089347,9
"1242","r^sk;rusk",0.47600526193657,9
"1243","r^s|t;russet",0.137968977267554,9
"1244","r^st;rust",2.53173460858281,9
"1245","r^sL;rustle",0.421338046259579,9
"1246","r^t;rut",0.807235126335729,9
"1247","SIft;shift",0.590867315325472,9
"1248","SrIft;shrift",0.509669957675533,9
"1249","sIft;sift",0.821410351870375,9
"1250","sIlt;silt",0.583743096526936,9
"1251","sIstX;sister",0.356960927710581,9
"1252","sIt;sit",0.907594282723146,9
"1253","tIt;teat",0.503404006257631,9
"1254","tEst;test",0.698368362252489,9
"1255","TrIft;thrift",0.390884591018903,9
"1256","Tr^st;thrust",0.561100803345353,9
"1257","tost;toast",0.651462599468037,9
"1258","tr^st;trust",0.980649392965648,9
"1259","trIst;tryst",1.67444228415351,9
"1260","twIst;twist",0.496130924559295,9
"1261","vEst;vest",0.623599257136232,9
"1262","wEst;west",0.623599257136232,9
"1263","wIt;wit",0.503404006257631,9
"1264","rEsL;wrestle",0.235351887485134,9
"1265","rIst;wrist",3.97794532540498,9
"1266","rIt;writ",2.11057023007182,9
"1267","rItN;written",0.0561601376822206,9
"1268","rct;wrought",0.478316420534962,9
"1269","zEst;zest",0.623599257136232,9
"1270","xrEst;arrest",0.278522101103321,10
"1271","xsIst;assist",0.172818613623315,10
"1272","bEst;best",1.00933545869998,10
"1273","bIsk;bisque",0.59068851747362,10
"1274","bIt;bit",0.548189587466125,10
"1275","bost;boast",0.856100116944091,10
"1276","bust;boost",0.380992491188922,10
"1277","brEst;breast",0.346643716459637,10
"1278","brIsk;brisk",0.59068851747362,10
"1279","b^st;bust",0.834155007731642,10
"1280","CEst;chest",0.667133249686963,10
"1281","CIt;chit",0.548189587466125,10
"1282","kost;coast",0.608668510585777,10
"1283","krEst;crest",0.432197819463925,10
"1284","kr^st;crust",0.675297825952755,10
"1285","sIst;cyst",1.53040208944153,10
"1286","dIsk;disc",0.389517132301908,10
"1287","drIft;drift",0.388302306959874,10
"1288","d^st;dust",0.588698122761852,10
"1289","f@st;fast",0.725517354327054,10
"1290","fist;feast",0.62003164094551,10
"1291","fRst;first",0.522312102956236,10
"1292","fIst;fist",1.59049657142676,10
"1293","fIt;fit",0.698184466240382,10
"1294","fIkst;fixed",0.159654769272469,10
"1295","fOst;foist",0.745993827341851,10
"1296","frIsk;frisk",0.389517132301908,10
"1297","gost;ghost",0.753146553347494,10
"1298","gIft;gift",0.466904248085942,10
"1299","JIst;gist",1.39081873661341,10
"1300","grIst;grist",1.59007421331916,10
"1301","grIsL;gristle",0.472533590990308,10
"1302","grIt;grit",0.52922310925355,10
"1303","gEst;guest",0.826960421219738,10
"1304","g^st;gust",0.730687771154167,10
"1305","hIt;hit",0.548189587466125,10
"1306","host;host",0.608668510585777,10
"1307","It;it",0.548189587466125,10
"1308","JEst;jest",1.12310881751219,10
"1309","JIlt;jilt",0.368756935489883,10
"1310","JOst;joist",0.66213686090949,10
"1311","JWst;joust",0.43307275169606,10
"1312","J^st;just",1.02469004008059,10
"1313","kIt;kit",0.548189587466125,10
"1314","nIt;knit",0.548189587466125,10
"1315","l@st;last",0.671963137918918,10
"1316","list;least",0.574519917128782,10
"1317","lEst;lest",1.13422294644115,10
"1318","lIs|t;licit",0.126098554195468,10
"1319","lIft;lift",0.933205435124906,10
"1320","lIlt;lilt",0.700872667793695,10
"1321","lInt;lint",0.557012565431724,10
"1322","lIpt;lipped",0.463880599123677,10
"1323","lIsp;lisp",0.260938471820696,10
"1324","lIst;list",2.28329844992292,10
"1325","lIsN;listen",0.260938471820696,10
"1326","lIsts;lists",0.126098554195468,10
"1327","lIt;lit",1.03297479816638,10
"1328","lcst;lost",0.456586729145731,10
"1329","l^st;lust",1.04481685218569,10
"1330","m@st;mast",0.643870285781497,10
"1331","mIdst;midst",0.143347242782725,10
"1332","mInt;mint",0.282491360466753,10
"1333","mIs;miss",0.327365825411438,10
"1334","mIsL;missal",0.25528183565323,10
"1335","mIst;mist",2.15252158690655,10
"1336","mIstX;mister",0.486556475128328,10
"1337","mIsti;misty",0.311164937212432,10
"1338","mIt;mitt",0.882328643695269,10
"1339","mOst;moist",0.664346758796294,10
"1340","most;most",1.04784394458702,10
"1341","m^st;must",1.02515649990888,10
"1342","nEst;nest",0.667133249686963,10
"1343","pEst;pest",0.744996673515647,10
"1344","pIt;pit",0.548189587466125,10
"1345","post;post",0.667745795512354,10
"1346","r@ft;raft",0.29371299490514,10
"1347","r@t;rat",0.599497081371257,10
"1348","ret;rate",0.505330412136753,10
"1349","rIr;rear",0.381963808943888,10
"1350","rIsid;recede",1.12542069413589,10
"1351","rIsit;receipt",2.58551077842797,10
"1352","rIsiv;receive",1.12542069413589,10
"1353","rIsYtL;recital",0.57990598673578,10
"1354","rIsYt;recite",1.50512334690045,10
"1355","rIfR;refer",0.132096299753059,10
"1356","rEnt;rent",0.192065986721514,10
"1357","rIpit;repeat",0.55356690291194,10
"1358","rEst;rest",1.79476127292357,10
"1359","rIb;rib",0.381963808943888,10
"1360","rIC;rich",0.381963808943888,10
"1361","rIk;rick",0.646570702838024,10
"1362","rId;rid",0.381963808943888,10
"1363","rIJ;ridge",0.381963808943888,10
"1364","rIft;rift",1.512912135623,10
"1365","rIg;rig",0.381963808943888,10
"1366","rYt;right",0.505330412136753,10
"1367","rIl;rill",0.381963808943888,10
"1368","rIm;rim",0.381963808943888,10
"1369","rIG;ring",0.470355753301933,10
"1370","rIGk;rink",0.271009033188926,10
"1371","rIp;rip",0.381963808943888,10
"1372","rIsk;risk",1.58372168154108,10
"1373","rIske;risque",0.188211461104251,10
"1374","rost;roast",1.28528299158864,10
"1375","rust;roost",0.913020910905327,10
"1376","rut;root",0.768409130587319,10
"1377","rat;rot",0.505330412136753,10
"1378","rot;rote",0.612939830970897,10
"1379","rWt;rout",0.505330412136753,10
"1380","r^ft;ruffed",0.531041786353375,10
"1381","r^nt;runt",0.40436010682015,10
"1382","rus;ruse",0.222505009524363,10
"1383","r^sk;rusk",0.46405832189277,10
"1384","r^s|t;russet",0.135137104862268,10
"1385","r^st;rust",2.49299674777798,10
"1386","r^sL;rustle",0.414291351091932,10
"1387","r^t;rut",0.833207362959169,10
"1388","SIft;shift",0.592110791784607,10
"1389","SrIft;shrift",0.508446956014033,10
"1390","sIft;sift",0.810117099795495,10
"1391","sIlt;silt",0.570928096401851,10
"1392","sIstX;sister",0.340636308053021,10
"1393","sIt;sit",0.937178870289119,10
"1394","tIt;teat",0.548189587466125,10
"1395","tEst;test",0.744996673515647,10
"1396","TrIft;thrift",0.388302306959874,10
"1397","Tr^st;thrust",0.553530029299671,10
"1398","tost;toast",0.667745795512354,10
"1399","tr^st;trust",0.937638559495038,10
"1400","trIst;tryst",1.52697294694993,10
"1401","twIst;twist",0.449618712446744,10
"1402","vEst;vest",0.667133249686963,10
"1403","wEst;west",0.667133249686963,10
"1404","wIt;wit",0.548189587466125,10
"1405","rEsL;wrestle",0.23239331099196,10
"1406","rIst;wrist",3.69290314251096,10
"1407","rIt;writ",2.15101375404386,10
"1408","rItN;written",0.0566895182632421,10
"1409","rct;wrought",0.505330412136753,10
"1410","zEst;zest",0.667133249686963,10
