"","node","activation","time"
"1","xrEst;arrest",0,1
"2","xsIst;assist",0,1
"3","bEst;best",0,1
"4","bIsk;bisque",0,1
"5","bIt;bit",0,1
"6","bost;boast",0,1
"7","bust;boost",0,1
"8","brEst;breast",0,1
"9","brIsk;brisk",0,1
"10","b^st;bust",0,1
"11","CEst;chest",0,1
"12","CIt;chit",0,1
"13","kost;coast",0,1
"14","krEst;crest",0,1
"15","kr^st;crust",0,1
"16","sIst;cyst",0.625,1
"17","dIsk;disc",0,1
"18","drIft;drift",0,1
"19","d^st;dust",0,1
"20","f@st;fast",0,1
"21","fist;feast",0,1
"22","fRst;first",0,1
"23","fIst;fist",0.625,1
"24","fIt;fit",0,1
"25","fIkst;fixed",0,1
"26","fOst;foist",0,1
"27","frIsk;frisk",0,1
"28","gost;ghost",0,1
"29","gIft;gift",0,1
"30","JIst;gist",0.625,1
"31","grIst;grist",0.625,1
"32","grIsL;gristle",0,1
"33","grIt;grit",0,1
"34","gEst;guest",0,1
"35","g^st;gust",0,1
"36","hIt;hit",0,1
"37","host;host",0,1
"38","It;it",0,1
"39","JEst;jest",0,1
"40","JIlt;jilt",0,1
"41","JOst;joist",0,1
"42","JWst;joust",0,1
"43","J^st;just",0,1
"44","kIt;kit",0,1
"45","nIt;knit",0,1
"46","l@st;last",0,1
"47","list;least",0,1
"48","lEst;lest",0,1
"49","lIs|t;licit",0,1
"50","lIft;lift",0,1
"51","lIlt;lilt",0,1
"52","lInt;lint",0,1
"53","lIpt;lipped",0,1
"54","lIsp;lisp",0,1
"55","lIst;list",0.625,1
"56","lIsN;listen",0,1
"57","lIsts;lists",0,1
"58","lIt;lit",0,1
"59","lcst;lost",0,1
"60","l^st;lust",0,1
"61","m@st;mast",0,1
"62","mIdst;midst",0,1
"63","mInt;mint",0,1
"64","mIs;miss",0,1
"65","mIsL;missal",0,1
"66","mIst;mist",0.625,1
"67","mIstX;mister",0,1
"68","mIsti;misty",0,1
"69","mIt;mitt",0,1
"70","mOst;moist",0,1
"71","most;most",0,1
"72","m^st;must",0,1
"73","nEst;nest",0,1
"74","pEst;pest",0,1
"75","pIt;pit",0,1
"76","post;post",0,1
"77","r@ft;raft",0,1
"78","r@t;rat",0,1
"79","ret;rate",0,1
"80","rIr;rear",0,1
"81","rIsid;recede",0,1
"82","rIsit;receipt",0.625,1
"83","rIsiv;receive",0,1
"84","rIsYtL;recital",0,1
"85","rIsYt;recite",0.625,1
"86","rIfR;refer",0,1
"87","rEnt;rent",0,1
"88","rIpit;repeat",0,1
"89","rEst;rest",0.625,1
"90","rIb;rib",0,1
"91","rIC;rich",0,1
"92","rIk;rick",0,1
"93","rId;rid",0,1
"94","rIJ;ridge",0,1
"95","rIft;rift",0.625,1
"96","rIg;rig",0,1
"97","rYt;right",0,1
"98","rIl;rill",0,1
"99","rIm;rim",0,1
"100","rIG;ring",0,1
"101","rIGk;rink",0,1
"102","rIp;rip",0,1
"103","rIsk;risk",0.625,1
"104","rIske;risque",0,1
"105","rost;roast",0.625,1
"106","rust;roost",0.625,1
"107","rut;root",0,1
"108","rat;rot",0,1
"109","rot;rote",0,1
"110","rWt;rout",0,1
"111","r^ft;ruffed",0,1
"112","r^nt;runt",0,1
"113","rus;ruse",0,1
"114","r^sk;rusk",0,1
"115","r^s|t;russet",0,1
"116","r^st;rust",0.625,1
"117","r^sL;rustle",0,1
"118","r^t;rut",0,1
"119","SIft;shift",0,1
"120","SrIft;shrift",0,1
"121","sIft;sift",0,1
"122","sIlt;silt",0,1
"123","sIstX;sister",0,1
"124","sIt;sit",0,1
"125","tIt;teat",0,1
"126","tEst;test",0,1
"127","TrIft;thrift",0,1
"128","Tr^st;thrust",0,1
"129","tost;toast",0,1
"130","tr^st;trust",0,1
"131","trIst;tryst",0.625,1
"132","twIst;twist",0,1
"133","vEst;vest",0,1
"134","wEst;west",0,1
"135","wIt;wit",0,1
"136","rEsL;wrestle",0,1
"137","rIst;wrist",90,1
"138","rIt;writ",0.625,1
"139","rItN;written",0,1
"140","rct;wrought",0,1
"141","zEst;zest",0,1
"142","xrEst;arrest",0.003125,2
"143","xsIst;assist",0.00625,2
"144","bEst;best",0.003125,2
"145","bIsk;bisque",0.00694444444444444,2
"146","bIt;bit",0.00168918918918919,2
"147","bost;boast",0.00520833333333333,2
"148","bust;boost",0.00892857142857142,2
"149","brEst;breast",0.003125,2
"150","brIsk;brisk",0.00694444444444444,2
"151","b^st;bust",0.00328947368421052,2
"152","CEst;chest",0.003125,2
"153","CIt;chit",0.00168918918918919,2
"154","kost;coast",0.00520833333333333,2
"155","krEst;crest",0.003125,2
"156","kr^st;crust",0.00328947368421052,2
"157","sIst;cyst",1.14412754186603,2
"158","dIsk;disc",0.00694444444444444,2
"159","drIft;drift",0.00520833333333333,2
"160","d^st;dust",0.00328947368421052,2
"161","f@st;fast",0.00568181818181818,2
"162","fist;feast",0.00568181818181818,2
"163","fRst;first",0.00568181818181818,2
"164","fIst;fist",1.14469572368421,2
"165","fIt;fit",0.00737100737100737,2
"166","fIkst;fixed",0.00568181818181818,2
"167","fOst;foist",0.00568181818181818,2
"168","frIsk;frisk",0.00694444444444444,2
"169","gost;ghost",0.00520833333333333,2
"170","gIft;gift",0.00520833333333333,2
"171","JIst;gist",1.14412754186603,2
"172","grIst;grist",1.140625,2
"173","grIsL;gristle",0.015625,2
"174","grIt;grit",0.0173141891891892,2
"175","gEst;guest",0.003125,2
"176","g^st;gust",0.00328947368421052,2
"177","hIt;hit",0.00168918918918919,2
"178","host;host",0.00520833333333333,2
"179","It;it",0.00168918918918919,2
"180","JEst;jest",0.00937499999999999,2
"181","JIlt;jilt",0.00625,2
"182","JOst;joist",0.00625,2
"183","JWst;joust",0.00625,2
"184","J^st;just",0.00953947368421052,2
"185","kIt;kit",0.00168918918918919,2
"186","nIt;knit",0.00168918918918919,2
"187","l@st;last",0.00328947368421052,2
"188","list;least",0.00328947368421052,2
"189","lEst;lest",0.00641447368421052,2
"190","lIs|t;licit",0.00328947368421052,2
"191","lIft;lift",0.00849780701754386,2
"192","lIlt;lilt",0.00328947368421052,2
"193","lInt;lint",0.00328947368421052,2
"194","lIpt;lipped",0.00328947368421052,2
"195","lIsp;lisp",0.00328947368421052,2
"196","lIst;list",1.14708806818182,2
"197","lIsN;listen",0.00328947368421052,2
"198","lIsts;lists",0.00328947368421052,2
"199","lIt;lit",0.00497866287339971,2
"200","lcst;lost",0.00328947368421052,2
"201","l^st;lust",0.00657894736842105,2
"202","m@st;mast",0.00390625,2
"203","mIdst;midst",0.00390625,2
"204","mInt;mint",0.00390625,2
"205","mIs;miss",0.00390625,2
"206","mIsL;missal",0.00390625,2
"207","mIst;mist",1.14647129186603,2
"208","mIstX;mister",0.00390625,2
"209","mIsti;misty",0.00390625,2
"210","mIt;mitt",0.00559543918918919,2
"211","mOst;moist",0.00390625,2
"212","most;most",0.00911458333333333,2
"213","m^st;must",0.00719572368421052,2
"214","nEst;nest",0.003125,2
"215","pEst;pest",0.003125,2
"216","pIt;pit",0.00168918918918919,2
"217","post;post",0.00520833333333333,2
"218","r@ft;raft",0.00520833333333333,2
"219","r@t;rat",0.00168918918918919,2
"220","ret;rate",0.00168918918918919,2
"221","rIr;rear",0.00168918918918919,2
"222","rIsid;recede",0.0125,2
"223","rIsit;receipt",1.14583333333333,2
"224","rIsiv;receive",0.0125,2
"225","rIsYtL;recital",0.0208333333333333,2
"226","rIsYt;recite",1.1375,2
"227","rIfR;refer",0.00520833333333333,2
"228","rEnt;rent",0.003125,2
"229","rIpit;repeat",0.0125,2
"230","rEst;rest",1.14242637844612,2
"231","rIb;rib",0.00168918918918919,2
"232","rIC;rich",0.00168918918918919,2
"233","rIk;rick",0.00863363363363363,2
"234","rId;rid",0.00168918918918919,2
"235","rIJ;ridge",0.00168918918918919,2
"236","rIft;rift",1.12668918918919,2
"237","rIg;rig",0.00168918918918919,2
"238","rYt;right",0.00168918918918919,2
"239","rIl;rill",0.00168918918918919,2
"240","rIm;rim",0.00168918918918919,2
"241","rIG;ring",0.00168918918918919,2
"242","rIGk;rink",0.00694444444444444,2
"243","rIp;rip",0.00168918918918919,2
"244","rIsk;risk",1.125,2
"245","rIske;risque",0.00694444444444444,2
"246","rost;roast",1.14034304511278,2
"247","rust;roost",1.13662280701754,2
"248","rut;root",0.0106177606177606,2
"249","rat;rot",0.00168918918918919,2
"250","rot;rote",0.00689752252252252,2
"251","rWt;rout",0.00168918918918919,2
"252","r^ft;ruffed",0.00849780701754386,2
"253","r^nt;runt",0.00328947368421052,2
"254","rus;ruse",0.00892857142857142,2
"255","r^sk;rusk",0.010233918128655,2
"256","r^s|t;russet",0.00328947368421052,2
"257","r^st;rust",1.1422619047619,2
"258","r^sL;rustle",0.00328947368421052,2
"259","r^t;rut",0.00497866287339971,2
"260","SIft;shift",0.00520833333333333,2
"261","SrIft;shrift",0.00520833333333333,2
"262","sIft;sift",0.0114583333333333,2
"263","sIlt;silt",0.00625,2
"264","sIstX;sister",0.00625,2
"265","sIt;sit",0.00793918918918919,2
"266","tIt;teat",0.00168918918918919,2
"267","tEst;test",0.003125,2
"268","TrIft;thrift",0.00520833333333333,2
"269","Tr^st;thrust",0.00328947368421052,2
"270","tost;toast",0.00520833333333333,2
"271","tr^st;trust",0.0189144736842105,2
"272","trIst;tryst",1.140625,2
"273","twIst;twist",0.015625,2
"274","vEst;vest",0.003125,2
"275","wEst;west",0.003125,2
"276","wIt;wit",0.00168918918918919,2
"277","rEsL;wrestle",0.003125,2
"278","rIst;wrist",81.1243542206124,2
"279","rIt;writ",1.13020833333333,2
"280","rItN;written",0.00168918918918919,2
"281","rct;wrought",0.00168918918918919,2
"282","zEst;zest",0.003125,2
"283","xrEst;arrest",0.00868088189223057,3
"284","xsIst;assist",0.0170662754186603,3
"285","bEst;best",0.00923536192882409,3
"286","bIsk;bisque",0.0193287037037037,3
"287","bIt;bit",0.00484373820953796,3
"288","bost;boast",0.0148907041119212,3
"289","bust;boost",0.0243826493316625,3
"290","brEst;breast",0.00872775689223057,3
"291","brIsk;brisk",0.0193287037037037,3
"292","b^st;bust",0.00959166559865573,3
"293","CEst;chest",0.00883781384459838,3
"294","CIt;chit",0.00484373820953796,3
"295","kost;coast",0.0145877853566998,3
"296","krEst;crest",0.0087891604010025,3
"297","kr^st;crust",0.00963306704260651,3
"298","sIst;cyst",1.57306816334247,3
"299","dIsk;disc",0.0189814814814815,3
"300","drIft;drift",0.014380396021021,3
"301","d^st;dust",0.0092772597924736,3
"302","f@st;fast",0.0159824365601504,3
"303","fist;feast",0.0159062250797448,3
"304","fRst;first",0.0158229914274322,3
"305","fIst;fist",1.57440457485652,3
"306","fIt;fit",0.0203240430442836,3
"307","fIkst;fixed",0.0155199611244019,3
"308","fOst;foist",0.016039610745614,3
"309","frIsk;frisk",0.0189814814814815,3
"310","gost;ghost",0.0146694766308253,3
"311","gIft;gift",0.0144388537974064,3
"312","JIst;gist",1.57241899767069,3
"313","grIst;grist",1.56453354833829,3
"314","grIsL;gristle",0.042578125,3
"315","grIt;grit",0.0471530123873874,3
"316","gEst;guest",0.00894117326539201,3
"317","g^st;gust",0.00937287476473331,3
"318","hIt;hit",0.00484373820953796,3
"319","host;host",0.0145877853566998,3
"320","It;it",0.00484373820953796,3
"321","JEst;jest",0.0262258097576765,3
"322","JIlt;jilt",0.0172382678998633,3
"323","JOst;joist",0.017540221291866,3
"324","JWst;joust",0.0173283368221691,3
"325","J^st;just",0.026625881702362,3
"326","kIt;kit",0.00484373820953796,3
"327","nIt;knit",0.00484373820953796,3
"328","l@st;last",0.0093781461822169,3
"329","list;least",0.00932414932928913,3
"330","lEst;lest",0.0180513795415111,3
"331","lIs|t;licit",0.00899783193779904,3
"332","lIft;lift",0.0236677397450424,3
"333","lIlt;lilt",0.00957385862237835,3
"334","lInt;lint",0.00936290154217785,3
"335","lIpt;lipped",0.00922172829656382,3
"336","lIsp;lisp",0.00916230562200957,3
"337","lIst;list",1.58140482994168,3
"338","lIsN;listen",0.00916230562200957,3
"339","lIsts;lists",0.00899783193779904,3
"340","lIt;lit",0.0140889312664086,3
"341","lcst;lost",0.00919954805337206,3
"342","l^st;lust",0.018477804656053,3
"343","m@st;mast",0.0110426812770563,3
"344","mIdst;midst",0.0106810705741627,3
"345","mInt;mint",0.0107708666304986,3
"346","mIs;miss",0.0109113545690951,3
"347","mIsL;missal",0.010811278907496,3
"348","mIst;mist",1.57966942969194,3
"349","mIstX;mister",0.0111888830741627,3
"350","mIsti;misty",0.010811278907496,3
"351","mIt;mitt",0.0157632477184286,3
"352","mOst;moist",0.0110998554625199,3
"353","most;most",0.0254625664144578,3
"354","m^st;must",0.0201542658730159,3
"355","nEst;nest",0.00883781384459838,3
"356","pEst;pest",0.00890528543550747,3
"357","pIt;pit",0.00484373820953796,3
"358","post;post",0.0146231276186046,3
"359","r@ft;raft",0.0142634246088193,3
"360","r@t;rat",0.00504933152137099,3
"361","ret;rate",0.00487384353338301,3
"362","rIr;rear",0.00477822665322665,3
"363","rIsid;recede",0.0347916666666667,3
"364","rIsit;receipt",1.57869388054549,3
"365","rIsiv;receive",0.0347916666666667,3
"366","rIsYtL;recital",0.0566666666666666,3
"367","rIsYt;recite",1.55577721387883,3
"368","rIfR;refer",0.0140765765765766,3
"369","rEnt;rent",0.00860686873433584,3
"370","rIpit;repeat",0.0341666666666667,3
"371","rEst;rest",1.56787769433313,3
"372","rIb;rib",0.00477822665322665,3
"373","rIC;rich",0.00477822665322665,3
"374","rIk;rick",0.0237086518336518,3
"375","rId;rid",0.00477822665322665,3
"376","rIJ;ridge",0.00477822665322665,3
"377","rIft;rift",1.52593641796073,3
"378","rIg;rig",0.00477822665322665,3
"379","rYt;right",0.00487384353338301,3
"380","rIl;rill",0.00477822665322665,3
"381","rIm;rim",0.00477822665322665,3
"382","rIG;ring",0.00501098782348782,3
"383","rIGk;rink",0.0188304891429891,3
"384","rIp;rip",0.00477822665322665,3
"385","rIsk;risk",1.52201809038286,3
"386","rIske;risque",0.01875,3
"387","rost;roast",1.5618382664407,3
"388","rust;roost",1.55198080351169,3
"389","rut;root",0.0295156987344487,3
"390","rat;rot",0.00487384353338301,3
"391","rot;rote",0.0190139957861997,3
"392","rWt;rout",0.00487384353338301,3
"393","r^ft;ruffed",0.0233463444647655,3
"394","r^nt;runt",0.00934012607532344,3
"395","rus;ruse",0.0243697080539186,3
"396","r^sk;rusk",0.0278320802005012,3
"397","r^s|t;russet",0.00897243107769423,3
"398","r^st;rust",1.56861319745618,3
"399","r^sL;rustle",0.00946981168198273,3
"400","r^t;rut",0.0140757475050238,3
"401","SIft;shift",0.0145951037974064,3
"402","SrIft;shrift",0.0145279654654655,3
"403","sIft;sift",0.031646267005642,3
"404","sIlt;silt",0.0175349116418195,3
"405","sIstX;sister",0.0171964837519936,3
"406","sIt;sit",0.02216207793495,3
"407","tIt;teat",0.00484373820953796,3
"408","tEst;test",0.00890528543550747,3
"409","TrIft;thrift",0.014380396021021,3
"410","Tr^st;thrust",0.00952752976190476,3
"411","tost;toast",0.0146231276186046,3
"412","tr^st;trust",0.0517424420426065,3
"413","trIst;tryst",1.56414070072093,3
"414","twIst;twist",0.042578125,3
"415","vEst;vest",0.00883781384459838,3
"416","wEst;west",0.00883781384459838,3
"417","wIt;wit",0.00484373820953796,3
"418","rEsL;wrestle",0.00863428101503759,3
"419","rIst;wrist",73.2386830664076,3
"420","rIt;writ",1.53545668386489,3
"421","rItN;written",0.00457488738738739,3
"422","rct;wrought",0.00487384353338301,3
"423","zEst;zest",0.00883781384459838,3
"424","xrEst;arrest",0.016090105107004,4
"425","xsIst;assist",0.031090329510219,4
"426","bEst;best",0.0181410338113143,4
"427","bIsk;bisque",0.0359005096462293,4
"428","bIt;bit",0.0092678003771919,4
"429","bost;boast",0.0283715060818407,4
"430","bust;boost",0.0444325889172296,4
"431","brEst;breast",0.0162650304939647,4
"432","brIsk;brisk",0.0359005096462293,4
"433","b^st;bust",0.0186159637758882,4
"434","CEst;chest",0.0166812245938892,4
"435","CIt;chit",0.0092678003771919,4
"436","kost;coast",0.0272616799345692,4
"437","krEst;crest",0.0164980161606799,4
"438","kr^st;crust",0.0187564936588128,4
"439","sIst;cyst",1.92524394474142,4
"440","dIsk;disc",0.0346389355721552,4
"441","drIft;drift",0.026501038905929,4
"442","d^st;dust",0.0174649092620541,4
"443","f@st;fast",0.029996006104348,4
"444","fist;feast",0.029713049497039,4
"445","fRst;first",0.0294052864370453,4
"446","fIst;fist",1.92730144332128,4
"447","fIt;fit",0.0374049313794531,4
"448","fIkst;fixed",0.0282807338742937,4
"449","fOst;foist",0.0302058263759076,4
"450","frIsk;frisk",0.0346389355721552,4
"451","gost;ghost",0.0275665440206091,4
"452","gIft;gift",0.0267180717246614,4
"453","JIst;gist",1.92289968673631,4
"454","grIst;grist",1.9115409433069,4
"455","grIsL;gristle",0.0774336512084571,4
"456","grIt;grit",0.0857009327864704,4
"457","gEst;guest",0.0170659686982856,4
"458","g^st;gust",0.0178201952397445,4
"459","hIt;hit",0.0092678003771919,4
"460","host;host",0.0272616799345692,4
"461","It;it",0.0092678003771919,4
"462","JEst;jest",0.0489519201819812,4
"463","JIlt;jilt",0.0317260987283114,4
"464","JOst;joist",0.0328370195454843,4
"465","JWst;joust",0.0320531276869316,4
"466","J^st;just",0.0495916053109813,4
"467","kIt;kit",0.0092678003771919,4
"468","nIt;knit",0.0092678003771919,4
"469","l@st;last",0.017834128124449,4
"470","list;least",0.0176318078558561,4
"471","lEst;lest",0.0339054866857879,4
"472","lIs|t;licit",0.0164212320595017,4
"473","lIft;lift",0.044000773026123,4
"474","lIlt;lilt",0.0185466928898474,4
"475","lInt;lint",0.0177712742923733,4
"476","lIpt;lipped",0.0172568032767424,4
"477","lIsp;lisp",0.0170273736563916,4
"478","lIst;list",1.94093515466188,4
"479","lIsN;listen",0.0170273736563916,4
"480","lIsts;lists",0.0164212320595017,4
"481","lIt;lit",0.0266108723480926,4
"482","lcst;lost",0.0171729537336899,4
"483","l^st;lust",0.0346414119978838,4
"484","m@st;mast",0.0208297126707505,4
"485","mIdst;midst",0.019485897452321,4
"486","mInt;mint",0.0198212825602999,4
"487","mIs;miss",0.0203322372913752,4
"488","mIsL;missal",0.0199667967712909,4
"489","mIst;mist",1.93768060121216,4
"490","mIstX;mister",0.0213433168352955,4
"491","mIsti;misty",0.0199760477214598,4
"492","mIt;mitt",0.0296297728038698,4
"493","mOst;moist",0.0210395329423101,4
"494","most;most",0.0474694208170212,4
"495","m^st;must",0.0376807471634158,4
"496","nEst;nest",0.0166812245938892,4
"497","pEst;pest",0.016930871171201,4
"498","pIt;pit",0.0092678003771919,4
"499","post;post",0.0273933065206806,4
"500","r@ft;raft",0.0260706391687858,4
"501","r@t;rat",0.0100162602584338,4
"502","ret;rate",0.00937921308046006,4
"503","rIr;rear",0.00902192678696713,4
"504","rIsid;recede",0.0646259609442432,4
"505","rIsit;receipt",1.93732133545195,4
"506","rIsiv;receive",0.0646259609442432,4
"507","rIsYtL;recital",0.102859240462628,4
"508","rIsYt;recite",1.89518180593357,4
"509","rIfR;refer",0.0253850557352583,4
"510","rEnt;rent",0.015819073484451,4
"511","rIpit;repeat",0.0623238776109099,4
"512","rEst;rest",1.91483151679558,4
"513","rIb;rib",0.00902192678696713,4
"514","rIC;rich",0.00902192678696713,4
"515","rIk;rick",0.0434593687153939,4
"516","rId;rid",0.00902192678696713,4
"517","rIJ;ridge",0.00902192678696713,4
"518","rIft;rift",1.84027429033328,4
"519","rIg;rig",0.00902192678696713,4
"520","rYt;right",0.00937921308046006,4
"521","rIl;rill",0.00902192678696713,4
"522","rIm;rim",0.00902192678696713,4
"523","rIG;ring",0.00986077500389299,4
"524","rIGk;rink",0.034082884820792,4
"525","rIp;rip",0.00902192678696713,4
"526","rIsk;risk",1.83435757212768,4
"527","rIske;risque",0.0337863121153651,4
"528","rost;roast",1.90317850182127,4
"529","rust;roost",1.88573143478816,4
"530","rut;root",0.0547323517830845,4
"531","rat;rot",0.00937921308046006,4
"532","rot;rote",0.0349846828541765,4
"533","rWt;rout",0.00937921308046006,4
"534","r^ft;ruffed",0.0428099543033272,4
"535","r^nt;runt",0.0176765406236583,4
"536","rus;ruse",0.0443722161183576,4
"537","r^sk;rusk",0.0505317036191955,4
"538","r^s|t;russet",0.0163310469039047,4
"539","r^st;rust",1.91834398557498,4
"540","r^sL;rustle",0.0181381395051996,4
"541","r^t;rut",0.0265540715512574,4
"542","SIft;shift",0.027290965130285,4
"543","SrIft;shrift",0.0270419008792745,4
"544","sIft;sift",0.0583335182817111,4
"545","sIlt;silt",0.0328140829656943,4
"546","sIstX;sister",0.0315804797793577,4
"547","sIt;sit",0.0412865220625713,4
"548","tIt;teat",0.0092678003771919,4
"549","tEst;test",0.016930871171201,4
"550","TrIft;thrift",0.026501038905929,4
"551","Tr^st;thrust",0.0183650234468245,4
"552","tost;toast",0.0273933065206806,4
"553","tr^st;trust",0.094485985291811,4
"554","trIst;tryst",1.91013311207341,4
"555","twIst;twist",0.0774238300180233,4
"556","vEst;vest",0.0166812245938892,4
"557","wEst;west",0.0166812245938892,4
"558","wIt;wit",0.0092678003771919,4
"559","rEsL;wrestle",0.0159259017745989,4
"560","rIst;wrist",66.22548754428,4
"561","rIt;writ",1.85749197648373,4
"562","rItN;written",0.0082672815780132,4
"563","rct;wrought",0.00937921308046006,4
"564","zEst;zest",0.0166812245938892,4
"565","xrEst;arrest",0.0248743283466476,5
"566","xsIst;assist",0.0472337360066113,5
"567","bEst;best",0.0296190383785677,5
"568","bIsk;bisque",0.0556208399165071,5
"569","bIt;bit",0.0147898382055305,5
"570","bost;boast",0.0450343482392737,5
"571","bust;boost",0.0675398498506618,5
"572","brEst;breast",0.0252824124948721,5
"573","brIsk;brisk",0.0556208399165071,5
"574","b^st;bust",0.0300678644134857,5
"575","CEst;chest",0.0262665032239332,5
"576","CIt;chit",0.0147898382055305,5
"577","kost;coast",0.0424911682067601,5
"578","krEst;crest",0.0258342470693094,5
"579","kr^st;crust",0.0303641590699712,5
"580","sIst;cyst",2.21214043377605,5
"581","dIsk;disc",0.0527534764712326,5
"582","drIft;drift",0.0407459695869596,5
"583","d^st;dust",0.0274322075627972,5
"584","f@st;fast",0.0469520864331568,5
"585","fist;feast",0.0462950262592081,5
"586","fRst;first",0.0455833048699641,5
"587","fIst;fist",2.21471599288994,5
"588","fIt;fit",0.0574382910104277,5
"589","fIkst;fixed",0.042973582698876,5
"590","fOst;foist",0.0474334350777311,5
"591","frIsk;frisk",0.0527534764712326,5
"592","gost;ghost",0.0432027326439188,5
"593","gIft;gift",0.0412499363944326,5
"594","JIst;gist",2.20684673947706,5
"595","grIst;grist",2.19407788568996,5
"596","grIsL;gristle",0.117478809670284,5
"597","grIt;grit",0.129939611675587,5
"598","gEst;guest",0.0271621911059627,5
"599","g^st;gust",0.0282578659391128,5
"600","hIt;hit",0.0147898382055305,5
"601","host;host",0.0424911682067601,5
"602","It;it",0.0147898382055305,5
"603","JEst;jest",0.0762089553867151,5
"604","JIlt;jilt",0.0487037201377265,5
"605","JOst;joist",0.0512599941600989,5
"606","JWst;joust",0.0494463576323493,5
"607","J^st;just",0.0770453546279304,5
"608","kIt;kit",0.0147898382055305,5
"609","nIt;knit",0.0147898382055305,5
"610","l@st;last",0.0282774125653311,5
"611","list;least",0.0278033997952764,5
"612","lEst;lest",0.0531305432187071,5
"613","lIs|t;licit",0.0249945570359825,5
"614","lIft;lift",0.0682529849689162,5
"615","lIlt;lilt",0.029899349695072,5
"616","lInt;lint",0.0281171289431273,5
"617","lIpt;lipped",0.0269444474497209,5
"618","lIsp;lisp",0.026391453156003,5
"619","lIst;list",2.23681272181,5
"620","lIsN;listen",0.026391453156003,5
"621","lIsts;lists",0.0249945570359825,5
"622","lIt;lit",0.0419326779582378,5
"623","lcst;lost",0.0267465744849765,5
"624","l^st;lust",0.0541866731909005,5
"625","m@st;mast",0.0327709583984962,5
"626","mIdst;midst",0.0296478114646649,5
"627","mInt;mint",0.0304310320467429,5
"628","mIs;miss",0.0315930432384024,5
"629","mIsL;missal",0.0307583620947836,5
"630","mIst;mist",2.23172662597913,5
"631","mIstX;mister",0.0338973152843828,5
"632","mIsti;misty",0.0308003906013996,5
"633","mIt;mitt",0.0464506725009472,5
"634","mOst;moist",0.0332523070430706,5
"635","most;most",0.0738211793716429,5
"636","m^st;must",0.0587806007304621,5
"637","nEst;nest",0.0262665032239332,5
"638","pEst;pest",0.0268441583782371,5
"639","pIt;pit",0.0147898382055305,5
"640","post;post",0.042797758966339,5
"641","r@ft;raft",0.0397555560266688,5
"642","r@t;rat",0.0164936691091939,5
"643","ret;rate",0.0150472544673039,5
"644","rIr;rear",0.0142125987846275,5
"645","rIsid;recede",0.10014108960607,5
"646","rIsit;receipt",2.23336620977847,5
"647","rIsiv;receive",0.10014108960607,5
"648","rIsYtL;recital",0.155746043280817,5
"649","rIsYt;recite",2.16860527324726,5
"650","rIfR;refer",0.0381821692478431,5
"651","rEnt;rent",0.0242532372355753,5
"652","rIpit;repeat",0.0948379165588579,5
"653","rEst;rest",2.19492660367374,5
"654","rIb;rib",0.0142125987846275,5
"655","rIC;rich",0.0142125987846275,5
"656","rIk;rick",0.0664718581622962,5
"657","rId;rid",0.0142125987846275,5
"658","rIJ;ridge",0.0142125987846275,5
"659","rIft;rift",2.0844189210003,5
"660","rIg;rig",0.0142125987846275,5
"661","rYt;right",0.0150472544673039,5
"662","rIl;rill",0.0142125987846275,5
"663","rIm;rim",0.0142125987846275,5
"664","rIG;ring",0.0161035027317666,5
"665","rIGk;rink",0.0514728231014361,5
"666","rIp;rip",0.0142125987846275,5
"667","rIsk;risk",2.07722179326276,5
"668","rIske;risque",0.0507894317052472,5
"669","rost;roast",2.17621480898052,5
"670","rust;roost",2.15042510654932,5
"671","rut;root",0.0846293572468376,5
"672","rat;rot",0.0150472544673039,5
"673","rot;rote",0.0537063647622893,5
"674","rWt;rout",0.0150472544673039,5
"675","r^ft;ruffed",0.0654933440024165,5
"676","r^nt;runt",0.0278738705436752,5
"677","rus;ruse",0.0673715818378872,5
"678","r^sk;rusk",0.0765614360013678,5
"679","r^s|t;russet",0.0247944895060141,5
"680","r^st;rust",2.20358493226863,5
"681","r^sL;rustle",0.0289015580565493,5
"682","r^t;rut",0.0417822165342574,5
"683","SIft;shift",0.0425637204719866,5
"684","SrIft;shrift",0.0419858851071253,5
"685","sIft;sift",0.08970521598306,5
"686","sIlt;silt",0.0511989802347295,5
"687","sIstX;sister",0.048386315143346,5
"688","sIt;sit",0.0641619948137942,5
"689","tIt;teat",0.0147898382055305,5
"690","tEst;test",0.0268441583782371,5
"691","TrIft;thrift",0.0407459695869596,5
"692","Tr^st;thrust",0.0294561303684075,5
"693","tost;toast",0.042797758966339,5
"694","tr^st;trust",0.143968341646663,5
"695","trIst;tryst",2.19092215423459,5
"696","twIst;twist",0.117434774818056,5
"697","vEst;vest",0.0262665032239332,5
"698","wEst;west",0.0262665032239332,5
"699","wIt;wit",0.0147898382055305,5
"700","rEsL;wrestle",0.0245120738312903,5
"701","rIst;wrist",59.9819352699713,5
"702","rIt;writ",2.11044389111942,5
"703","rItN;written",0.012460802005303,5
"704","rct;wrought",0.0150472544673039,5
"705","zEst;zest",0.0262665032239332,5
"706","xrEst;arrest",0.0346394450194561,6
"707","xsIst;assist",0.0646317667437107,6
"708","bEst;best",0.0434271551161236,6
"709","bIsk;bisque",0.0776306998929989,6
"710","bIt;bit",0.0212594626829041,6
"711","bost;boast",0.064321190052869,6
"712","bust;boost",0.0924881146512078,6
"713","brEst;breast",0.035401264974565,6
"714","brIsk;brisk",0.0776306998929989,6
"715","b^st;bust",0.0436564858467664,6
"716","CEst;chest",0.0372635599164617,6
"717","CIt;chit",0.0212594626829041,6
"718","kost;coast",0.0596556109328357,6
"719","krEst;crest",0.0364457639480898,6
"720","kr^st;crust",0.0441524943261464,6
"721","sIst;cyst",2.44358590944788,6
"722","dIsk;disc",0.0724123989686903,6
"723","drIft;drift",0.0564493764171762,6
"724","d^st;dust",0.0388249786196224,6
"725","f@st;fast",0.0661968456182373,6
"726","fist;feast",0.0649753700303507,6
"727","fRst;first",0.0636577486868782,6
"728","fIst;fist",2.44638855766823,6
"729","fIt;fit",0.0794803464398355,6
"730","fIkst;fixed",0.0588100061825333,6
"731","fOst;foist",0.0670804295977082,6
"732","frIsk;frisk",0.0724123989686903,6
"733","gost;ghost",0.0609851685080597,6
"734","gIft;gift",0.0573862444245585,6
"735","JIst;gist",2.43401779976978,6
"736","grIst;grist",2.42257510796496,6
"737","grIsL;gristle",0.160582875845505,6
"738","grIt;grit",0.177501500058708,6
"739","gEst;guest",0.0389327791585979,6
"740","g^st;gust",0.040361021587742,6
"741","hIt;hit",0.0212594626829041,6
"742","host;host",0.0596556109328357,6
"743","It;it",0.0212594626829041,6
"744","JEst;jest",0.106871906671192,6
"745","JIlt;jilt",0.0673529286904914,6
"746","JOst;joist",0.0720618966972057,6
"747","JWst;joust",0.068703035748744,6
"748","J^st;just",0.107830580165502,6
"749","kIt;kit",0.0212594626829041,6
"750","nIt;knit",0.0212594626829041,6
"751","l@st;last",0.0403740807598226,6
"752","list;least",0.0394852254181564,6
"753","lEst;lest",0.0750155055882806,6
"754","lIs|t;licit",0.0342677998682263,6
"755","lIft;lift",0.0954021692414179,6
"756","lIlt;lilt",0.0433283837903837,6
"757","lInt;lint",0.0400498306572598,6
"758","lIpt;lipped",0.037909779445027,6
"759","lIsp;lisp",0.036844579034045,6
"760","lIst;list",2.47858147037897,6
"761","lIsN;listen",0.036844579034045,6
"762","lIsts;lists",0.0342677998682263,6
"763","lIt;lit",0.0595345334918292,6
"764","lcst;lost",0.0375366406205907,6
"765","l^st;lust",0.0763756439782722,6
"766","m@st;mast",0.0464417645368902,6
"767","mIdst;midst",0.040631321730568,6
"768","mInt;mint",0.0420951557732879,6
"769","mIs;miss",0.0442102651348018,6
"770","mIsL;missal",0.0426839187389549,6
"771","mIst;mist",2.47142712140583,6
"772","mIstX;mister",0.0484152104555514,6
"773","mIsti;misty",0.0427985534631087,6
"774","mIt;mitt",0.0655934254203857,6
"775","mOst;moist",0.0473253485163611,6
"776","most;most",0.103425021216281,6
"777","m^st;must",0.0826277107229765,6
"778","nEst;nest",0.0372635599164617,6
"779","pEst;pest",0.0383335066155406,6
"780","pIt;pit",0.0212594626829041,6
"781","post;post",0.0602272886378642,6
"782","r@ft;raft",0.0546249616701446,6
"783","r@t;rat",0.0243639549676727,6
"784","ret;rate",0.0217347415638713,6
"785","rIr;rear",0.0201744027045304,6
"786","rIsid;recede",0.139801359321336,6
"787","rIsit;receipt",2.47670142729602,6
"788","rIsiv;receive",0.139801359321336,6
"789","rIsYtL;recital",0.212458281394311,6
"790","rIsYt;recite",2.38687376988351,6
"791","rIfR;refer",0.0517341099980613,6
"792","rEnt;rent",0.0334993932939783,6
"793","rIpit;repeat",0.130021449098542,6
"794","rEst;rest",2.41820752296001,6
"795","rIb;rib",0.0201744027045304,6
"796","rIC;rich",0.0201744027045304,6
"797","rIk;rick",0.0916216225194769,6
"798","rId;rid",0.0201744027045304,6
"799","rIJ;ridge",0.0201744027045304,6
"800","rIft;rift",2.27070973325631,6
"801","rIg;rig",0.0201744027045304,6
"802","rYt;right",0.0217347415638713,6
"803","rIl;rill",0.0201744027045304,6
"804","rIm;rim",0.0201744027045304,6
"805","rIG;ring",0.023586986614402,6
"806","rIGk;rink",0.0700513007806184,6
"807","rIp;rip",0.0201744027045304,6
"808","rIsk;risk",2.26322818680851,6
"809","rIske;risque",0.0687907306820865,6
"810","rost;roast",2.39119574711101,6
"811","rust;roost",2.35680369632256,6
"812","rut;root",0.117845405745487,6
"813","rat;rot",0.0217347415638713,6
"814","rot;rote",0.0742931923062096,6
"815","rWt;rout",0.0217347415638713,6
"816","r^ft;ruffed",0.0902821998124363,6
"817","r^nt;runt",0.0395550128019131,6
"818","rus;ruse",0.0921241401122419,6
"819","r^sk;rusk",0.104546735250139,6
"820","r^s|t;russet",0.0339128559884055,6
"821","r^st;rust",2.43462899380759,6
"822","r^sL;rustle",0.0413868692421639,6
"823","r^t;rut",0.0592197430792803,6
"824","SIft;shift",0.0597982712224563,6
"825","SrIft;shrift",0.058725126653319,6
"826","sIft;sift",0.124292137788753,6
"827","sIlt;silt",0.0719335930070722,6
"828","sIstX;sister",0.0667989984762514,6
"829","sIt;sit",0.089834046176879,6
"830","tIt;teat",0.0212594626829041,6
"831","tEst;test",0.0383335066155406,6
"832","TrIft;thrift",0.0564493764171762,6
"833","Tr^st;thrust",0.0424666452824754,6
"834","tost;toast",0.0602272886378642,6
"835","tr^st;trust",0.197683351759883,6
"836","trIst;tryst",2.41691166741367,6
"837","twIst;twist",0.160464351192115,6
"838","vEst;vest",0.0372635599164617,6
"839","wEst;west",0.0372635599164617,6
"840","wIt;wit",0.0212594626829041,6
"841","rEsL;wrestle",0.0339988847350816,6
"842","rIst;wrist",54.4179477867991,6
"843","rIt;writ",2.30622215846441,6
"844","rItN;written",0.0169186242132036,6
"845","rct;wrought",0.0217347415638713,6
"846","zEst;zest",0.0372635599164617,6
"847","xrEst;arrest",0.0450627138553769,7
"848","xsIst;assist",0.0826044491638184,7
"849","bEst;best",0.0593144948347344,7
"850","bIsk;bisque",0.101222919701995,7
"851","bIt;bit",0.028544709768024,7
"852","bost;boast",0.0857304602638167,7
"853","bust;boost",0.1183257257522,7
"854","brEst;breast",0.0463074827253668,7
"855","brIsk;brisk",0.101222919701995,7
"856","b^st;bust",0.0591001058977445,7
"857","CEst;chest",0.0493924954307382,7
"858","CIt;chit",0.028544709768024,7
"859","kost;coast",0.0782356386443042,7
"860","krEst;crest",0.0480357173179138,7
"861","kr^st;crust",0.0598198644384939,7
"862","sIst;cyst",2.62799001450479,7
"863","dIsk;disc",0.0929058289216825,7
"864","drIft;drift",0.0730767939328333,7
"865","d^st;dust",0.0513448093470355,7
"866","f@st;fast",0.0871768173041877,7
"867","fist;feast",0.085188547733858,7
"868","fRst;first",0.0830526651178652,7
"869","fIst;fist",2.63069045422002,7
"870","fIt;fit",0.10277921869611,7
"871","fIkst;fixed",0.075168901543082,7
"872","fOst;foist",0.0885963019150485,7
"873","frIsk;frisk",0.0929058289216825,7
"874","gost;ghost",0.0804108461783604,7
"875","gIft;gift",0.0746017925881142,7
"876","JIst;gist",2.61285002398376,7
"877","grIst;grist",2.60578592510879,7
"878","grIsL;gristle",0.205088965960078,7
"879","grIt;grit",0.226548760612676,7
"880","gEst;guest",0.05211619522093,7
"881","g^st;gust",0.0538469141255176,7
"882","hIt;hit",0.028544709768024,7
"883","host;host",0.0782356386443042,7
"884","It;it",0.028544709768024,7
"885","JEst;jest",0.140003379072484,7
"886","JIlt;jilt",0.0870154625905727,7
"887","JOst;joist",0.0946110090669323,7
"888","JWst;joust",0.0891647269626505,7
"889","J^st;just",0.14098989279451,7
"890","kIt;kit",0.028544709768024,7
"891","nIt;knit",0.028544709768024,7
"892","l@st;last",0.0538311393354733,7
"893","list;least",0.0523720522513091,7
"894","lEst;lest",0.0989642414157899,7
"895","lIs|t;licit",0.0438861855149772,7
"896","lIft;lift",0.124611339650893,7
"897","lIlt;lilt",0.0585409448055686,7
"898","lInt;lint",0.0532611290953791,7
"899","lIpt;lipped",0.0498412127339804,7
"900","lIsp;lisp",0.0480475157159162,7
"901","lIst;list",2.67442007208525,7
"902","lIsN;listen",0.0480475157159162,7
"903","lIsts;lists",0.0438861855149772,7
"904","lIt;lit",0.0789749198301673,7
"905","lcst;lost",0.0492261728107838,7
"906","l^st;lust",0.100592772139146,7
"907","m@st;mast",0.0614793213160131,7
"908","mIdst;midst",0.0520146090662977,7
"909","mInt;mint",0.054409515791244,7
"910","mIs;miss",0.0577798129759333,7
"911","mIsL;missal",0.0553356218783393,7
"912","mIst;mist",2.66502487383184,7
"913","mIstX;mister",0.0644999865157507,7
"914","mIsti;misty",0.0555789579741027,7
"915","mIt;mitt",0.0865221185235995,7
"916","mOst;moist",0.0628988059268738,7
"917","most;most",0.135375585280699,7
"918","m^st;must",0.108537506301761,7
"919","nEst;nest",0.0493924954307382,7
"920","pEst;pest",0.0511276023150239,7
"921","pIt;pit",0.028544709768024,7
"922","post;post",0.0791689763726456,7
"923","r@ft;raft",0.0701343301595249,7
"924","r@t;rat",0.0334966616821984,7
"925","ret;rate",0.029311679984295,7
"926","rIr;rear",0.0267585645158692,7
"927","rIsid;recede",0.18234531990119,7
"928","rIsit;receipt",2.67568819807201,7
"929","rIsiv;receive",0.18234531990119,7
"930","rIsYtL;recital",0.270774912250997,7
"931","rIsYt;recite",2.559078423248,7
"932","rIfR;refer",0.0654832801087244,7
"933","rEnt;rent",0.0432293668994283,7
"934","rIpit;repeat",0.166553332734608,7
"935","rEst;rest",2.59333678791868,7
"936","rIb;rib",0.0267585645158692,7
"937","rIC;rich",0.0267585645158692,7
"938","rIk;rick",0.118021707511365,7
"939","rId;rid",0.0267585645158692,7
"940","rIJ;ridge",0.0267585645158692,7
"941","rIft;rift",2.40948152104425,7
"942","rIg;rig",0.0267585645158692,7
"943","rYt;right",0.029311679984295,7
"944","rIl;rill",0.0267585645158692,7
"945","rIm;rim",0.0267585645158692,7
"946","rIG;ring",0.0321517788332712,7
"947","rIGk;rink",0.0890944904894595,7
"948","rIp;rip",0.0267585645158692,7
"949","rIsk;risk",2.40283795099915,7
"950","rIske;risque",0.0870586374673058,7
"951","rost;roast",2.55697595724011,7
"952","rust;roost",2.51405673775034,7
"953","rut;root",0.153256284244614,7
"954","rat;rot",0.029311679984295,7
"955","rot;rote",0.0960394820837499,7
"956","rWt;rout",0.029311679984295,7
"957","r^ft;ruffed",0.116293602985889,7
"958","r^nt;runt",0.052387459851177,7
"959","rus;ruse",0.117651672204611,7
"960","r^sk;rusk",0.133432440696139,7
"961","r^s|t;russet",0.0433354071990786,7
"962","r^st;rust",2.6202053431772,7
"963","r^sL;rustle",0.0552468545392199,7
"964","r^t;rut",0.0784045367434668,7
"965","SIft;shift",0.07847943555872,7
"966","SrIft;shrift",0.0767344522840505,7
"967","sIft;sift",0.160912144501318,7
"968","sIlt;silt",0.0943772320921676,7
"969","sIstX;sister",0.0861687980716234,7
"970","sIt;sit",0.117514039375357,7
"971","tIt;teat",0.028544709768024,7
"972","tEst;test",0.0511276023150239,7
"973","TrIft;thrift",0.0730767939328333,7
"974","Tr^st;thrust",0.0570797137158922,7
"975","tost;toast",0.0791689763726456,7
"976","tr^st;trust",0.253671012279653,7
"977","trIst;tryst",2.59688557095213,7
"978","twIst;twist",0.204840707758245,7
"979","vEst;vest",0.0493924954307382,7
"980","wEst;west",0.0493924954307382,7
"981","wIt;wit",0.028544709768024,7
"982","rEsL;wrestle",0.0440695961844456,7
"983","rIst;wrist",49.454546906967,7
"984","rIt;writ",2.45485417936782,7
"985","rItN;written",0.0214597946525979,7
"986","rct;wrought",0.029311679984295,7
"987","zEst;zest",0.0493924954307382,7
"988","xrEst;arrest",0.0558817064105146,8
"989","xsIst;assist",0.100623904392484,8
"990","bEst;best",0.0770295482613839,8
"991","bIsk;bisque",0.125818215956825,8
"992","bIt;bit",0.0365296901586074,8
"993","bost;boast",0.108814457523038,8
"994","bust;boost",0.144317651842068,8
"995","brEst;breast",0.0577418317527822,8
"996","brIsk;brisk",0.125818215956825,8
"997","b^st;bust",0.0761301144444546,8
"998","CEst;chest",0.0624163534197327,8
"999","CIt;chit",0.0365296901586074,8
"1000","kost;coast",0.0977985297348036,8
"1001","krEst;crest",0.0603541036666583,8
"1002","kr^st;crust",0.0770737577962215,8
"1003","sIst;cyst",2.77254773693536,8
"1004","dIsk;disc",0.11368754280846,8
"1005","drIft;drift",0.0902023816531144,8
"1006","d^st;dust",0.0647403908576662,8
"1007","f@st;fast",0.109424867585435,8
"1008","fist;feast",0.106463796878564,8
"1009","fRst;first",0.10329608931338,8
"1010","fIst;fist",2.77481369492945,8
"1011","fIt;fit",0.126741553373644,8
"1012","fIkst;fixed",0.0915673791544103,8
"1013","fOst;foist",0.111510237610104,8
"1014","frIsk;frisk",0.11368754280846,8
"1015","gost;ghost",0.101054394885622,8
"1016","gIft;gift",0.0924735300778587,8
"1017","JIst;gist",2.75063324677559,8
"1018","grIst;grist",2.7510567246669,8
"1019","grIsL;gristle",0.24972471749179,8
"1020","grIt;grit",0.275673273704446,8
"1021","gEst;guest",0.0664823523802427,8
"1022","g^st;gust",0.0684692932099997,8
"1023","hIt;hit",0.0365296901586074,8
"1024","host;host",0.0977985297348036,8
"1025","It;it",0.0365296901586074,8
"1026","JEst;jest",0.174826183015519,8
"1027","JIlt;jilt",0.107166260424704,8
"1028","JOst;joist",0.118375699826603,8
"1029","JWst;joust",0.110296859445767,8
"1030","J^st;just",0.175734638280402,8
"1031","kIt;kit",0.0365296901586074,8
"1032","nIt;knit",0.0365296901586074,8
"1033","l@st;last",0.0683919200778065,8
"1034","list;least",0.0662010590850984,8
"1035","lEst;lest",0.124478203116081,8
"1036","lIs|t;licit",0.0535734620797177,8
"1037","lIft;lift",0.155198050430458,8
"1038","lIlt;lilt",0.0752586352375591,8
"1039","lInt;lint",0.0674810052898194,8
"1040","lIpt;lipped",0.0624802912684291,8
"1041","lIsp;lisp",0.0597210350463586,8
"1042","lIst;list",2.83133468780364,8
"1043","lIsN;listen",0.0597210350463586,8
"1044","lIsts;lists",0.0535734620797177,8
"1045","lIt;lit",0.099878978858362,8
"1046","lcst;lost",0.0615543407152546,8
"1047","l^st;lust",0.126325653341342,8
"1048","m@st;mast",0.0775741335111992,8
"1049","mIdst;midst",0.0634695536211169,8
"1050","mInt;mint",0.0670534183992641,8
"1051","mIs;miss",0.0719657814744784,8
"1052","mIsL;missal",0.0683844589178188,8
"1053","mIst;mist",2.81957959585606,8
"1054","mIstX;mister",0.081793781127911,8
"1055","mIsti;misty",0.0688274671886664,8
"1056","mIt;mitt",0.108784219242064,8
"1057","mOst;moist",0.0796595035358684,8
"1058","most;most",0.168926195861124,8
"1059","m^st;must",0.135944251264098,8
"1060","nEst;nest",0.0624163534197327,8
"1061","pEst;pest",0.0649905211533567,8
"1062","pIt;pit",0.0365296901586074,8
"1063","post;post",0.0991926368189109,8
"1064","r@ft;raft",0.0858607484954809,8
"1065","r@t;rat",0.0437549791184534,8
"1066","ret;rate",0.0376599658686859,8
"1067","rIr;rear",0.0338393172877629,8
"1068","rIsid;recede",0.22674181786757,8
"1069","rIsit;receipt",2.8374027758052,8
"1070","rIsiv;receive",0.22674181786757,8
"1071","rIsYtL;recital",0.329000035134164,8
"1072","rIsYt;recite",2.69285275427829,8
"1073","rIfR;refer",0.0790139647732207,8
"1074","rEnt;rent",0.0531828006453583,8
"1075","rIpit;repeat",0.203411763422587,8
"1076","rEst;rest",2.72777887585904,8
"1077","rIb;rib",0.0338393172877629,8
"1078","rIC;rich",0.0338393172877629,8
"1079","rIk;rick",0.144979562177772,8
"1080","rId;rid",0.0338393172877629,8
"1081","rIJ;ridge",0.0338393172877629,8
"1082","rIft;rift",2.50937913566677,8
"1083","rIg;rig",0.0338393172877629,8
"1084","rYt;right",0.0376599658686859,8
"1085","rIl;rill",0.0338393172877629,8
"1086","rIm;rim",0.0338393172877629,8
"1087","rIG;ring",0.041638354710213,8
"1088","rIGk;rink",0.108059031674886,8
"1089","rIp;rip",0.0338393172877629,8
"1090","rIsk;risk",2.50471513901488,8
"1091","rIske;risque",0.105050973176121,8
"1092","rost;roast",2.68119798309499,8
"1093","rust;roost",2.63004131919993,8
"1094","rut;root",0.189940235952261,8
"1095","rat;rot",0.0376599658686859,8
"1096","rot;rote",0.118388411247518,8
"1097","rWt;rout",0.0376599658686859,8
"1098","r^ft;ruffed",0.142834678441569,8
"1099","r^nt;runt",0.0660799798480521,8
"1100","rus;ruse",0.143194840185404,8
"1101","r^sk;rusk",0.16241951233782,8
"1102","r^s|t;russet",0.0527924209169454,8
"1103","r^st;rust",2.76771260432663,8
"1104","r^sL;rustle",0.0701639513554995,8
"1105","r^t;rut",0.0989419641393424,8
"1106","SIft;shift",0.0981772261620337,8
"1107","SrIft;shrift",0.0955813947043775,8
"1108","sIft;sift",0.198621054225985,8
"1109","sIlt;silt",0.117989431326736,8
"1110","sIstX;sister",0.105981817960034,8
"1111","sIt;sit",0.146553388457973,8
"1112","tIt;teat",0.0365296901586074,8
"1113","tEst;test",0.0649905211533567,8
"1114","TrIft;thrift",0.0902023816531144,8
"1115","Tr^st;thrust",0.0729995687000314,8
"1116","tost;toast",0.0991926368189109,8
"1117","tr^st;trust",0.310414758498091,8
"1118","trIst;tryst",2.738258426236,8
"1119","twIst;twist",0.249278776256224,8
"1120","vEst;vest",0.0624163534197327,8
"1121","wEst;west",0.0624163534197327,8
"1122","wIt;wit",0.0365296901586074,8
"1123","rEsL;wrestle",0.0544708823235684,8
"1124","rIst;wrist",45.0224238712339,8
"1125","rIt;writ",2.56477192086968,8
"1126","rItN;written",0.0259485562126565,8
"1127","rct;wrought",0.0376599658686859,8
"1128","zEst;zest",0.0624163534197327,8
"1129","xrEst;arrest",0.0668848285342444,9
"1130","xsIst;assist",0.11828699132259,9
"1131","bEst;best",0.0963261913331793,9
"1132","bIsk;bisque",0.150944880244736,9
"1133","bIt;bit",0.0451125581517513,9
"1134","bost;boast",0.133176269001482,9
"1135","bust;boost",0.169905470561041,9
"1136","brEst;breast",0.0694916494172253,9
"1137","brIsk;brisk",0.150944880244736,9
"1138","b^st;bust",0.0944937042420984,9
"1139","CEst;chest",0.0761349030771154,9
"1140","CIt;chit",0.0451125581517513,9
"1141","kost;coast",0.117985594935659,9
"1142","krEst;crest",0.0731907009650299,9
"1143","kr^st;crust",0.0956358309712101,9
"1144","sIst;cyst",2.88341383021191,9
"1145","dIsk;disc",0.134342897270785,9
"1146","drIft;drift",0.107489917207739,9
"1147","d^st;dust",0.0788002204671637,9
"1148","f@st;fast",0.132548071657148,9
"1149","fist;feast",0.128411001206366,9
"1150","fRst;first",0.124003587117685,9
"1151","fIst;fist",2.8849343831066,9
"1152","fIt;fit",0.15090451489689,9
"1153","fIkst;fixed",0.107636220283782,9
"1154","fOst;foist",0.135420805580111,9
"1155","frIsk;frisk",0.134342897270785,9
"1156","gost;ghost",0.122557437690652,9
"1157","gIft;gift",0.110663080804897,9
"1158","JIst;gist",2.85366067446325,9
"1159","grIst;grist",2.86455379748572,9
"1160","grIsL;gristle",0.293528663859283,9
"1161","grIt;grit",0.323814180453025,9
"1162","gEst;guest",0.0818290136006472,9
"1163","g^st;gust",0.0840136022538908,9
"1164","hIt;hit",0.0451125581517513,9
"1165","host;host",0.117985594935659,9
"1166","It;it",0.0451125581517513,9
"1167","JEst;jest",0.210699691888425,9
"1168","JIlt;jilt",0.127390878837061,9
"1169","JOst;joist",0.14291090041985,9
"1170","JWst;joust",0.131669288568964,9
"1171","J^st;just",0.21141889345023,9
"1172","kIt;kit",0.0451125581517513,9
"1173","nIt;knit",0.0451125581517513,9
"1174","l@st;last",0.0838319812019672,9
"1175","list;least",0.0807465086727553,9
"1176","lEst;lest",0.151141642202949,9
"1177","lIs|t;licit",0.0631178773865019,9
"1178","lIft;lift",0.18660862192966,9
"1179","lIlt;lilt",0.0932201257812234,9
"1180","lInt;lint",0.0824738154065812,9
"1181","lIpt;lipped",0.0756131364368162,9
"1182","lIsp;lisp",0.0716367448087967,9
"1183","lIst;list",2.95532451312953,9
"1184","lIsN;listen",0.0716367448087967,9
"1185","lIsts;lists",0.0631178773865019,9
"1186","lIt;lit",0.121928629286974,9
"1187","lcst;lost",0.0743074503727711,9
"1188","l^st;lust",0.153148763699362,9
"1189","m@st;mast",0.0944626614515053,9
"1190","mIdst;midst",0.0747449707331056,9
"1191","mInt;mint",0.079775033825198,9
"1192","mIs;miss",0.0864907001172848,9
"1193","mIsL;missal",0.0815672448826199,9
"1194","mIst;mist",2.94113451741984,9
"1195","mIstX;mister",0.0999772397466553,9
"1196","mIsti;misty",0.0822935523148305,9
"1197","mIt;mitt",0.131999076376429,9
"1198","mOst;moist",0.097335395374468,9
"1199","most;most",0.203464299217248,9
"1200","m^st;must",0.164381884615804,9
"1201","nEst;nest",0.0761349030771154,9
"1202","pEst;pest",0.0797173957160602,9
"1203","pIt;pit",0.0451125581517513,9
"1204","post;post",0.119939092880752,9
"1205","r@ft;raft",0.101480409803172,9
"1206","r@t;rat",0.0550006723828968,9
"1207","ret;rate",0.0466722412342337,9
"1208","rIr;rear",0.0413104565092482,9
"1209","rIsid;recede",0.272152782490296,9
"1210","rIsit;receipt",2.96782976402485,9
"1211","rIsiv;receive",0.272152782490296,9
"1212","rIsYtL;recital",0.38586179009669,9
"1213","rIsYt;recite",2.79460568707519,9
"1214","rIfR;refer",0.0920240610931217,9
"1215","rEnt;rent",0.063155414456319,9
"1216","rIpit;repeat",0.239818642596433,9
"1217","rEst;rest",2.82795989937941,9
"1218","rIb;rib",0.0413104565092482,9
"1219","rIC;rich",0.0413104565092482,9
"1220","rIk;rick",0.171961215599823,9
"1221","rId;rid",0.0413104565092482,9
"1222","rIJ;ridge",0.0413104565092482,9
"1223","rIft;rift",2.57762357846103,9
"1224","rIg;rig",0.0413104565092482,9
"1225","rYt;right",0.0466722412342337,9
"1226","rIl;rill",0.0413104565092482,9
"1227","rIm;rim",0.0413104565092482,9
"1228","rIG;ring",0.0518922017798592,9
"1229","rIGk;rink",0.126545510409293,9
"1230","rIp;rip",0.0413104565092482,9
"1231","rIsk;risk",2.57602668583931,9
"1232","rIske;risque",0.122376044069786,9
"1233","rost;roast",2.77045076326391,9
"1234","rust;roost",2.71147086854713,9
"1235","rut;root",0.227147959811894,9
"1236","rat;rot",0.0466722412342337,9
"1237","rot;rote",0.140905718553706,9
"1238","rWt;rout",0.0466722412342337,9
"1239","r^ft;ruffed",0.169368152652338,9
"1240","r^nt;runt",0.0803792402759985,9
"1241","rus;ruse",0.168174104430325,9
"1242","r^sk;rusk",0.190913436137656,9
"1243","r^s|t;russet",0.0620800872690753,9
"1244","r^st;rust",2.88341745511741,9
"1245","r^sL;rustle",0.0858519925245464,9
"1246","r^t;rut",0.120495568884061,9
"1247","SIft;shift",0.11853423587697,9
"1248","SrIft;shrift",0.114911784664611,9
"1249","sIft;sift",0.236671471832108,9
"1250","sIlt;silt",0.142316699914438,9
"1251","sIstX;sister",0.125835572904315,9
"1252","sIt;sit",0.176421635187611,9
"1253","tIt;teat",0.0451125581517513,9
"1254","tEst;test",0.0797173957160602,9
"1255","TrIft;thrift",0.107489917207739,9
"1256","Tr^st;thrust",0.0899537331812105,9
"1257","tost;toast",0.119939092880752,9
"1258","tr^st;trust",0.36675681464958,9
"1259","trIst;tryst",2.84728739751236,9
"1260","twIst;twist",0.292807359286502,9
"1261","vEst;vest",0.0761349030771154,9
"1262","wEst;west",0.0761349030771154,9
"1263","wIt;wit",0.0451125581517513,9
"1264","rEsL;wrestle",0.0650014868490234,9
"1265","rIst;wrist",41.0607003149514,9
"1266","rIt;writ",2.64305569382524,9
"1267","rItN;written",0.0302855165937414,9
"1268","rct;wrought",0.0466722412342337,9
"1269","zEst;zest",0.0761349030771154,9
"1270","xrEst;arrest",0.0779032039372734,10
"1271","xsIst;assist",0.13529243049245,10
"1272","bEst;best",0.116968046935027,10
"1273","bIsk;bisque",0.176221551823508,10
"1274","bIt;bit",0.054203753641607,10
"1275","bost;boast",0.158466392290532,10
"1276","bust;boost",0.194674088973076,10
"1277","brEst;breast",0.0813837203898883,10
"1278","brIsk;brisk",0.176221551823508,10
"1279","b^st;bust",0.113955565528336,10
"1280","CEst;chest",0.0903793058943321,10
"1281","CIt;chit",0.054203753641607,10
"1282","kost;coast",0.138501298402177,10
"1283","krEst;crest",0.0863691116596096,10
"1284","kr^st;crust",0.115245274879885,10
"1285","sIst;cyst",2.96585200541238,10
"1286","dIsk;disc",0.154562622283412,10
"1287","drIft;drift",0.124676913831014,10
"1288","d^st;dust",0.0933464491073149,10
"1289","f@st;fast",0.156217241252213,10
"1290","fist;feast",0.150708590072232,10
"1291","fRst;first",0.144864272594058,10
"1292","fIst;fist",2.96635346616432,10
"1293","fIt;fit",0.174912321208262,10
"1294","fIkst;fixed",0.123099274465464,10
"1295","fOst;foist",0.159986950391754,10
"1296","frIsk;frisk",0.154562622283412,10
"1297","gost;ghost",0.144619340052025,10
"1298","gIft;gift",0.128902104087847,10
"1299","JIst;gist",2.92736002550376,10
"1300","grIst;grist",2.95145355505198,10
"1301","grIsL;gristle",0.335789642410498,10
"1302","grIt;grit",0.37019000111196,10
"1303","gEst;guest",0.0979786062331034,10
"1304","g^st;gust",0.10029286295343,10
"1305","hIt;hit",0.054203753641607,10
"1306","host;host",0.138501298402177,10
"1307","It;it",0.054203753641607,10
"1308","JEst;jest",0.24709946292813,10
"1309","JIlt;jilt",0.147366447778865,10
"1310","JOst;joist",0.167846272899723,10
"1311","JWst;joust",0.152939668344122,10
"1312","J^st;just",0.247517254777135,10
"1313","kIt;kit",0.054203753641607,10
"1314","nIt;knit",0.054203753641607,10
"1315","l@st;last",0.0999554557469808,10
"1316","list;least",0.0958150628632506,10
"1317","lEst;lest",0.178608996240755,10
"1318","lIs|t;licit",0.0723604291906387,10
"1319","lIft;lift",0.218396502205743,10
"1320","lIlt;lilt",0.112182786097293,10
"1321","lInt;lint",0.0980347304205768,10
"1322","lIpt;lipped",0.0890632524149885,10
"1323","lIsp;lisp",0.0836092471111438,10
"1324","lIst;list",3.05152397417709,10
"1325","lIsN;listen",0.0836092471111438,10
"1326","lIsts;lists",0.0723604291906387,10
"1327","lIt;lit",0.144854167144355,10
"1328","lcst;lost",0.087311316506228,10
"1329","l^st;lust",0.180709712225917,10
"1330","m@st;mast",0.111920971182467,10
"1331","mIdst;midst",0.0856525643936691,10
"1332","mInt;mint",0.0923791789940145,10
"1333","mIs;miss",0.101127077310914,10
"1334","mIsL;missal",0.0946756344654748,10
"1335","mIst;mist",3.0348596289701,10
"1336","mIstX;mister",0.118768062766821,10
"1337","mIsti;misty",0.0957788624754433,10
"1338","mIt;mitt",0.155847927359845,10
"1339","mOst;moist",0.115690680322007,10
"1340","most;most",0.238490509167723,10
"1341","m^st;must",0.193467865464456,10
"1342","nEst;nest",0.0903793058943321,10
"1343","pEst;pest",0.095130611781944,10
"1344","pIt;pit",0.054203753641607,10
"1345","post;post",0.141110028021799,10
"1346","r@ft;raft",0.116749935086906,10
"1347","r@t;rat",0.0670977499083385,10
"1348","ret;rate",0.0562509078134401,10
"1349","rIr;rear",0.0490824150588241,10
"1350","rIsid;recede",0.317901738646278,10
"1351","rIsit;receipt",3.07202683000199,10
"1352","rIsiv;receive",0.317901738646278,10
"1353","rIsYtL;recital",0.440429133989528,10
"1354","rIsYt;recite",2.86971726962628,10
"1355","rIfR;refer",0.104301851470985,10
"1356","rEnt;rent",0.0729891535144841,10
"1357","rIpit;repeat",0.275193373617286,10
"1358","rEst;rest",2.89940618278846,10
"1359","rIb;rib",0.0490824150588241,10
"1360","rIC;rich",0.0490824150588241,10
"1361","rIk;rick",0.198561571675291,10
"1362","rId;rid",0.0490824150588241,10
"1363","rIJ;ridge",0.0490824150588241,10
"1364","rIft;rift",2.62023694183311,10
"1365","rIg;rig",0.0490824150588241,10
"1366","rYt;right",0.0562509078134401,10
"1367","rIl;rill",0.0490824150588241,10
"1368","rIm;rim",0.0490824150588241,10
"1369","rIG;ring",0.0627672840724811,10
"1370","rIGk;rink",0.144268691696281,10
"1371","rIp;rip",0.0490824150588241,10
"1372","rIsk;risk",2.62269302384063,10
"1373","rIske;risque",0.138760958394355,10
"1374","rost;roast",2.83040778181852,10
"1375","rust;roost",2.76407725263273,10
"1376","rut;root",0.264276656882275,10
"1377","rat;rot",0.0562509078134401,10
"1378","rot;rote",0.163257650367452,10
"1379","rWt;rout",0.0562509078134401,10
"1380","r^ft;ruffed",0.195483706291376,10
"1381","r^nt;runt",0.095066461107685,10
"1382","rus;ruse",0.19215697356223,10
"1383","r^sk;rusk",0.218482225682313,10
"1384","r^s|t;russet",0.0710479598848909,10
"1385","r^st;rust",2.97262375096843,10
"1386","r^sL;rustle",0.102056530161855,10
"1387","r^t;rut",0.142779078818413,10
"1388","SIft;shift",0.13925483057191,10
"1389","SrIft;shrift",0.134437481883381,10
"1390","sIft;sift",0.274478319526616,10
"1391","sIlt;silt",0.1669809031817,10
"1392","sIstX;sister",0.145418728574224,10
"1393","sIt;sit",0.206687800758629,10
"1394","tIt;teat",0.054203753641607,10
"1395","tEst;test",0.095130611781944,10
"1396","TrIft;thrift",0.124676913831014,10
"1397","Tr^st;thrust",0.107694057346332,10
"1398","tost;toast",0.141110028021799,10
"1399","tr^st;trust",0.421828553012141,10
"1400","trIst;tryst",2.9292515359616,10
"1401","twIst;twist",0.33470880829566,10
"1402","vEst;vest",0.0903793058943321,10
"1403","wEst;west",0.0903793058943321,10
"1404","wIt;wit",0.054203753641607,10
"1405","rEsL;wrestle",0.0755028707451697,10
"1406","rIst;wrist",37.5158544606891,10
"1407","rIt;writ",2.69564127322811,10
"1408","rItN;written",0.0344003587014625,10
"1409","rct;wrought",0.0562509078134401,10
"1410","zEst;zest",0.0903793058943321,10
