"","node","activation","time"
"1","xfar;afar",0,1
"2","Er;air",0,1
"3","xJar;ajar",0,1
"4","ark;arc",0,1
"5","arC;arch",0,1
"6","ar;are",4,1
"7","arm;arm",0,1
"8","art;art",0,1
"9","xtap;atop",0,1
"10","xtYr;attire",0,1
"11","bat;baht",0,1
"12","bam;balm",0,1
"13","bar;bar",4,1
"14","barb;barb",0,1
"15","bard;bard",0,1
"16","bEr;bare",0,1
"17","barJ;barge",0,1
"18","bark;bark",0,1
"19","barn;barn",0,1
"20","bIr;beer",0,1
"21","bor;boar",0,1
"22","bab;bob",0,1
"23","bak;bock",0,1
"24","baro;borrow",0,1
"25","baS;bosh",0,1
"26","baC;botch",0,1
"27","kam;calm",0,1
"28","kar;car",4,1
"29","kard;card",0,1
"30","kEr;care",0,1
"31","karp;carp",0,1
"32","kart;cart",0,1
"33","karv;carve",0,1
"34","CEr;chair",0,1
"35","Car;char",4,1
"36","Card;chard",0,1
"37","CarJ;charge",0,1
"38","Carm;charm",0,1
"39","Cart;chart",0,1
"40","CIr;cheer",0,1
"41","Cak;chock",0,1
"42","Can;chon",0,1
"43","Cap;chop",0,1
"44","Cor;chore",0,1
"45","kab;cob",0,1
"46","kak;cock",0,1
"47","kad;cod",0,1
"48","kag;cog",0,1
"49","kan;con",0,1
"50","kap;cop",0,1
"51","kor;core",0,1
"52","kat;cot",0,1
"53","zar;czar",4,1
"54","dEr;dare",0,1
"55","darn;darn",0,1
"56","dart;dart",0,1
"57","dIr;dear",0,1
"58","dYr;dire",0,1
"59","dat;dot",0,1
"60","Ir;ear",0,1
"61","fEr;fair",0,1
"62","far;far",4,1
"63","fars;farce",0,1
"64","farm;farm",0,1
"65","fIr;fear",0,1
"66","fYr;fire",0,1
"67","fab;fob",0,1
"68","fap;fop",0,1
"69","for;for",0,1
"70","gIr;gear",0,1
"71","gor;gore",0,1
"72","gat;got",0,1
"73","hEr;hair",0,1
"74","hart;hart",0,1
"75","hIr;hear",0,1
"76","hYr;hire",0,1
"77","hap;hop",0,1
"78","hat;hot",0,1
"79","Wr;hour",0,1
"80","Yr;ire",0,1
"81","Jar;jar",4,1
"82","JIr;jeer",0,1
"83","Jab;job",0,1
"84","Jag;jog",0,1
"85","JaS;josh",0,1
"86","Jas;joss",0,1
"87","Jat;jot",0,1
"88","nat;knot",0,1
"89","lEr;lair",0,1
"90","lIr;leer",0,1
"91","lap;lop",0,1
"92","lor;lore",0,1
"93","lat;lot",0,1
"94","lUr;lure",0,1
"95","lYr;lyre",0,1
"96","ma;ma",0,1
"97","mar;mar",4,1
"98","marC;march",0,1
"99","mEr;mare",0,1
"100","marJ;marge",0,1
"101","mark;mark",0,1
"102","marl;marl",0,1
"103","marz;mars",0,1
"104","marS;marsh",0,1
"105","mart;mart",0,1
"106","mIr;mere",0,1
"107","mYr;mire",0,1
"108","mab;mob",0,1
"109","mak;mock",0,1
"110","mal;moll",0,1
"111","mor;moor",0,1
"112","map;mop",0,1
"113","maro;morrow",0,1
"114","nIr;near",0,1
"115","nor;nor",0,1
"116","or;oar",0,1
"117","ad;odd",0,1
"118","pa;pa",0,1
"119","pEr;pair",0,1
"120","pam;palm",0,1
"121","par;par",4,1
"122","parx;para",0,1
"123","parC;parch",0,1
"124","pard;pard",0,1
"125","park;park",0,1
"126","pars;parse",0,1
"127","part;part",0,1
"128","pIr;peer",0,1
"129","pak;pock",0,1
"130","pad;pod",0,1
"131","por;poor",0,1
"132","pap;pop",0,1
"133","paS;posh",0,1
"134","pat;pot",0,1
"135","pYr;pyre",0,1
"136","rEr;rare",0,1
"137","rIr;rear",0,1
"138","ror;roar",0,1
"139","rat;rot",0,1
"140","skar;scar",0,1
"141","sIr;sear",0,1
"142","SEr;share",0,1
"143","SIr;shear",0,1
"144","SYr;shire",0,1
"145","Sap;shop",0,1
"146","Sor;shore",0,1
"147","Sat;shot",0,1
"148","sYr;sire",0,1
"149","sor;soar",0,1
"150","sap;sop",0,1
"151","sat;sot",0,1
"152","spar;spar",0,1
"153","stEr;stair",0,1
"154","star;star",4,1
"155","starC;starch",0,1
"156","stark;stark",0,1
"157","start;start",0,1
"158","starv;starve",0,1
"159","stIr;steer",0,1
"160","stak;stock",0,1
"161","stap;stop",0,1
"162","stor;store",0,1
"163","SUr;sure",0,1
"164","t@g;tag",0,1
"165","t@p;tap",0,1
"166","tep;tape",0,1
"167","tar;tar",20,1
"168","tEr;tare",4,1
"169","tarn;tarn",4,1
"170","tart;tart",4,1
"171","tartN;tartan",0,1
"172","tartX;tartar",0,1
"173","t@t;tat",0,1
"174","tct;taught",0,1
"175","top;taupe",0,1
"176","tIt;teat",0,1
"177","tEl;tell",0,1
"178","tEn;ten",0,1
"179","tErX;terror",0,1
"180","tY;thai",0,1
"181","DEr;their",0,1
"182","tYm;thyme",0,1
"183","tIk;tic",0,1
"184","tYd;tide",0,1
"185","tIr;tier",4,1
"186","tIf;tiff",0,1
"187","tYt;tight",0,1
"188","tYl;tile",0,1
"189","tIl;till",0,1
"190","tIn;tin",0,1
"191","tYn;tine",0,1
"192","tIp;tip",0,1
"193","tYr;tire",4,1
"194","tYrd;tired",0,1
"195","tYD;tithe",0,1
"196","tod;toad",0,1
"197","to;toe",0,1
"198","tag;tog",4,1
"199","tagz;togs",0,1
"200","tol;toll",0,1
"201","tom;tome",0,1
"202","ton;tone",0,1
"203","tUk;took",0,1
"204","tut;toot",0,1
"205","tap;top",4,1
"206","tapL;topple",0,1
"207","taps;tops",0,1
"208","tok;toque",0,1
"209","tor;tor",4,1
"210","torx;torah",0,1
"211","torC;torch",0,1
"212","torn;torn",0,1
"213","tork;torque",0,1
"214","tort;tort",0,1
"215","tori;tory",0,1
"216","tat;tot",4,1
"217","tot;tote",0,1
"218","tUr;tour",4,1
"219","tWt;tout",0,1
"220","trat;trot",0,1
"221","t^g;tug",0,1
"222","tYk;tyke",0,1
"223","tYp;type",0,1
"224","vIr;veer",0,1
"225","wor;war",0,1
"226","wEr;ware",0,1
"227","wat;watt",0,1
"228","hor;whore",0,1
"229","wYr;wire",0,1
"230","yat;yacht",0,1
"231","yarn;yarn",0,1
"232","yIr;year",0,1
"233","yor;yore",0,1
"234","xfar;afar",0.177777777777778,2
"235","Er;air",0.307551487414188,2
"236","xJar;ajar",0.2,2
"237","ark;arc",0.168421052631579,2
"238","arC;arch",0.168421052631579,2
"239","ar;are",3.01001649422702,2
"240","arm;arm",0.168421052631579,2
"241","art;art",0.396992481203008,2
"242","xtap;atop",0.152380952380952,2
"243","xtYr;attire",0.123076923076923,2
"244","bat;baht",0.256410256410256,2
"245","bam;balm",0.133333333333333,2
"246","bar;bar",3.04510421352527,2
"247","barb;barb",0.133333333333333,2
"248","bard;bard",0.133333333333333,2
"249","bEr;bare",0.272463768115942,2
"250","barJ;barge",0.133333333333333,2
"251","bark;bark",0.133333333333333,2
"252","barn;barn",0.666666666666667,2
"253","bIr;beer",0.24367816091954,2
"254","bor;boar",0.222222222222222,2
"255","bab;bob",0.133333333333333,2
"256","bak;bock",0.133333333333333,2
"257","baro;borrow",0.133333333333333,2
"258","baS;bosh",0.133333333333333,2
"259","baC;botch",0.133333333333333,2
"260","kam;calm",0.133333333333333,2
"261","kar;car",3.04510421352527,2
"262","kard;card",0.133333333333333,2
"263","kEr;care",0.272463768115942,2
"264","karp;carp",0.133333333333333,2
"265","kart;cart",0.361904761904762,2
"266","karv;carve",0.133333333333333,2
"267","CEr;chair",0.307551487414188,2
"268","Car;char",3.01001649422702,2
"269","Card;chard",0.168421052631579,2
"270","CarJ;charge",0.168421052631579,2
"271","Carm;charm",0.168421052631579,2
"272","Cart;chart",0.396992481203008,2
"273","CIr;cheer",0.278765880217786,2
"274","Cak;chock",0.168421052631579,2
"275","Can;chon",0.168421052631579,2
"276","Cap;chop",0.320802005012531,2
"277","Cor;chore",0.257309941520468,2
"278","kab;cob",0.133333333333333,2
"279","kak;cock",0.133333333333333,2
"280","kad;cod",0.133333333333333,2
"281","kag;cog",0.533333333333333,2
"282","kan;con",0.133333333333333,2
"283","kap;cop",0.285714285714286,2
"284","kor;core",0.222222222222222,2
"285","kat;cot",0.256410256410256,2
"286","zar;czar",2.82288199130304,2
"287","dEr;dare",0.139130434782609,2
"288","darn;darn",0.533333333333333,2
"289","dart;dart",0.228571428571429,2
"290","dIr;dear",0.110344827586207,2
"291","dYr;dire",0.123076923076923,2
"292","dat;dot",0.123076923076923,2
"293","Ir;ear",0.278765880217786,2
"294","fEr;fair",0.316908212560386,2
"295","far;far",3.00065976908082,2
"296","fars;farce",0.177777777777778,2
"297","farm;farm",0.177777777777778,2
"298","fIr;fear",0.288122605363985,2
"299","fYr;fire",0.300854700854701,2
"300","fab;fob",0.177777777777778,2
"301","fap;fop",0.33015873015873,2
"302","for;for",0.266666666666667,2
"303","gIr;gear",0.110344827586207,2
"304","gor;gore",0.0888888888888889,2
"305","gat;got",0.123076923076923,2
"306","hEr;hair",0.139130434782609,2
"307","hart;hart",0.228571428571429,2
"308","hIr;hear",0.110344827586207,2
"309","hYr;hire",0.123076923076923,2
"310","hap;hop",0.152380952380952,2
"311","hat;hot",0.123076923076923,2
"312","Wr;hour",0.168421052631579,2
"313","Yr;ire",0.291497975708502,2
"314","Jar;jar",2.9784375468586,2
"315","JIr;jeer",0.310344827586207,2
"316","Jab;job",0.2,2
"317","Jag;jog",0.6,2
"318","JaS;josh",0.2,2
"319","Jas;joss",0.2,2
"320","Jat;jot",0.323076923076923,2
"321","nat;knot",0.123076923076923,2
"322","lEr;lair",0.139130434782609,2
"323","lIr;leer",0.110344827586207,2
"324","lap;lop",0.152380952380952,2
"325","lor;lore",0.0888888888888889,2
"326","lat;lot",0.123076923076923,2
"327","lUr;lure",0.4,2
"328","lYr;lyre",0.123076923076923,2
"329","ma;ma",0.123076923076923,2
"330","mar;mar",3.05536062378168,2
"331","marC;march",0.123076923076923,2
"332","mEr;mare",0.262207357859532,2
"333","marJ;marge",0.123076923076923,2
"334","mark;mark",0.123076923076923,2
"335","marl;marl",0.123076923076923,2
"336","marz;mars",0.123076923076923,2
"337","marS;marsh",0.123076923076923,2
"338","mart;mart",0.351648351648352,2
"339","mIr;mere",0.23342175066313,2
"340","mYr;mire",0.246153846153846,2
"341","mab;mob",0.123076923076923,2
"342","mak;mock",0.123076923076923,2
"343","mal;moll",0.123076923076923,2
"344","mor;moor",0.211965811965812,2
"345","map;mop",0.275457875457875,2
"346","maro;morrow",0.123076923076923,2
"347","nIr;near",0.110344827586207,2
"348","nor;nor",0.0888888888888889,2
"349","or;oar",0.257309941520468,2
"350","ad;odd",0.168421052631579,2
"351","pa;pa",0.118518518518519,2
"352","pEr;pair",0.257648953301127,2
"353","pam;palm",0.118518518518519,2
"354","par;par",3.05991902834008,2
"355","parx;para",0.118518518518519,2
"356","parC;parch",0.118518518518519,2
"357","pard;pard",0.118518518518519,2
"358","park;park",0.118518518518519,2
"359","pars;parse",0.118518518518519,2
"360","part;part",0.347089947089947,2
"361","pIr;peer",0.228863346104725,2
"362","pak;pock",0.118518518518519,2
"363","pad;pod",0.118518518518519,2
"364","por;poor",0.207407407407407,2
"365","pap;pop",0.270899470899471,2
"366","paS;posh",0.118518518518519,2
"367","pat;pot",0.241595441595442,2
"368","pYr;pyre",0.241595441595442,2
"369","rEr;rare",0.139130434782609,2
"370","rIr;rear",0.110344827586207,2
"371","ror;roar",0.0888888888888889,2
"372","rat;rot",0.123076923076923,2
"373","skar;scar",0.4,2
"374","sIr;sear",0.110344827586207,2
"375","SEr;share",0.139130434782609,2
"376","SIr;shear",0.110344827586207,2
"377","SYr;shire",0.123076923076923,2
"378","Sap;shop",0.152380952380952,2
"379","Sor;shore",0.0888888888888889,2
"380","Sat;shot",0.123076923076923,2
"381","sYr;sire",0.123076923076923,2
"382","sor;soar",0.0888888888888889,2
"383","sap;sop",0.152380952380952,2
"384","sat;sot",0.123076923076923,2
"385","spar;spar",0.385185185185185,2
"386","stEr;stair",0.405797101449275,2
"387","star;star",1.6,2
"388","starC;starch",0.266666666666667,2
"389","stark;stark",0.266666666666667,2
"390","start;start",0.495238095238095,2
"391","starv;starve",0.266666666666667,2
"392","stIr;steer",0.377011494252874,2
"393","stak;stock",0.266666666666667,2
"394","stap;stop",0.419047619047619,2
"395","stor;store",0.355555555555556,2
"396","SUr;sure",0.4,2
"397","t@g;tag",0.4,2
"398","t@p;tap",0.152380952380952,2
"399","tep;tape",0.152380952380952,2
"400","tar;tar",8.14390792522253,2
"401","tEr;tare",2.32231063955202,2
"402","tarn;tarn",1.82857142857143,2
"403","tart;tart",2.25641025641026,2
"404","tartN;tartan",0.228571428571429,2
"405","tartX;tartar",0.228571428571429,2
"406","t@t;tat",0.123076923076923,2
"407","tct;taught",0.123076923076923,2
"408","top;taupe",0.241269841269841,2
"409","tIt;teat",0.23342175066313,2
"410","tEl;tell",0.139130434782609,2
"411","tEn;ten",0.139130434782609,2
"412","tErX;terror",0.139130434782609,2
"413","tY;thai",0.123076923076923,2
"414","DEr;their",0.139130434782609,2
"415","tYm;thyme",0.123076923076923,2
"416","tIk;tic",0.110344827586207,2
"417","tYd;tide",0.123076923076923,2
"418","tIr;tier",2.35109624674842,2
"419","tIf;tiff",0.110344827586207,2
"420","tYt;tight",0.246153846153846,2
"421","tYl;tile",0.123076923076923,2
"422","tIl;till",0.110344827586207,2
"423","tIn;tin",0.110344827586207,2
"424","tYn;tine",0.123076923076923,2
"425","tIp;tip",0.262725779967159,2
"426","tYr;tire",2.3383641512577,2
"427","tYrd;tired",0.123076923076923,2
"428","tYD;tithe",0.123076923076923,2
"429","tod;toad",0.0888888888888889,2
"430","to;toe",0.0888888888888889,2
"431","tag;tog",1.87545787545788,2
"432","tagz;togs",0.4,2
"433","tol;toll",0.0888888888888889,2
"434","tom;tome",0.0888888888888889,2
"435","ton;tone",0.0888888888888889,2
"436","tUk;took",0.4,2
"437","tut;toot",0.123076923076923,2
"438","tap;top",2.12307692307692,2
"439","tapL;topple",0.152380952380952,2
"440","taps;tops",0.152380952380952,2
"441","tok;toque",0.0888888888888889,2
"442","tor;tor",2.37255218544574,2
"443","torx;torah",0.0888888888888889,2
"444","torC;torch",0.0888888888888889,2
"445","torn;torn",0.622222222222222,2
"446","tork;torque",0.0888888888888889,2
"447","tort;tort",0.317460317460317,2
"448","tori;tory",0.0888888888888889,2
"449","tat;tot",2.38095238095238,2
"450","tot;tote",0.211965811965812,2
"451","tUr;tour",2.06144107433463,2
"452","tWt;tout",0.123076923076923,2
"453","trat;trot",0.123076923076923,2
"454","t^g;tug",0.4,2
"455","tYk;tyke",0.123076923076923,2
"456","tYp;type",0.275457875457875,2
"457","vIr;veer",0.110344827586207,2
"458","wor;war",0.0888888888888889,2
"459","wEr;ware",0.139130434782609,2
"460","wat;watt",0.123076923076923,2
"461","hor;whore",0.0888888888888889,2
"462","wYr;wire",0.123076923076923,2
"463","yat;yacht",0.123076923076923,2
"464","yarn;yarn",0.533333333333333,2
"465","yIr;year",0.110344827586207,2
"466","yor;yore",0.0888888888888889,2
"467","xfar;afar",0.248918211959148,3
"468","Er;air",0.457298906498601,3
"469","xJar;ajar",0.260032988454041,3
"470","ark;arc",0.262559484631507,3
"471","arC;arch",0.252696193926111,3
"472","ar;are",2.18871439124072,3
"473","arm;arm",0.289009884134538,3
"474","art;art",0.533996220549446,3
"475","xtap;atop",0.17840293040293,3
"476","xtYr;attire",0.0965650508079294,3
"477","bat;baht",0.388297354536866,3
"478","bam;balm",0.210133247302838,3
"479","bar;bar",2.23924621938383,3
"480","barb;barb",0.248216316497018,3
"481","bard;bard",0.283968525301859,3
"482","bEr;bare",0.381845711626497,3
"483","barJ;barge",0.272726402901842,3
"484","bark;bark",0.289722475055808,3
"485","barn;barn",0.793863262143964,3
"486","bIr;beer",0.347375471449775,3
"487","bor;boar",0.314241521288765,3
"488","bab;bob",0.269116601397303,3
"489","bak;bock",0.249119029119029,3
"490","baro;borrow",0.24945951774022,3
"491","baS;bosh",0.222323723493314,3
"492","baC;botch",0.184487156767859,3
"493","kam;calm",0.255648749513992,3
"494","kar;car",2.3375421264521,3
"495","kard;card",0.250575547908881,3
"496","kEr;care",0.371817039229522,3
"497","karp;carp",0.204995537276239,3
"498","kart;cart",0.51258136014418,3
"499","karv;carve",0.186963791244493,3
"500","CEr;chair",0.41532701793709,3
"501","Car;char",2.1791963028592,3
"502","Card;chard",0.268872874944897,3
"503","CarJ;charge",0.254177675407592,3
"504","Carm;charm",0.289009884134538,3
"505","Cart;chart",0.533996220549446,3
"506","CIr;cheer",0.38135213379752,3
"507","Cak;chock",0.251826004985746,3
"508","Can;chon",0.212908519612121,3
"509","Cap;chop",0.438358449242502,3
"510","Cor;chore",0.348070445871043,3
"511","kab;cob",0.295676836653191,3
"512","kak;cock",0.280250692946345,3
"513","kad;cod",0.300477229243057,3
"514","kag;cog",0.535897652874007,3
"515","kan;con",0.264279462097921,3
"516","kap;cop",0.48477478298422,3
"517","kor;core",0.304775940812176,3
"518","kat;cot",0.455282092825953,3
"519","zar;czar",1.81377463340518,3
"520","dEr;dare",0.253288248444228,3
"521","darn;darn",0.572275132275132,3
"522","dart;dart",0.431199561786028,3
"523","dIr;dear",0.217289459848218,3
"524","dYr;dire",0.20682746929146,3
"525","dat;dot",0.220298598257408,3
"526","Ir;ear",0.422304460858285,3
"527","fEr;fair",0.441061409596945,3
"528","far;far",2.2215989705753,3
"529","fars;farce",0.218018741059677,3
"530","farm;farm",0.261237900068309,3
"531","fIr;fear",0.406659193920267,3
"532","fYr;fire",0.390884067887035,3
"533","fab;fob",0.240233563274499,3
"534","fap;fop",0.415001543275562,3
"535","for;for",0.373363306348681,3
"536","gIr;gear",0.206052699884149,3
"537","gor;gore",0.173580363188852,3
"538","gat;got",0.199512273471084,3
"539","hEr;hair",0.256576677055565,3
"540","hart;hart",0.321582956169422,3
"541","hIr;hear",0.220224083937667,3
"542","hYr;hire",0.210559810996719,3
"543","hap;hop",0.240354541587624,3
"544","hat;hot",0.235439013397823,3
"545","Wr;hour",0.208857066727301,3
"546","Yr;ire",0.408141295493274,3
"547","Jar;jar",2.19548940236576,3
"548","JIr;jeer",0.381902681802243,3
"549","Jab;job",0.379183420867631,3
"550","Jag;jog",0.585372491056702,3
"551","JaS;josh",0.344742635315735,3
"552","Jas;joss",0.311731465415676,3
"553","Jat;jot",0.523070228186933,3
"554","nat;knot",0.199512273471084,3
"555","lEr;lair",0.309335437496704,3
"556","lIr;leer",0.272675726229197,3
"557","lap;lop",0.240764797997881,3
"558","lor;lore",0.24005708733486,3
"559","lat;lot",0.212171614130424,3
"560","lUr;lure",0.36045315071402,3
"561","lYr;lyre",0.263673086968451,3
"562","ma;ma",0.183415363806341,3
"563","mar;mar",2.22276762029867,3
"564","marC;march",0.23623606023606,3
"565","mEr;mare",0.385803188069718,3
"566","marJ;marge",0.237717541717542,3
"567","mark;mark",0.252811515969411,3
"568","marl;marl",0.217244307349571,3
"569","marz;mars",0.199466529571793,3
"570","marS;marsh",0.199466529571793,3
"571","mart;mart",0.512551317243047,3
"572","mIr;mere",0.350706358365092,3
"573","mYr;mire",0.337015074415702,3
"574","mab;mob",0.237100937491915,3
"575","mak;mock",0.232067956178232,3
"576","mal;moll",0.18250368289466,3
"577","mor;moor",0.31761885500189,3
"578","map;mop",0.402884039936672,3
"579","maro;morrow",0.216072146177409,3
"580","nIr;near",0.206052699884149,3
"581","nor;nor",0.173580363188852,3
"582","or;oar",0.389059023340778,3
"583","ad;odd",0.179600198303799,3
"584","pa;pa",0.191561164847715,3
"585","pEr;pair",0.381130804356398,3
"586","pam;palm",0.200467780865442,3
"587","par;par",2.31905884255146,3
"588","parx;para",0.178561470832148,3
"589","parC;parch",0.214814382313129,3
"590","pard;pard",0.238797245453887,3
"591","park;park",0.230903608226917,3
"592","pars;parse",0.228226373830384,3
"593","part;part",0.501768059101392,3
"594","pIr;peer",0.345976090149444,3
"595","pak;pock",0.236263139935655,3
"596","pad;pod",0.241612010688034,3
"597","por;poor",0.312905952136941,3
"598","pap;pop",0.406303984823617,3
"599","paS;posh",0.212658257055918,3
"600","pat;pot",0.395811134485066,3
"601","pYr;pyre",0.332458459707041,3
"602","rEr;rare",0.249033737523051,3
"603","rIr;rear",0.21303494892704,3
"604","ror;roar",0.180511157624223,3
"605","rat;rot",0.249211907170717,3
"606","skar;scar",0.390886189833558,3
"607","sIr;sear",0.274629772148208,3
"608","SEr;share",0.309335437496704,3
"609","SIr;shear",0.272675726229197,3
"610","SYr;shire",0.263673086968451,3
"611","Sap;shop",0.240764797997881,3
"612","Sor;shore",0.24005708733486,3
"613","Sat;shot",0.212171614130424,3
"614","sYr;sire",0.203381332710628,3
"615","sor;soar",0.238624275304399,3
"616","sap;sop",0.308920642153725,3
"617","sat;sot",0.211063389022199,3
"618","spar;spar",0.381034637876743,3
"619","stEr;stair",0.385812837171158,3
"620","star;star",1.42023934004765,3
"621","starC;starch",0.335238095238095,3
"622","stark;stark",0.417015873015873,3
"623","start;start",0.483985347985348,3
"624","starv;starve",0.335238095238095,3
"625","stIr;steer",0.389388895295942,3
"626","stak;stock",0.269714285714286,3
"627","stap;stop",0.414501054501055,3
"628","stor;store",0.375725109105366,3
"629","SUr;sure",0.36045315071402,3
"630","t@g;tag",0.455900924472353,3
"631","t@p;tap",0.276371589002131,3
"632","tep;tape",0.178465431667402,3
"633","tar;tar",4.10069625321706,3
"634","tEr;tare",1.56167036995978,3
"635","tarn;tarn",1.19077870203129,3
"636","tart;tart",1.55158347342252,3
"637","tartN;tartan",0.266080586080586,3
"638","tartX;tartar",0.266080586080586,3
"639","t@t;tat",0.274758624391061,3
"640","tct;taught",0.174217895278903,3
"641","top;taupe",0.311118661496044,3
"642","tIt;teat",0.324091467419803,3
"643","tEl;tell",0.155341182555575,3
"644","tEn;ten",0.154802462016855,3
"645","tErX;terror",0.108602109201809,3
"646","tY;thai",0.186867186062446,3
"647","DEr;their",0.239443233415594,3
"648","tYm;thyme",0.186867186062446,3
"649","tIk;tic",0.248859093938093,3
"650","tYd;tide",0.23699306018832,3
"651","tIr;tier",1.46534737401504,3
"652","tIf;tiff",0.149823825247652,3
"653","tYt;tight",0.352480550070151,3
"654","tYl;tile",0.219140922284208,3
"655","tIl;till",0.191658684042031,3
"656","tIn;tin",0.19111996350331,3
"657","tYn;tine",0.218602201745487,3
"658","tIp;tip",0.329168194069853,3
"659","tYr;tire",1.54473477550547,3
"660","tYrd;tired",0.105516099758978,3
"661","tYD;tithe",0.177871934400527,3
"662","tod;toad",0.139016841525587,3
"663","to;toe",0.139911946420692,3
"664","tag;tog",1.52622518147777,3
"665","tagz;togs",0.267545787545788,3
"666","tol;toll",0.171776807566913,3
"667","tom;tome",0.139911946420692,3
"668","ton;tone",0.234537750327855,3
"669","tUk;took",0.310083590683291,3
"670","tut;toot",0.174217895278903,3
"671","tap;top",1.48760925729689,3
"672","tapL;topple",0.172307692307692,3
"673","taps;tops",0.172307692307692,3
"674","tok;toque",0.240213388699146,3
"675","tor;tor",1.59038966899199,3
"676","torx;torah",0.19833184750726,3
"677","torC;torch",0.19833184750726,3
"678","torn;torn",0.504363593539006,3
"679","tork;torque",0.205950895126307,3
"680","tort;tort",0.363687972863385,3
"681","tori;tory",0.19833184750726,3
"682","tat;tot",1.44761835389076,3
"683","tot;tote",0.336800307036727,3
"684","tUr;tour",1.19501809637563,3
"685","tWt;tout",0.174217895278903,3
"686","trat;trot",0.10443956043956,3
"687","t^g;tug",0.347545787545788,3
"688","tYk;tyke",0.27634133218027,3
"689","tYp;type",0.360177589336724,3
"690","vIr;veer",0.201581210138826,3
"691","wor;war",0.184070187825721,3
"692","wEr;ware",0.252592767724549,3
"693","wat;watt",0.199512273471084,3
"694","hor;whore",0.187651537285428,3
"695","wYr;wire",0.206131988571781,3
"696","yat;yacht",0.199512273471084,3
"697","yarn;yarn",0.516402116402116,3
"698","yIr;year",0.206052699884149,3
"699","yor;yore",0.173580363188852,3
"700","xfar;afar",0.252534569799015,4
"701","Er;air",0.524090069887627,4
"702","xJar;ajar",0.261348352592756,4
"703","ark;arc",0.314236045916194,4
"704","arC;arch",0.290453495484853,4
"705","ar;are",1.64650922167339,4
"706","arm;arm",0.343276316346818,4
"707","art;art",0.589355683385937,4
"708","xtap;atop",0.15867158365016,4
"709","xtYr;attire",0.0668433109463696,4
"710","bat;baht",0.470933673334194,4
"711","bam;balm",0.254991866504371,4
"712","bar;bar",1.74984565268595,4
"713","barb;barb",0.318624287870934,4
"714","bard;bard",0.384218208493706,4
"715","bEr;bare",0.434533809374042,4
"716","barJ;barge",0.357956887483102,4
"717","bark;bark",0.395994119679874,4
"718","barn;barn",0.776916267361372,4
"719","bIr;beer",0.401004807031481,4
"720","bor;boar",0.365736182767602,4
"721","bab;bob",0.364849829090578,4
"722","bak;bock",0.332370946645033,4
"723","baro;borrow",0.318365144505783,4
"724","baS;bosh",0.276241770367695,4
"725","baC;botch",0.208006427298341,4
"726","kam;calm",0.331873326616704,4
"727","kar;car",1.84717134280602,4
"728","kard;card",0.329323959647324,4
"729","kEr;care",0.421602319690112,4
"730","karp;carp",0.23708512796346,4
"731","kart;cart",0.584349607423447,4
"732","karv;carve",0.207339760562,4
"733","CEr;chair",0.459552015175221,4
"734","Car;char",1.64345506068291,4
"735","Card;chard",0.326194286620458,4
"736","CarJ;charge",0.296980281064006,4
"737","Carm;charm",0.343794615916482,4
"738","Cart;chart",0.589873982955601,4
"739","CIr;cheer",0.42655513282268,4
"740","Cak;chock",0.285043874932356,4
"741","Can;chon",0.21583285694074,4
"742","Cap;chop",0.482742278790981,4
"743","Cor;chore",0.391126342449757,4
"744","kab;cob",0.40817046195539,4
"745","kak;cock",0.380943727622879,4
"746","kad;cod",0.392885251954984,4
"747","kag;cog",0.546192743401871,4
"748","kan;con",0.334308882245562,4
"749","kap;cop",0.610202977361925,4
"750","kor;core",0.353531844632055,4
"751","kat;cot",0.584550212401208,4
"752","zar;czar",1.20887232415616,4
"753","dEr;dare",0.335296860662261,4
"754","darn;darn",0.519827224337984,4
"755","dart;dart",0.50111720475369,4
"756","dIr;dear",0.300344531501768,4
"757","dYr;dire",0.263461117683432,4
"758","dat;dot",0.299270018290242,4
"759","Ir;ear",0.490104174151639,4
"760","fEr;fair",0.4944759237047,4
"761","far;far",1.69745541219546,4
"762","fars;farce",0.22067207440321,4
"763","farm;farm",0.286192945424355,4
"764","fIr;fear",0.461034045059162,4
"765","fYr;fire",0.418678033005012,4
"766","fab;fob",0.271031112530163,4
"767","fap;fop",0.444764285006685,4
"768","for;for",0.425519932619313,4
"769","gIr;gear",0.279803888929171,4
"770","gor;gore",0.245318813726761,4
"771","gat;got",0.257132460628965,4
"772","hEr;hair",0.34327484194577,4
"773","hart;hart",0.370932103591098,4
"774","hIr;hear",0.307751453232796,4
"775","hYr;hire",0.272009392120337,4
"776","hap;hop",0.301791528636517,4
"777","hat;hot",0.315333218229579,4
"778","Wr;hour",0.205127857302364,4
"779","Yr;ire",0.448937441679991,4
"780","Jar;jar",1.6695569762202,4
"781","JIr;jeer",0.408764312999687,4
"782","Jab;job",0.456201756185189,4
"783","Jag;jog",0.567348694069515,4
"784","JaS;josh",0.392364276017529,4
"785","Jas;joss",0.334148837360727,4
"786","Jat;jot",0.610876312441698,4
"787","nat;knot",0.257132460628965,4
"788","lEr;lair",0.405602325230482,4
"789","lIr;leer",0.370208236374012,4
"790","lap;lop",0.301384628156146,4
"791","lor;lore",0.335285806985685,4
"792","lat;lot",0.279010394521579,4
"793","lUr;lure",0.288458065290032,4
"794","lYr;lyre",0.333536855288593,4
"795","ma;ma",0.211228884009005,4
"796","mar;mar",1.71794130280023,4
"797","marC;march",0.312432224651322,4
"798","mEr;mare",0.448095775340983,4
"799","marJ;marge",0.318598735352169,4
"800","mark;mark",0.352840156864599,4
"801","marl;marl",0.277381714092997,4
"802","marz;mars",0.248856286292047,4
"803","marS;marsh",0.248856286292047,4
"804","mart;mart",0.603749613581817,4
"805","mIr;mere",0.41386620516148,4
"806","mYr;mire",0.373820344735666,4
"807","mab;mob",0.31120986552544,4
"808","mak;mock",0.3058794503631,4
"809","mal;moll",0.211322593894528,4
"810","mor;moor",0.378590252485896,4
"811","map;mop",0.47555502728878,4
"812","maro;morrow",0.281427308747113,4
"813","nIr;near",0.279803888929171,4
"814","nor;nor",0.245318813726761,4
"815","or;oar",0.45455611804273,4
"816","ad;odd",0.169258285335959,4
"817","pa;pa",0.237990952141432,4
"818","pEr;pair",0.447059870043584,4
"819","pam;palm",0.258118876381156,4
"820","par;par",1.82897078929146,4
"821","parx;para",0.218238129958448,4
"822","parC;parch",0.280407180809984,4
"823","pard;pard",0.335346192261998,4
"824","park;park",0.319832038198604,4
"825","pars;parse",0.284034623466251,4
"826","part;part",0.590737712150449,4
"827","pIr;peer",0.412763801354734,4
"828","pak;pock",0.32850017291721,4
"829","pad;pod",0.312222950348531,4
"830","por;poor",0.377507952590626,4
"831","pap;pop",0.496186885274288,4
"832","paS;posh",0.27963967971538,4
"833","pat;pot",0.502058584182674,4
"834","pYr;pyre",0.372913026209163,4
"835","rEr;rare",0.328713766886008,4
"836","rIr;rear",0.293694261237286,4
"837","ror;roar",0.259114423866604,4
"838","rat;rot",0.306957611170149,4
"839","skar;scar",0.352387168285423,4
"840","sIr;sear",0.369431839258154,4
"841","SEr;share",0.405602325230482,4
"842","SIr;shear",0.370208236374012,4
"843","SYr;shire",0.333536855288593,4
"844","Sap;shop",0.301384628156146,4
"845","Sor;shore",0.335285806985685,4
"846","Sat;shot",0.279010394521579,4
"847","sYr;sire",0.262220719288912,4
"848","sor;soar",0.331950812005992,4
"849","sap;sop",0.378071088415211,4
"850","sat;sot",0.282053626792207,4
"851","spar;spar",0.343838722128258,4
"852","stEr;stair",0.34858240019819,4
"853","star;star",1.27000149203214,4
"854","starC;starch",0.372938056125277,4
"855","stark;stark",0.461542500569721,4
"856","start;start",0.480959382811692,4
"857","starv;starve",0.372938056125277,4
"858","stIr;steer",0.361247553340948,4
"859","stak;stock",0.281668188215409,4
"860","stap;stop",0.400005599897439,4
"861","stor;store",0.354681765724319,4
"862","SUr;sure",0.288458065290032,4
"863","t@g;tag",0.43882933135271,4
"864","t@p;tap",0.319769634787009,4
"865","tep;tape",0.187616084981433,4
"866","tar;tar",2.55652013737435,4
"867","tEr;tare",1.15287376711403,4
"868","tarn;tarn",0.864009743453118,4
"869","tart;tart",1.24266800797972,4
"870","tartN;tartan",0.248310264415353,4
"871","tartX;tartar",0.248310264415353,4
"872","t@t;tat",0.336399320394719,4
"873","tct;taught",0.198038037451888,4
"874","top;taupe",0.357110666392236,4
"875","tIt;teat",0.368464246092543,4
"876","tEl;tell",0.154294180845206,4
"877","tEn;ten",0.157331822340686,4
"878","tErX;terror",0.0760393912302674,4
"879","tY;thai",0.231147662329085,4
"880","DEr;their",0.308572271756745,4
"881","tYm;thyme",0.231147662329085,4
"882","tIk;tic",0.284533768180872,4
"883","tYd;tide",0.281013228140495,4
"884","tIr;tier",1.09525768622594,4
"885","tIf;tiff",0.170417313231197,4
"886","tYt;tight",0.4146401125484,4
"887","tYl;tile",0.279889547591303,4
"888","tIl;till",0.233681310312668,4
"889","tIn;tin",0.236642333775974,4
"890","tYn;tine",0.282826627919554,4
"891","tIp;tip",0.358861154696871,4
"892","tYr;tire",1.1573164937261,4
"893","tYrd;tired",0.0858693796593663,4
"894","tYD;tithe",0.2160505308087,4
"895","tod;toad",0.185383168594886,4
"896","to;toe",0.183196140656551,4
"897","tag;tog",1.12449247391324,4
"898","tagz;togs",0.206131675656934,4
"899","tol;toll",0.231063808226519,4
"900","tom;tome",0.183196140656551,4
"901","ton;tone",0.290739368584005,4
"902","tUk;took",0.238076317516235,4
"903","tut;toot",0.198038037451888,4
"904","tap;top",1.26255466065201,4
"905","tapL;topple",0.160055444234021,4
"906","taps;tops",0.160055444234021,4
"907","tok;toque",0.310826972896274,4
"908","tor;tor",1.28530173748586,4
"909","torx;torah",0.238239256611852,4
"910","torC;torch",0.238239256611852,4
"911","torn;torn",0.449859836424631,4
"912","tork;torque",0.258684293225947,4
"913","tort;tort",0.366887858849878,4
"914","tori;tory",0.238239256611852,4
"915","tat;tot",1.11593418072893,4
"916","tot;tote",0.405854896936455,4
"917","tUr;tour",0.738783666384725,4
"918","tWt;tout",0.198038037451888,4
"919","trat;trot",0.0787213170003223,4
"920","t^g;tug",0.313311860551405,4
"921","tYk;tyke",0.333284245899331,4
"922","tYp;type",0.407636815057002,4
"923","vIr;veer",0.270412826478492,4
"924","wor;war",0.264618242281962,4
"925","wEr;ware",0.33417804052135,4
"926","wat;watt",0.257132460628965,4
"927","hor;whore",0.273083207848931,4
"928","wYr;wire",0.262365480233177,4
"929","yat;yacht",0.257132460628965,4
"930","yarn;yarn",0.447071566641307,4
"931","yIr;year",0.279803888929171,4
"932","yor;yore",0.245318813726761,4
"933","xfar;afar",0.230488717761148,5
"934","Er;air",0.550812787039116,5
"935","xJar;ajar",0.236761347249167,5
"936","ark;arc",0.340322222771482,5
"937","arC;arch",0.30499779721427,5
"938","ar;are",1.31646531762358,5
"939","arm;arm",0.358561893759032,5
"940","art;art",0.608067388915848,5
"941","xtap;atop",0.143832533119413,5
"942","xtYr;attire",0.0489784004577692,5
"943","bat;baht",0.534401747755144,5
"944","bam;balm",0.283723007760472,5
"945","bar;bar",1.47153030557106,5
"946","barb;barb",0.355659338697379,5
"947","bard;bard",0.441544502869417,5
"948","bEr;bare",0.463058749345074,5
"949","barJ;barge",0.402695110811548,5
"950","bark;bark",0.458527810413436,5
"951","barn;barn",0.72652401056571,5
"952","bIr;beer",0.437034897639389,5
"953","bor;boar",0.403496913860344,5
"954","bab;bob",0.423142904154708,5
"955","bak;bock",0.387054400192517,5
"956","baro;borrow",0.35411835416169,5
"957","baS;bosh",0.306052723858704,5
"958","baC;botch",0.222597150011152,5
"959","kam;calm",0.378435293886838,5
"960","kar;car",1.55262335595737,5
"961","kard;card",0.372628628041085,5
"962","kEr;care",0.447358090872385,5
"963","karp;carp",0.249466524585452,5
"964","kart;cart",0.61547358941663,5
"965","karv;carve",0.212862987139717,5
"966","CEr;chair",0.479846054955538,5
"967","Car;char",1.32230459588469,5
"968","Card;chard",0.356686365095763,5
"969","CarJ;charge",0.315896306805183,5
"970","Carm;charm",0.360742439483311,5
"971","Cart;chart",0.610310758830389,5
"972","CIr;cheer",0.454239255848201,5
"973","Cak;chock",0.297495321327242,5
"974","Can;chon",0.206840285730348,5
"975","Cap;chop",0.500898383207023,5
"976","Cor;chore",0.420575146200568,5
"977","kab;cob",0.475476517250082,5
"978","kak;cock",0.444079147825561,5
"979","kad;cod",0.443216760190042,5
"980","kag;cog",0.532999635269977,5
"981","kan;con",0.370479410668393,5
"982","kap;cop",0.687492983190876,5
"983","kor;core",0.388578401547957,5
"984","kat;cot",0.674529380390054,5
"985","zar;czar",0.868432419790515,5
"986","dEr;dare",0.387337527545728,5
"987","darn;darn",0.451988803731478,5
"988","dart;dart",0.518927982407925,5
"989","dIr;dear",0.360449610325575,5
"990","dYr;dire",0.298081108530544,5
"991","dat;dot",0.357596339646675,5
"992","Ir;ear",0.524370602195287,5
"993","fEr;fair",0.517702236232387,5
"994","far;far",1.364229336745,5
"995","fars;farce",0.20927656655447,5
"996","farm;farm",0.283136395991743,5
"997","fIr;fear",0.491705906130171,5
"998","fYr;fire",0.425356348013965,5
"999","fab;fob",0.283955442254714,5
"1000","fap;fop",0.45977793196034,5
"1001","for;for",0.457922085420536,5
"1002","gIr;gear",0.333767336169391,5
"1003","gor;gore",0.300887141350189,5
"1004","gat;got",0.305892860758392,5
"1005","hEr;hair",0.399881034552075,5
"1006","hart;hart",0.396181651751694,5
"1007","hIr;hear",0.372329494588836,5
"1008","hYr;hire",0.311167278514033,5
"1009","hap;hop",0.343573268326965,5
"1010","hat;hot",0.37769616748158,5
"1011","Wr;hour",0.191500949578558,5
"1012","Yr;ire",0.458738694112653,5
"1013","Jar;jar",1.33667113431429,5
"1014","JIr;jeer",0.425761280627758,5
"1015","Jab;job",0.481131082197342,5
"1016","Jag;jog",0.517670075119707,5
"1017","JaS;josh",0.399007781307692,5
"1018","Jas;joss",0.326261473687561,5
"1019","Jat;jot",0.652788218994019,5
"1020","nat;knot",0.305892860758392,5
"1021","lEr;lair",0.454961460867648,5
"1022","lIr;leer",0.427594874917422,5
"1023","lap;lop",0.342638333732326,5
"1024","lor;lore",0.394228059254675,5
"1025","lat;lot",0.334191946879435,5
"1026","lUr;lure",0.234631677141274,5
"1027","lYr;lyre",0.365192601691303,5
"1028","ma;ma",0.226388978437196,5
"1029","mar;mar",1.43832480184611,5
"1030","marC;march",0.362767753879693,5
"1031","mEr;mare",0.48166746234732,5
"1032","marJ;marge",0.372132943908326,5
"1033","mark;mark",0.423202529979012,5
"1034","marl;marl",0.317504572416603,5
"1035","marz;mars",0.283393664738427,5
"1036","marS;marsh",0.283393664738427,5
"1037","mart;mart",0.65817978052463,5
"1038","mIr;mere",0.454984654266439,5
"1039","mYr;mire",0.390629979238288,5
"1040","mab;mob",0.353521477612002,5
"1041","mak;mock",0.352781304159025,5
"1042","mal;moll",0.227252282912577,5
"1043","mor;moor",0.42140909973765,5
"1044","map;mop",0.520861441083452,5
"1045","maro;morrow",0.326162325024641,5
"1046","nIr;near",0.333767336169391,5
"1047","nor;nor",0.300887141350189,5
"1048","or;oar",0.490506276777636,5
"1049","ad;odd",0.156729670034986,5
"1050","pa;pa",0.26769839686939,5
"1051","pEr;pair",0.482701181115295,5
"1052","pam;palm",0.296464378387282,5
"1053","par;par",1.54672398379389,5
"1054","parx;para",0.244511870118679,5
"1055","parC;parch",0.321725090239201,5
"1056","pard;pard",0.39954651320506,5
"1057","park;park",0.381357415226977,5
"1058","pars;parse",0.313154372830841,5
"1059","part;part",0.642175778765816,5
"1060","pIr;peer",0.455996985532655,5
"1061","pak;pock",0.39173751643549,5
"1062","pad;pod",0.353738915502539,5
"1063","por;poor",0.422428043106792,5
"1064","pap;pop",0.556945762960579,5
"1065","paS;posh",0.319272334559608,5
"1066","pat;pot",0.582549908505082,5
"1067","pYr;pyre",0.391701028435448,5
"1068","rEr;rare",0.380022174203797,5
"1069","rIr;rear",0.353022535067488,5
"1070","ror;roar",0.320040515630284,5
"1071","rat;rot",0.345668628535529,5
"1072","skar;scar",0.308406903786964,5
"1073","sIr;sear",0.42706483241357,5
"1074","SEr;share",0.454961460867648,5
"1075","SIr;shear",0.427594874917422,5
"1076","SYr;shire",0.365192601691303,5
"1077","Sap;shop",0.342638333732326,5
"1078","Sor;shore",0.394228059254675,5
"1079","Sat;shot",0.334191946879435,5
"1080","sYr;sire",0.297258943373227,5
"1081","sor;soar",0.392353088449951,5
"1082","sap;sop",0.418753518583851,5
"1083","sat;sot",0.338023596517438,5
"1084","spar;spar",0.301596149194025,5
"1085","stEr;stair",0.309031894342567,5
"1086","star;star",1.1652744490673,5
"1087","starC;starch",0.384642289926613,5
"1088","stark;stark",0.478215506806844,5
"1089","start;start",0.474890265695065,5
"1090","starv;starve",0.384642289926613,5
"1091","stIr;steer",0.328373118066788,5
"1092","stak;stock",0.278848099853304,5
"1093","stap;stop",0.378841435995731,5
"1094","stor;store",0.325658344982538,5
"1095","SUr;sure",0.234631677141274,5
"1096","t@g;tag",0.391987120813807,5
"1097","t@p;tap",0.331106415410216,5
"1098","tep;tape",0.193534204887181,5
"1099","tar;tar",1.81728149248199,5
"1100","tEr;tare",0.948240964608862,5
"1101","tarn;tarn",0.683302091354779,5
"1102","tart;tart",1.08493482124038,5
"1103","tartN;tartan",0.219995759105196,5
"1104","tartX;tartar",0.219995759105196,5
"1105","t@t;tat",0.357525496806619,5
"1106","tct;taught",0.212811516075929,5
"1107","top;taupe",0.390286429459591,5
"1108","tIt;teat",0.392988696816662,5
"1109","tEl;tell",0.152367500659399,5
"1110","tEn;ten",0.155525997734037,5
"1111","tErX;terror",0.0553078353630632,5
"1112","tY;thai",0.260015901766455,5
"1113","DEr;their",0.35091459150535,5
"1114","tYm;thyme",0.260015901766455,5
"1115","tIk;tic",0.290979340673762,5
"1116","tYd;tide",0.302585656579273,5
"1117","tIr;tier",0.944340601993573,5
"1118","tIf;tiff",0.180169620335013,5
"1119","tYt;tight",0.453294919301593,5
"1120","tYl;tile",0.315576068802096,5
"1121","tIl;till",0.25492406886062,5
"1122","tIn;tin",0.258512883436122,5
"1123","tYn;tine",0.319294888211409,5
"1124","tIp;tip",0.374412272409171,5
"1125","tYr;tire",0.972617729881142,5
"1126","tYrd;tired",0.0732209398833136,5
"1127","tYD;tithe",0.239999695429571,5
"1128","tod;toad",0.217822272237548,5
"1129","to;toe",0.21563375643667,5
"1130","tag;tog",0.896124278253136,5
"1131","tagz;togs",0.153675582522711,5
"1132","tol;toll",0.270312981893518,5
"1133","tom;tome",0.21563375643667,5
"1134","ton;tone",0.325601123713624,5
"1135","tUk;took",0.189726268566393,5
"1136","tut;toot",0.212811516075929,5
"1137","tap;top",1.13849785083314,5
"1138","tapL;topple",0.144130586946203,5
"1139","taps;tops",0.144130586946203,5
"1140","tok;toque",0.342920436057555,5
"1141","tor;tor",1.17300105408358,5
"1142","torx;torah",0.25097926933849,5
"1143","torC;torch",0.25097926933849,5
"1144","torn;torn",0.414666559572846,5
"1145","tork;torque",0.277991389843485,5
"1146","tort;tort",0.363087783418828,5
"1147","tori;tory",0.25097926933849,5
"1148","tat;tot",0.984815943282339,5
"1149","tot;tote",0.449897919440842,5
"1150","tUr;tour",0.509040914374966,5
"1151","tWt;tout",0.212811516075929,5
"1152","trat;trot",0.0664517723259266,5
"1153","t^g;tug",0.262877485772147,5
"1154","tYk;tyke",0.354060932549814,5
"1155","tYp;type",0.436963940816652,5
"1156","vIr;veer",0.320055127831154,5
"1157","wor;war",0.326294836701515,5
"1158","wEr;ware",0.386211387259078,5
"1159","wat;watt",0.305892860758392,5
"1160","hor;whore",0.339253674064524,5
"1161","wYr;wire",0.296993807761302,5
"1162","yat;yacht",0.305892860758392,5
"1163","yarn;yarn",0.377640281088396,5
"1164","yIr;year",0.333767336169391,5
"1165","yor;yore",0.300887141350189,5
"1166","xfar;afar",0.201434697418341,6
"1167","Er;air",0.561034640196694,6
"1168","xJar;ajar",0.206381313270007,6
"1169","ark;arc",0.351596591534263,6
"1170","arC;arch",0.308548911062121,6
"1171","ar;are",1.11664896289292,6
"1172","arm;arm",0.355652192626933,6
"1173","art;art",0.609370052692233,6
"1174","xtap;atop",0.132752483081605,6
"1175","xtYr;attire",0.0397223794725121,6
"1176","bat;baht",0.585931074181075,6
"1177","bam;balm",0.303007227052449,6
"1178","bar;bar",1.31171844721881,6
"1179","barb;barb",0.372207624584872,6
"1180","bard;bard",0.469999749208023,6
"1181","bEr;bare",0.480116390316063,6
"1182","barJ;barge",0.423108163185587,6
"1183","bark;bark",0.491737320723945,6
"1184","barn;barn",0.67388218029777,6
"1185","bIr;beer",0.465044232326258,6
"1186","bor;boar",0.434371320167814,6
"1187","bab;bob",0.456259545345781,6
"1188","bak;bock",0.421894488101961,6
"1189","baro;borrow",0.370293717471886,6
"1190","baS;bosh",0.322593638325617,6
"1191","baC;botch",0.232847523576217,6
"1192","kam;calm",0.405292126990646,6
"1193","kar;car",1.37418067719831,6
"1194","kard;card",0.394008874980902,6
"1195","kEr;care",0.461901867259476,6
"1196","karp;carp",0.253069693339536,6
"1197","kart;cart",0.626210198101025,6
"1198","karv;carve",0.212535788658745,6
"1199","CEr;chair",0.490716091180125,6
"1200","Car;char",1.13072101941804,6
"1201","Card;chard",0.370092976630323,6
"1202","CarJ;charge",0.322144775887375,6
"1203","Carm;charm",0.359529903171649,6
"1204","Cart;chart",0.613515498583604,6
"1205","CIr;cheer",0.475930976757798,6
"1206","Cak;chock",0.302029356149822,6
"1207","Can;chon",0.197368234142889,6
"1208","Cap;chop",0.508961762796039,6
"1209","Cor;chore",0.445171021148429,6
"1210","kab;cob",0.511378164401626,6
"1211","kak;cock",0.480852969780994,6
"1212","kad;cod",0.468921162320874,6
"1213","kag;cog",0.517889880115303,6
"1214","kan;con",0.387687637867422,6
"1215","kap;cop",0.732589761211839,6
"1216","kor;core",0.416905420615324,6
"1217","kat;cot",0.737964018355311,6
"1218","zar;czar",0.67583994554008,6
"1219","dEr;dare",0.418923419315277,6
"1220","darn;darn",0.39291562503705,6
"1221","dart;dart",0.51630917556212,6
"1222","dIr;dear",0.403439341454104,6
"1223","dYr;dire",0.318065295900226,6
"1224","dat;dot",0.402369545792756,6
"1225","Ir;ear",0.54550779835406,6
"1226","fEr;fair",0.528292378532444,6
"1227","far;far",1.15185348052781,6
"1228","fars;farce",0.194904078656355,6
"1229","farm;farm",0.268974023011631,6
"1230","fIr;fear",0.513161186156387,6
"1231","fYr;fire",0.425232578821496,6
"1232","fab;fob",0.287525700995176,6
"1233","fap;fop",0.468142138217352,6
"1234","for;for",0.482284542583735,6
"1235","gIr;gear",0.373366053098781,6
"1236","gor;gore",0.343190012289497,6
"1237","gat;got",0.347494130983326,6
"1238","hEr;hair",0.43525846706432,6
"1239","hart;hart",0.407683918871925,6
"1240","hIr;hear",0.419111065804177,6
"1241","hYr;hire",0.334857622167958,6
"1242","hap;hop",0.371245406849854,6
"1243","hat;hot",0.427553602638547,6
"1244","Wr;hour",0.179142464886581,6
"1245","Yr;ire",0.4580754843749,6
"1246","Jar;jar",1.12069343351777,6
"1247","JIr;jeer",0.440350384065396,6
"1248","Jab;job",0.479267933137671,6
"1249","Jag;jog",0.470675722522432,6
"1250","JaS;josh",0.38723730557804,6
"1251","Jas;joss",0.307102062098477,6
"1252","Jat;jot",0.673432758330529,6
"1253","nat;knot",0.347494130983326,6
"1254","lEr;lair",0.480756496610478,6
"1255","lIr;leer",0.464658945251781,6
"1256","lap;lop",0.370071976824654,6
"1257","lor;lore",0.434076574784614,6
"1258","lat;lot",0.38022103644922,6
"1259","lUr;lure",0.202261759463028,6
"1260","lYr;lyre",0.379511001620336,6
"1261","ma;ma",0.236014234106898,6
"1262","mar;mar",1.28657223149993,6
"1263","marC;march",0.396629207925915,6
"1264","mEr;mare",0.501466913853842,6
"1265","marJ;marge",0.407303167398708,6
"1266","mark;mark",0.470992490172427,6
"1267","marl;marl",0.34583678568694,6
"1268","marz;mars",0.308597561948372,6
"1269","marS;marsh",0.308597561948372,6
"1270","mart;mart",0.690869253646172,6
"1271","mIr;mere",0.485793144535853,6
"1272","mYr;mire",0.399434432012843,6
"1273","mab;mob",0.376532356853392,6
"1274","mak;mock",0.382569041523534,6
"1275","mal;moll",0.237524576710905,6
"1276","mor;moor",0.455081383388193,6
"1277","map;mop",0.5499288685126,6
"1278","maro;morrow",0.356969122857651,6
"1279","nIr;near",0.373366053098781,6
"1280","nor;nor",0.343190012289497,6
"1281","or;oar",0.514549650533636,6
"1282","ad;odd",0.147309112079622,6
"1283","pa;pa",0.287731756393675,6
"1284","pEr;pair",0.5033409511277,6
"1285","pam;palm",0.322364330356246,6
"1286","par;par",1.38607286616477,6
"1287","parx;para",0.261860886068583,6
"1288","parC;parch",0.347420397023536,6
"1289","pard;pard",0.43908020862226,6
"1290","park;park",0.421228514132024,6
"1291","pars;parse",0.328208982527364,6
"1292","part;part",0.67096831126649,6
"1293","pIr;peer",0.487677660420833,6
"1294","pak;pock",0.43349363873006,6
"1295","pad;pod",0.379217635370122,6
"1296","por;poor",0.456962836225462,6
"1297","pap;pop",0.597603102154373,6
"1298","paS;posh",0.342457585099911,6
"1299","pat;pot",0.645410344871298,6
"1300","pYr;pyre",0.401285415862714,6
"1301","rEr;rare",0.411865346370618,6
"1302","rIr;rear",0.396252826708491,6
"1303","ror;roar",0.365987170735805,6
"1304","rat;rot",0.381073925323899,6
"1305","skar;scar",0.271546095678865,6
"1306","sIr;sear",0.464494759815989,6
"1307","SEr;share",0.480756496610478,6
"1308","SIr;shear",0.464658945251781,6
"1309","SYr;shire",0.379511001620336,6
"1310","Sap;shop",0.370071976824654,6
"1311","Sor;shore",0.434076574784614,6
"1312","Sat;shot",0.38022103644922,6
"1313","sYr;sire",0.317014695140585,6
"1314","sor;soar",0.433293554112066,6
"1315","sap;sop",0.44307026354867,6
"1316","sat;sot",0.383826746382428,6
"1317","spar;spar",0.266074892898894,6
"1318","stEr;stair",0.277118670648737,6
"1319","star;star",1.07619300588856,6
"1320","starC;starch",0.384038802842104,6
"1321","stark;stark",0.477526916408592,6
"1322","start;start",0.465030688969357,6
"1323","starv;starve",0.384038802842104,6
"1324","stIr;steer",0.300404669474182,6
"1325","stak;stock",0.270583694090226,6
"1326","stap;stop",0.359171905062237,6
"1327","stor;store",0.299749530157605,6
"1328","SUr;sure",0.202261759463028,6
"1329","t@g;tag",0.342781623647261,6
"1330","t@p;tap",0.326952548808635,6
"1331","tep;tape",0.196135898788468,6
"1332","tar;tar",1.43011703163952,6
"1333","tEr;tare",0.843394911821861,6
"1334","tarn;tarn",0.568496357180457,6
"1335","tart;tart",0.986559696445875,6
"1336","tartN;tartan",0.193993730962568,6
"1337","tartX;tartar",0.193993730962568,6
"1338","t@t;tat",0.36035279584801,6
"1339","tct;taught",0.222630570386997,6
"1340","top;taupe",0.412919875847677,6
"1341","tIt;teat",0.407610448060289,6
"1342","tEl;tell",0.151697401965257,6
"1343","tEn;ten",0.154438284507258,6
"1344","tErX;terror",0.0440438614937904,6
"1345","tY;thai",0.278801039371267,6
"1346","DEr;their",0.375904546512799,6
"1347","tYm;thyme",0.278801039371267,6
"1348","tIk;tic",0.28973268115013,6
"1349","tYd;tide",0.315592943596926,6
"1350","tIr;tier",0.882155563682213,6
"1351","tIf;tiff",0.185002273032721,6
"1352","tYt;tight",0.478150761367633,6
"1353","tYl;tile",0.337206338609763,6
"1354","tIl;till",0.266392192198658,6
"1355","tIn;tin",0.269591845824626,6
"1356","tYn;tine",0.340574162094674,6
"1357","tIp;tip",0.381807983189322,6
"1358","tYr;tire",0.884045486573609,6
"1359","tYrd;tired",0.0665771169270226,6
"1360","tYD;tithe",0.255098318968207,6
"1361","tod;toad",0.240712016481806,6
"1362","to;toe",0.2392638906314,6
"1363","tag;tog",0.733880640683166,6
"1364","tagz;togs",0.120347544329856,6
"1365","tol;toll",0.29698390456652,6
"1366","tom;tome",0.2392638906314,6
"1367","ton;tone",0.34853285982875,6
"1368","tUk;took",0.161179600006712,6
"1369","tut;toot",0.222630570386997,6
"1370","tap;top",1.06654104275205,6
"1371","tapL;topple",0.129849698866127,6
"1372","taps;tops",0.129849698866127,6
"1373","tok;toque",0.359410627745936,6
"1374","tor;tor",1.13390605988298,6
"1375","torx;torah",0.252736227968084,6
"1376","torC;torch",0.252736227968084,6
"1377","torn;torn",0.390284619731014,6
"1378","tork;torque",0.282693472497844,6
"1379","tort;tort",0.356804226492227,6
"1380","tori;tory",0.252736227968084,6
"1381","tat;tot",0.938795883430902,6
"1382","tot;tote",0.480191465800084,6
"1383","tUr;tour",0.390039602645516,6
"1384","tWt;tout",0.222630570386997,6
"1385","trat;trot",0.0620280436778188,6
"1386","t^g;tug",0.220585349142504,6
"1387","tYk;tyke",0.362311256881902,6
"1388","tYp;type",0.454280268805679,6
"1389","vIr;veer",0.356236902593527,6
"1390","wor;war",0.372205006221831,6
"1391","wEr;ware",0.418007178598701,6
"1392","wat;watt",0.347494130983326,6
"1393","hor;whore",0.388764111088073,6
"1394","wYr;wire",0.317189182494365,6
"1395","yat;yacht",0.347494130983326,6
"1396","yarn;yarn",0.321612674528231,6
"1397","yIr;year",0.373366053098781,6
"1398","yor;yore",0.343190012289497,6
"1399","xfar;afar",0.174032952815129,7
"1400","Er;air",0.565147062817351,7
"1401","xJar;ajar",0.177884813297226,7
"1402","ark;arc",0.354650852050276,7
"1403","arC;arch",0.307119538954602,7
"1404","ar;are",0.994129639194543,7
"1405","arm;arm",0.345519506414375,7
"1406","art;art",0.602224866441969,7
"1407","xtap;atop",0.124648136388262,7
"1408","xtYr;attire",0.0351458754813827,7
"1409","bat;baht",0.62837743766339,7
"1410","bam;balm",0.316012062116888,7
"1411","bar;bar",1.21651868921934,7
"1412","barb;barb",0.376995463253495,7
"1413","bard;bard",0.480955278916648,7
"1414","bEr;bare",0.491058423818306,7
"1415","barJ;barge",0.429757146681446,7
"1416","bark;bark",0.506881402250512,7
"1417","barn;barn",0.626931257169203,7
"1418","bIr;beer",0.487994064417733,7
"1419","bor;boar",0.460237797413458,7
"1420","bab;bob",0.473740547675817,7
"1421","bak;bock",0.443747614481721,7
"1422","baro;borrow",0.375379490382056,7
"1423","baS;bosh",0.331589092239341,7
"1424","baC;botch",0.240156530348029,7
"1425","kam;calm",0.420192049757859,7
"1426","kar;car",1.26332805469685,7
"1427","kard;card",0.402657322396561,7
"1428","kEr;care",0.470634254430293,7
"1429","karp;carp",0.25263489795384,7
"1430","kart;cart",0.626277490216952,7
"1431","karv;carve",0.20995256527751,7
"1432","CEr;chair",0.497455106407901,7
"1433","Car;char",1.0144556215861,7
"1434","Card;chard",0.373442227275621,7
"1435","CarJ;charge",0.321786300565798,7
"1436","Carm;charm",0.350598669626878,7
"1437","Cart;chart",0.607788658921224,7
"1438","CIr;cheer",0.494574835071154,7
"1439","Cak;chock",0.303664807713315,7
"1440","Can;chon",0.18999250116457,7
"1441","Cap;chop",0.513068429651624,7
"1442","Cor;chore",0.466762650427586,7
"1443","kab;cob",0.528375829334078,7
"1444","kak;cock",0.501421369413473,7
"1445","kad;cod",0.481303268091034,7
"1446","kag;cog",0.501928025498533,7
"1447","kan;con",0.395151715707029,7
"1448","kap;cop",0.758097945628801,7
"1449","kor;core",0.440486492358854,7
"1450","kat;cot",0.784037534170289,7
"1451","zar;czar",0.56441256896165,7
"1452","dEr;dare",0.438043607560449,7
"1453","darn;darn",0.345940806359878,7
"1454","dart;dart",0.506319785007376,7
"1455","dIr;dear",0.434831480451962,7
"1456","dYr;dire",0.329492233566653,7
"1457","dat;dot",0.438340695640506,7
"1458","Ir;ear",0.561579608167994,7
"1459","fEr;fair",0.533525508200105,7
"1460","far;far",1.01384206044357,7
"1461","fars;farce",0.181478706360182,7
"1462","farm;farm",0.252320326373956,7
"1463","fIr;fear",0.530326782937952,7
"1464","fYr;fire",0.423411476663678,7
"1465","fab;fob",0.286090856087409,7
"1466","fap;fop",0.472718242505001,7
"1467","for;for",0.502420100281576,7
"1468","gIr;gear",0.403209289816289,7
"1469","gor;gore",0.375815353141565,7
"1470","gat;got",0.38307436536395,7
"1471","hEr;hair",0.45732284472309,7
"1472","hart;hart",0.41105533673657,7
"1473","hIr;hear",0.453496167801817,7
"1474","hYr;hire",0.349131547598772,7
"1475","hap;hop",0.389533396620554,7
"1476","hat;hot",0.46803341148301,7
"1477","Wr;hour",0.17033703374286,7
"1478","Yr;ire",0.455075483863073,7
"1479","Jar;jar",0.977687100908347,7
"1480","JIr;jeer",0.453513628083819,7
"1481","Jab;job",0.466507547938977,7
"1482","Jag;jog",0.42933775022507,7
"1483","JaS;josh",0.370066669501674,7
"1484","Jas;joss",0.286458944872402,7
"1485","Jat;jot",0.685583633689308,7
"1486","nat;knot",0.38307436536395,7
"1487","lEr;lair",0.495517099568792,7
"1488","lIr;leer",0.491595099614541,7
"1489","lap;lop",0.388293360162895,7
"1490","lor;lore",0.463908500172365,7
"1491","lat;lot",0.418803856810571,7
"1492","lUr;lure",0.184542201250704,7
"1493","lYr;lyre",0.386765840358833,7
"1494","ma;ma",0.242732376839951,7
"1495","mar;mar",1.2042584333132,7
"1496","marC;march",0.419815835624062,7
"1497","mEr;mare",0.514141109760643,7
"1498","marJ;marge",0.430478269353702,7
"1499","mark;mark",0.502962692566248,7
"1500","marl;marl",0.366434689244541,7
"1501","marz;mars",0.327198192357153,7
"1502","marS;marsh",0.327198192357153,7
"1503","mart;mart",0.709728831220075,7
"1504","mIr;mere",0.510534567484364,7
"1505","mYr;mire",0.404796415684271,7
"1506","mab;mob",0.388274591670987,7
"1507","mak;mock",0.401690020023007,7
"1508","mal;moll",0.244800938324134,7
"1509","mor;moor",0.48275192992516,7
"1510","map;mop",0.568967946751657,7
"1511","maro;morrow",0.378320954032175,7
"1512","nIr;near",0.403209289816289,7
"1513","nor;nor",0.375815353141565,7
"1514","or;oar",0.533610904460986,7
"1515","ad;odd",0.140919388942831,7
"1516","pa;pa",0.301765631803238,7
"1517","pEr;pair",0.516167434142276,7
"1518","pam;palm",0.340066243409253,7
"1519","par;par",1.29336354083411,7
"1520","parx;para",0.272858384761766,7
"1521","parC;parch",0.363013223501904,7
"1522","pard;pard",0.461903011391046,7
"1523","park;park",0.445768942575034,7
"1524","pars;parse",0.335507611834568,7
"1525","part;part",0.685291293698001,7
"1526","pIr;peer",0.512585986516565,7
"1527","pak;pock",0.460884588752631,7
"1528","pad;pod",0.395542211698079,7
"1529","por;poor",0.484795802283503,7
"1530","pap;pop",0.624890469498366,7
"1531","paS;posh",0.356089790303787,7
"1532","pat;pot",0.695440419428218,7
"1533","pYr;pyre",0.406773169460703,7
"1534","rEr;rare",0.43174404994133,7
"1535","rIr;rear",0.42840560736729,7
"1536","ror;roar",0.400942356638829,7
"1537","rat;rot",0.414134406504013,7
"1538","skar;scar",0.242814746874659,7
"1539","sIr;sear",0.490742168591843,7
"1540","SEr;share",0.495517099568792,7
"1541","SIr;shear",0.491595099614541,7
"1542","SYr;shire",0.386765840358833,7
"1543","Sap;shop",0.388293360162895,7
"1544","Sor;shore",0.463908500172365,7
"1545","Sat;shot",0.418803856810571,7
"1546","sYr;sire",0.328242792372578,7
"1547","sor;soar",0.462822222033797,7
"1548","sap;sop",0.457935293098951,7
"1549","sat;sot",0.421950228015918,7
"1550","spar;spar",0.238442296817521,7
"1551","stEr;stair",0.252530081657208,7
"1552","star;star",1.00130518003286,7
"1553","starC;starch",0.376170938389884,7
"1554","stark;stark",0.467427666803621,7
"1555","start;start",0.451147005745566,7
"1556","starv;starve",0.376170938389884,7
"1557","stIr;steer",0.278125909529692,7
"1558","stak;stock",0.259734750645949,7
"1559","stap;stop",0.341690653251485,7
"1560","stor;store",0.27862643923206,7
"1561","SUr;sure",0.184542201250704,7
"1562","t@g;tag",0.299575893663834,7
"1563","t@p;tap",0.317127252614611,7
"1564","tep;tape",0.196360500022166,7
"1565","tar;tar",1.2100368208165,7
"1566","tEr;tare",0.788941141747458,7
"1567","tarn;tarn",0.490554397601976,7
"1568","tart;tart",0.91701690460289,7
"1569","tartN;tartan",0.172771078374448,7
"1570","tartX;tartar",0.172771078374448,7
"1571","t@t;tat",0.356210229174234,7
"1572","tct;taught",0.22933131964687,7
"1573","top;taupe",0.427623559467878,7
"1574","tIt;teat",0.41685425971895,7
"1575","tEl;tell",0.152143639078234,7
"1576","tEn;ten",0.15439890416678,7
"1577","tErX;terror",0.0381442474925619,7
"1578","tY;thai",0.291367073287896,7
"1579","DEr;their",0.390714471464798,7
"1580","tYm;thyme",0.291367073287896,7
"1581","tIk;tic",0.287794142977831,7
"1582","tYd;tide",0.324836892271575,7
"1583","tIr;tier",0.857999555131318,7
"1584","tIf;tiff",0.187584395409022,7
"1585","tYt;tight",0.494706822638634,7
"1586","tYl;tile",0.351153612032529,7
"1587","tIl;till",0.273200879318137,7
"1588","tIn;tin",0.275856153725633,7
"1589","tYn;tine",0.353962304591776,7
"1590","tIp;tip",0.384591864602947,7
"1591","tYr;tire",0.841685887564813,7
"1592","tYrd;tired",0.0634690370520612,7
"1593","tYD;tithe",0.26498730483702,7
"1594","tod;toad",0.257043421713219,7
"1595","to;toe",0.256234387910876,7
"1596","tag;tog",0.621788172951669,7
"1597","tagz;togs",0.0974575729342877,7
"1598","tol;toll",0.315574692376276,7
"1599","tom;tome",0.256234387910876,7
"1600","ton;tone",0.364223727264283,7
"1601","tUk;took",0.14510868867665,7
"1602","tut;toot",0.22933131964687,7
"1603","tap;top",1.0180963000156,7
"1604","tapL;topple",0.118539954281659,7
"1605","taps;tops",0.118539954281659,7
"1606","tok;toque",0.369718690381172,7
"1607","tor;tor",1.12361620549052,7
"1608","torx;torah",0.250158195544265,7
"1609","torC;torch",0.250158195544265,7
"1610","torn;torn",0.371372613932139,7
"1611","tork;torque",0.281500691267366,7
"1612","tort;tort",0.349373949415861,7
"1613","tori;tory",0.250158195544265,7
"1614","tat;tot",0.926077105865148,7
"1615","tot;tote",0.501293696581568,7
"1616","tUr;tour",0.327455104103377,7
"1617","tWt;tout",0.22933131964687,7
"1618","trat;trot",0.0616155786019943,7
"1619","t^g;tug",0.18606145862627,7
"1620","tYk;tyke",0.366901859378111,7
"1621","tYp;type",0.464096419999286,7
"1622","vIr;veer",0.383463298760427,7
"1623","wor;war",0.406678283057619,7
"1624","wEr;ware",0.437403288973369,7
"1625","wat;watt",0.38307436536395,7
"1626","hor;whore",0.425971046044643,7
"1627","wYr;wire",0.32888513149084,7
"1628","yat;yacht",0.38307436536395,7
"1629","yarn;yarn",0.278605812452474,7
"1630","yIr;year",0.403209289816289,7
"1631","yor;yore",0.375815353141565,7
"1632","xfar;afar",0.151020163012742,8
"1633","Er;air",0.567409522788102,8
"1634","xJar;ajar",0.154074498830914,8
"1635","ark;arc",0.353347845725932,8
"1636","arC;arch",0.303567552637775,8
"1637","ar;are",0.917089012293745,8
"1638","arm;arm",0.333451515826686,8
"1639","art;art",0.591332182521411,8
"1640","xtap;atop",0.118384752750865,8
"1641","xtYr;attire",0.0329272024059631,8
"1642","bat;baht",0.663257769070236,8
"1643","bam;balm",0.324637799140067,8
"1644","bar;bar",1.15651821580363,8
"1645","barb;barb",0.375309116879801,8
"1646","bard;bard",0.48187792229148,8
"1647","bEr;bare",0.498595829148807,8
"1648","barJ;barge",0.428860178308595,8
"1649","bark;bark",0.511363571592954,8
"1650","barn;barn",0.587090688197303,8
"1651","bIr;beer",0.507222425154809,8
"1652","bor;boar",0.482039005437114,8
"1653","bab;bob",0.481923703144515,8
"1654","bak;bock",0.457214081317577,8
"1655","baro;borrow",0.37434527615391,8
"1656","baS;bosh",0.336297787108532,8
"1657","baC;botch",0.245203553779018,8
"1658","kam;calm",0.427878634244558,8
"1659","kar;car",1.19148420171946,8
"1660","kard;card",0.404193136036177,8
"1661","kEr;care",0.476327207727529,8
"1662","karp;carp",0.250339234751565,8
"1663","kart;cart",0.620840526175749,8
"1664","karv;carve",0.206540596805464,8
"1665","CEr;chair",0.502275404723843,8
"1666","Car;char",0.941588915955566,8
"1667","Card;chard",0.37122606078003,8
"1668","CarJ;charge",0.318113569768622,8
"1669","Carm;charm",0.339153750952961,8
"1670","Cart;chart",0.597676508118297,8
"1671","CIr;cheer",0.511014397404651,8
"1672","Cak;chock",0.304211430587977,8
"1673","Can;chon",0.184746129523264,8
"1674","Cap;chop",0.51523899993519,8
"1675","Cor;chore",0.485796794504918,8
"1676","kab;cob",0.534656322237641,8
"1677","kak;cock",0.512320398210577,8
"1678","kad;cod",0.486370664005472,8
"1679","kag;cog",0.487103623345944,8
"1680","kan;con",0.397530517959243,8
"1681","kap;cop",0.771693865666027,8
"1682","kor;core",0.460353631181617,8
"1683","kat;cot",0.818303227672496,8
"1684","zar;czar",0.497837546243797,8
"1685","dEr;dare",0.45002534092053,8
"1686","darn;darn",0.309623723577484,8
"1687","dart;dart",0.49410131153125,8
"1688","dIr;dear",0.458631618048685,8
"1689","dYr;dire",0.336343744074625,8
"1690","dat;dot",0.467955529933855,8
"1691","Ir;ear",0.575506939763935,8
"1692","fEr;fair",0.53659113152941,8
"1693","far;far",0.92203724306841,8
"1694","fars;farce",0.170163180744461,8
"1695","farm;farm",0.236733790907166,8
"1696","fIr;fear",0.545031755587502,8
"1697","fYr;fire",0.42175954679833,8
"1698","fab;fob",0.282316874827848,8
"1699","fap;fop",0.474782139951215,8
"1700","for;for",0.519747836842654,8
"1701","gIr;gear",0.42651256005526,8
"1702","gor;gore",0.401588917395846,8
"1703","gat;got",0.413384267465854,8
"1704","hEr;hair",0.471547938884274,8
"1705","hart;hart",0.409784430183213,8
"1706","hIr;hear",0.479606789788801,8
"1707","hYr;hire",0.358138407929151,8
"1708","hap;hop",0.401558583555504,8
"1709","hat;hot",0.5011325752539,8
"1710","Wr;hour",0.164740966211765,8
"1711","Yr;ire",0.45260176866322,8
"1712","Jar;jar",0.880616143483726,8
"1713","JIr;jeer",0.465536606003605,8
"1714","Jab;job",0.450584138055127,8
"1715","Jag;jog",0.395545746170209,8
"1716","JaS;josh",0.352943643516155,8
"1717","Jas;joss",0.267870666039335,8
"1718","Jat;jot",0.69445503448398,8
"1719","nat;knot",0.413384267465854,8
"1720","lEr;lair",0.505114699048905,8
"1721","lIr;leer",0.512983128352975,8
"1722","lap;lop",0.400344314302998,8
"1723","lor;lore",0.487873168863635,8
"1724","lat;lot",0.451147392606729,8
"1725","lUr;lure",0.175667237233488,8
"1726","lYr;lyre",0.391365216292001,8
"1727","ma;ma",0.247578222037961,8
"1728","mar;mar",1.15887568620585,8
"1729","marC;march",0.435729319123167,8
"1730","mEr;mare",0.522965805425985,8
"1731","marJ;marge",0.445638771703504,8
"1732","mark;mark",0.524041272116129,8
"1733","marl;marl",0.381455915218976,8
"1734","marz;mars",0.340820643873191,8
"1735","marS;marsh",0.340820643873191,8
"1736","mart;mart",0.719619408153421,8
"1737","mIr;mere",0.531109786762462,8
"1738","mYr;mire",0.408692466088357,8
"1739","mab;mob",0.393652820073039,8
"1740","mak;mock",0.414083982753331,8
"1741","mal;moll",0.250111535333875,8
"1742","mor;moor",0.505916152345288,8
"1743","map;mop",0.581401086938669,8
"1744","maro;morrow",0.393036999383127,8
"1745","nIr;near",0.42651256005526,8
"1746","nor;nor",0.401588917395846,8
"1747","or;oar",0.550184459112876,8
"1748","ad;odd",0.136689218838746,8
"1749","pa;pa",0.311822144479672,8
"1750","pEr;pair",0.524821650041332,8
"1751","pam;palm",0.352282972736256,8
"1752","par;par",1.23792315769181,8
"1753","parx;para",0.279311867875047,8
"1754","parC;parch",0.371957169951659,8
"1755","pard;pard",0.473889471470147,8
"1756","park;park",0.459952105549836,8
"1757","pars;parse",0.338273425887084,8
"1758","part;part",0.690426531096541,8
"1759","pIr;peer",0.532994469437805,8
"1760","pak;pock",0.47893445442322,8
"1761","pad;pod",0.406280948463481,8
"1762","por;poor",0.507792114490122,8
"1763","pap;pop",0.643183216724079,8
"1764","paS;posh",0.3642990395246,8
"1765","pat;pot",0.735610723848849,8
"1766","pYr;pyre",0.410492599588169,8
"1767","rEr;rare",0.444663355591028,8
"1768","rIr;rear",0.45315554001866,8
"1769","ror;roar",0.428185006636232,8
"1770","rat;rot",0.444045302522867,8
"1771","skar;scar",0.221012175685023,8
"1772","sIr;sear",0.510494683367933,8
"1773","SEr;share",0.505114699048905,8
"1774","SIr;shear",0.512983128352975,8
"1775","SYr;shire",0.391365216292001,8
"1776","Sap;shop",0.400344314302998,8
"1777","Sor;shore",0.487873168863635,8
"1778","Sat;shot",0.451147392606729,8
"1779","sYr;sire",0.335083215821354,8
"1780","sor;soar",0.485360825068288,8
"1781","sap;sop",0.466870095735113,8
"1782","sat;sot",0.453849776523133,8
"1783","spar;spar",0.217514619890318,8
"1784","stEr;stair",0.233781501819482,8
"1785","star;star",0.937957540280116,8
"1786","starC;starch",0.364194001632681,8
"1787","stark;stark",0.452153708477079,8
"1788","start;start",0.434640847839812,8
"1789","starv;starve",0.364194001632681,8
"1790","stIr;steer",0.260763747172042,8
"1791","stak;stock",0.248159560006864,8
"1792","stap;stop",0.326302669952338,8
"1793","stor;store",0.261941628836417,8
"1794","SUr;sure",0.175667237233488,8
"1795","t@g;tag",0.264424825545123,8
"1796","t@p;tap",0.306011470515819,8
"1797","tep;tape",0.195105244363389,8
"1798","tar;tar",1.07747411699363,8
"1799","tEr;tare",0.760142188353721,8
"1800","tarn;tarn",0.435260847175697,8
"1801","tart;tart",0.863920825465833,8
"1802","tartN;tartan",0.156063613001977,8
"1803","tartX;tartar",0.156063613001977,8
"1804","t@t;tat",0.349975496144259,8
"1805","tct;taught",0.233895258729719,8
"1806","top;taupe",0.436775639582105,8
"1807","tIt;teat",0.422993865182998,8
"1808","tEl;tell",0.153219633626134,8
"1809","tEn;ten",0.155063809891414,8
"1810","tErX;terror",0.0350702805158153,8
"1811","tY;thai",0.300159114513515,8
"1812","DEr;their",0.399860310034652,8
"1813","tYm;thyme",0.300159114513515,8
"1814","tIk;tic",0.286796765806138,8
"1815","tYd;tide",0.331997471853756,8
"1816","tIr;tier",0.851013391654144,8
"1817","tIf;tiff",0.189195490783254,8
"1818","tYt;tight",0.506127646420581,8
"1819","tYl;tile",0.360817548863631,8
"1820","tIl;till",0.277749627453184,8
"1821","tIn;tin",0.279923441627034,8
"1822","tYn;tine",0.363119603110153,8
"1823","tIp;tip",0.384918426854406,8
"1824","tYr;tire",0.821891302272117,8
"1825","tYrd;tired",0.0622163359762134,8
"1826","tYD;tithe",0.271861709553225,8
"1827","tod;toad",0.268815576707008,8
"1828","to;toe",0.26841054866922,8
"1829","tag;tog",0.541565642581317,8
"1830","tagz;togs",0.0816703318820245,8
"1831","tol;toll",0.328832492678259,8
"1832","tom;tome",0.26841054866922,8
"1833","ton;tone",0.375152978926291,8
"1834","tUk;took",0.136456986394316,8
"1835","tut;toot",0.233895258729719,8
"1836","tap;top",0.983150440655722,8
"1837","tapL;topple",0.109908593521971,8
"1838","taps;tops",0.109908593521971,8
"1839","tok;toque",0.377161591510005,8
"1840","tor;tor",1.12465136782482,8
"1841","torx;torah",0.245955904173104,8
"1842","torC;torch",0.245955904173104,8
"1843","torn;torn",0.356104787361249,8
"1844","tork;torque",0.278055234508958,8
"1845","tort;tort",0.341681736884792,8
"1846","tori;tory",0.245955904173104,8
"1847","tat;tot",0.927535815913425,8
"1848","tot;tote",0.515935748334551,8
"1849","tUr;tour",0.294103145638412,8
"1850","tWt;tout",0.233895258729719,8
"1851","trat;trot",0.0629049642477456,8
"1852","t^g;tug",0.159306287753188,8
"1853","tYk;tyke",0.370590275624964,8
"1854","tYp;type",0.469449193187744,8
"1855","vIr;veer",0.404753014635306,8
"1856","wor;war",0.43324776840474,8
"1857","wEr;ware",0.449654716105097,8
"1858","wat;watt",0.413384267465854,8
"1859","hor;whore",0.454595388559152,8
"1860","wYr;wire",0.335996677646179,8
"1861","yat;yacht",0.413384267465854,8
"1862","yarn;yarn",0.246043799635552,8
"1863","yIr;year",0.42651256005526,8
"1864","yor;yore",0.401588917395846,8
"1865","xfar;afar",0.132813265160177,9
"1866","Er;air",0.569409071739165,9
"1867","xJar;ajar",0.135253772145466,9
"1868","ark;arc",0.349867035032103,9
"1869","arC;arch",0.299230637215396,9
"1870","ar;are",0.867078846024517,9
"1871","arm;arm",0.321736097211465,9
"1872","art;art",0.579154058575293,9
"1873","xtap;atop",0.113338727862765,9
"1874","xtYr;attire",0.031874403628027,9
"1875","bat;baht",0.691794649639846,9
"1876","bam;balm",0.330177326205293,9
"1877","bar;bar",1.11613479485199,9
"1878","barb;barb",0.370258280038219,9
"1879","bard;bard",0.477338228775146,9
"1880","bEr;bare",0.504211287686501,9
"1881","barJ;barge",0.423992192773435,9
"1882","bark;bark",0.509770356540202,9
"1883","barn;barn",0.553843433500805,9
"1884","bIr;beer",0.523585140345607,9
"1885","bor;boar",0.500503070753882,9
"1886","bab;bob",0.484726718027681,9
"1887","bak;bock",0.465246578436085,9
"1888","baro;borrow",0.370063290693917,9
"1889","baS;bosh",0.338517545490051,9
"1890","baC;botch",0.248516117115989,9
"1891","kam;calm",0.431305110810517,9
"1892","kar;car",1.14265581373852,9
"1893","kard;card",0.401849530853187,9
"1894","kEr;care",0.480444954219502,9
"1895","karp;carp",0.247198293524768,9
"1896","kart;cart",0.61270014641268,9
"1897","karv;carve",0.202887218993993,9
"1898","CEr;chair",0.506179189790856,9
"1899","Car;char",0.894023195248733,9
"1900","Card;chard",0.366158150834159,9
"1901","CarJ;charge",0.312919400667113,9
"1902","Carm;charm",0.327591920137254,9
"1903","Cart;chart",0.585736084632966,9
"1904","CIr;cheer",0.525618477000233,9
"1905","Cak;chock",0.304248936426712,9
"1906","Can;chon",0.181047408339312,9
"1907","Cap;chop",0.516206406905881,9
"1908","Cor;chore",0.502516483156905,9
"1909","kab;cob",0.535203894134171,9
"1910","kak;cock",0.51756587526808,9
"1911","kad;cod",0.487455821477282,9
"1912","kag;cog",0.473996079959546,9
"1913","kan;con",0.397301136221843,9
"1914","kap;cop",0.778125671123238,9
"1915","kor;core",0.477231876800863,9
"1916","kat;cot",0.844340928608033,9
"1917","zar;czar",0.4565405027675,9
"1918","dEr;dare",0.458057093997399,9
"1919","darn;darn",0.281677159773164,9
"1920","dart;dart",0.481743356748779,9
"1921","dIr;dear",0.477458934771603,9
"1922","dYr;dire",0.340925065183288,9
"1923","dat;dot",0.492588098124885,9
"1924","Ir;ear",0.58825502071772,9
"1925","fEr;fair",0.538922309717322,9
"1926","far;far",0.859458835418562,9
"1927","fars;farce",0.161018647456969,9
"1928","farm;farm",0.223383741642505,9
"1929","fIr;fear",0.55808085619854,9
"1930","fYr;fire",0.420899480184021,9
"1931","fab;fob",0.277708454744222,9
"1932","fap;fop",0.475194278759326,9
"1933","for;for",0.53494005319133,9
"1934","gIr;gear",0.445363933040586,9
"1935","gor;gore",0.422464406771002,9
"1936","gat;got",0.439089399172962,9
"1937","hEr;hair",0.481303084851444,9
"1938","hart;hart",0.405995909825465,9
"1939","hIr;hear",0.500226955529932,9
"1940","hYr;hire",0.364371176866357,9
"1941","hap;hop",0.4093894367344,9
"1942","hat;hot",0.528307519811544,9
"1943","Wr;hour",0.161479088763385,9
"1944","Yr;ire",0.451399442480322,9
"1945","Jar;jar",0.813331043191658,9
"1946","JIr;jeer",0.476566845367194,9
"1947","Jab;job",0.43511516103485,9
"1948","Jag;jog",0.368752668863126,9
"1949","JaS;josh",0.337988121495884,9
"1950","Jas;joss",0.252438720278589,9
"1951","Jat;jot",0.702168980397963,9
"1952","nat;knot",0.439089399172962,9
"1953","lEr;lair",0.512236135358085,9
"1954","lIr;leer",0.53092413794937,9
"1955","lap;lop",0.408248289933763,9
"1956","lor;lore",0.507926300061333,9
"1957","lat;lot",0.478230333213924,9
"1958","lUr;lure",0.171836470301538,9
"1959","lYr;lyre",0.395105458882392,9
"1960","ma;ma",0.251044776646636,9
"1961","mar;mar",1.13294163465927,9
"1962","marC;march",0.446449799644695,9
"1963","mEr;mare",0.529650776518811,9
"1964","marJ;marge",0.455268703740809,9
"1965","mark;mark",0.537577644016993,9
"1966","marl;marl",0.392223085960782,9
"1967","marz;mars",0.350572955057032,9
"1968","marS;marsh",0.350572955057032,9
"1969","mart;mart",0.723616206808481,9
"1970","mIr;mere",0.548599575791912,9
"1971","mYr;mire",0.412021836618686,9
"1972","mab;mob",0.395483474394371,9
"1973","mak;mock",0.422086120801892,9
"1974","mal;moll",0.253938642215639,9
"1975","mor;moor",0.525522642975738,9
"1976","map;mop",0.58933750422164,9
"1977","maro;morrow",0.402943985653682,9
"1978","nIr;near",0.445363933040586,9
"1979","nor;nor",0.422464406771002,9
"1980","or;oar",0.565096337511777,9
"1981","ad;odd",0.13382700577434,9
"1982","pa;pa",0.319090323249705,9
"1983","pEr;pair",0.53121065540207,9
"1984","pam;palm",0.360734302376499,9
"1985","par;par",1.20300877259611,9
"1986","parx;para",0.282557386139593,9
"1987","parC;parch",0.376466331157979,9
"1988","pard;pard",0.478984549615331,9
"1989","park;park",0.467287592717403,9
"1990","pars;parse",0.338308308222482,9
"1991","part;part",0.689826330810735,9
"1992","pIr;peer",0.550186591382477,9
"1993","pak;pock",0.490852140556757,9
"1994","pad;pod",0.413385421014576,9
"1995","por;poor",0.527101432359116,9
"1996","pap;pop",0.655361778814129,9
"1997","paS;posh",0.369341545367665,9
"1998","pat;pot",0.76800831068677,9
"1999","pYr;pyre",0.413529807701811,9
"2000","rEr;rare",0.453629752959193,9
"2001","rIr;rear",0.472933720073397,9
"2002","ror;roar",0.450008769138051,9
"2003","rat;rot",0.470323133889816,9
"2004","skar;scar",0.204452976517079,9
"2005","sIr;sear",0.526295708021855,9
"2006","SEr;share",0.512236135358085,9
"2007","SIr;shear",0.53092413794937,9
"2008","SYr;shire",0.395105458882392,9
"2009","Sap;shop",0.408248289933763,9
"2010","Sor;shore",0.507926300061333,9
"2011","Sat;shot",0.478230333213924,9
"2012","sYr;sire",0.339800955333772,9
"2013","sor;soar",0.503394060257623,9
"2014","sap;sop",0.471979356918272,9
"2015","sat;sot",0.480553326491492,9
"2016","spar;spar",0.201649211518427,9
"2017","stEr;stair",0.219359391501155,9
"2018","star;star",0.883969151605755,9
"2019","starC;starch",0.350095232349116,9
"2020","stark;stark",0.434357263356696,9
"2021","start;start",0.416847770575042,9
"2022","starv;starve",0.350095232349116,9
"2023","stIr;steer",0.247246231926097,9
"2024","stak;stock",0.236715435235421,9
"2025","stap;stop",0.312728359345605,9
"2026","stor;store",0.24882582624841,9
"2027","SUr;sure",0.171836470301538,9
"2028","t@g;tag",0.236845716946554,9
"2029","t@p;tap",0.29556461790826,9
"2030","tep;tape",0.193145374967528,9
"2031","tar;tar",0.993310233249997,9
"2032","tEr;tare",0.744812883239401,9
"2033","tarn;tarn",0.394850780732525,9
"2034","tart;tart",0.821613006439451,9
"2035","tartN;tartan",0.143005072113519,9
"2036","tartX;tartar",0.143005072113519,9
"2037","t@t;tat",0.343718588969195,9
"2038","tct;taught",0.237022883168373,9
"2039","top;taupe",0.442288376123504,9
"2040","tIt;teat",0.427303449129927,9
"2041","tEl;tell",0.15455231400621,9
"2042","tEn;ten",0.156067887484972,9
"2043","tErX;terror",0.0334537843937273,9
"2044","tY;thai",0.306603532298212,9
"2045","DEr;their",0.405942473050729,9
"2046","tYm;thyme",0.306603532298212,9
"2047","tIk;tic",0.286798570432389,9
"2048","tYd;tide",0.337761199129801,9
"2049","tIr;tier",0.852112612370592,9
"2050","tIf;tiff",0.190403774084952,9
"2051","tYt;tight",0.514313205895781,9
"2052","tYl;tile",0.367953817164875,9
"2053","tIl;till",0.281136546097447,9
"2054","tIn;tin",0.282921727709684,9
"2055","tYn;tine",0.369844162078573,9
"2056","tIp;tip",0.384127457114756,9
"2057","tYr;tire",0.813439005865231,9
"2058","tYrd;tired",0.0618775010223502,9
"2059","tYD;tithe",0.276932579736351,9
"2060","tod;toad",0.277362752900974,9
"2061","to;toe",0.277185208266472,9
"2062","tag;tog",0.483522270600126,9
"2063","tagz;togs",0.0704906306345366,9
"2064","tol;toll",0.338458993379235,9
"2065","tom;tome",0.277185208266472,9
"2066","ton;tone",0.382880227558592,9
"2067","tUk;took",0.132044882167804,9
"2068","tut;toot",0.237022883168373,9
"2069","tap;top",0.956494626643486,9
"2070","tapL;topple",0.103398506233401,9
"2071","taps;tops",0.103398506233401,9
"2072","tok;toque",0.382905499600178,9
"2073","tor;tor",1.12994728261312,9
"2074","torx;torah",0.24132806807712,9
"2075","torC;torch",0.24132806807712,9
"2076","torn;torn",0.343586464753551,9
"2077","tork;torque",0.273908419714634,9
"2078","tort;tort",0.334262873216453,9
"2079","tori;tory",0.24132806807712,9
"2080","tat;tot",0.934675027074172,9
"2081","tot;tote",0.526085551465142,9
"2082","tUr;tour",0.276252763231523,9
"2083","tWt;tout",0.237022883168373,9
"2084","trat;trot",0.0648029725506689,9
"2085","t^g;tug",0.138902786917794,9
"2086","tYk;tyke",0.374066309098286,9
"2087","tYp;type",0.472305390585554,9
"2088","vIr;veer",0.42202263505301,9
"2089","wor;war",0.454365423129102,9
"2090","wEr;ware",0.457923013916261,9
"2091","wat;watt",0.439089399172962,9
"2092","hor;whore",0.477281080227838,9
"2093","wYr;wire",0.340804909821797,9
"2094","yat;yacht",0.439089399172962,9
"2095","yarn;yarn",0.221354123216905,9
"2096","yIr;year",0.445363933040586,9
"2097","yor;yore",0.422464406771002,9
"2098","xfar;afar",0.118862332353269,10
"2099","Er;air",0.571657192887729,10
"2100","xJar;ajar",0.120842612652747,10
"2101","ark;arc",0.345400995298028,10
"2102","arC;arch",0.294720572988602,10
"2103","ar;are",0.83342767478506,10
"2104","arm;arm",0.311213990914434,10
"2105","art;art",0.56694747688555,10
"2106","xtap;atop",0.109142173606649,10
"2107","xtYr;attire",0.0314037732137663,10
"2108","bat;baht",0.715052235146319,10
"2109","bam;balm",0.333557628422266,10
"2110","bar;bar",1.0871102590412,10
"2111","barb;barb",0.363643388900315,10
"2112","bard;bard",0.470042056516023,10
"2113","bEr;bare",0.508748431847822,10
"2114","barJ;barge",0.417197415009067,10
"2115","bark;bark",0.504868991279214,10
"2116","barn;barn",0.526202240864855,10
"2117","bIr;beer",0.537715351458225,10
"2118","bor;boar",0.516247112923878,10
"2119","bab;bob",0.484516982395021,10
"2120","bak;bock",0.469731109435624,10
"2121","baro;borrow",0.364191066476967,10
"2122","baS;bosh",0.339279543637026,10
"2123","baC;botch",0.250537956755606,10
"2124","kam;calm",0.43225562323051,10
"2125","kar;car",1.10781190398547,10
"2126","kard;card",0.397481087515461,10
"2127","kEr;care",0.483777627931451,10
"2128","karp;carp",0.243720622302233,10
"2129","kart;cart",0.6034123927084,10
"2130","karv;carve",0.19924932740021,10
"2131","CEr;chair",0.509654102579577,10
"2132","Car;char",0.861534416664226,10
"2133","Card;chard",0.359808991320489,10
"2134","CarJ;charge",0.307172234083133,10
"2135","Carm;charm",0.316904581094563,10
"2136","Cart;chart",0.573387474863878,10
"2137","CIr;cheer",0.538656656483369,10
"2138","Cak;chock",0.303946983499966,10
"2139","Can;chon",0.178353287606713,10
"2140","Cap;chop",0.516287160077809,10
"2141","Cor;chore",0.517177549512921,10
"2142","kab;cob",0.532888161210275,10
"2143","kak;cock",0.519522576876256,10
"2144","kad;cod",0.486398826121054,10
"2145","kag;cog",0.462790924801307,10
"2146","kan;con",0.395770058349542,10
"2147","kap;cop",0.780261909420665,10
"2148","kor;core",0.491691668054365,10
"2149","kat;cot",0.864460769463486,10
"2150","zar;czar",0.429854364666315,10
"2151","dEr;dare",0.463952487912456,10
"2152","darn;darn",0.26006212804344,10
"2153","dart;dart",0.470081845581894,10
"2154","dIr;dear",0.492955277564422,10
"2155","dYr;dire",0.344472185379312,10
"2156","dat;dot",0.51313454767765,10
"2157","Ir;ear",0.600118217267333,10
"2158","fEr;fair",0.541151805879312,10
"2159","far;far",0.815810303756713,10
"2160","fars;farce",0.15374245493694,10
"2161","farm;farm",0.212390293759902,10
"2162","fIr;fear",0.569891054585884,10
"2163","fYr;fire",0.420945716733251,10
"2164","fab;fob",0.273063546966731,10
"2165","fap;fop",0.474541004834797,10
"2166","for;for",0.548397127082893,10
"2167","gIr;gear",0.461095344321222,10
"2168","gor;gore",0.439750979462282,10
"2169","gat;got",0.460793718599706,10
"2170","hEr;hair",0.488551077432206,10
"2171","hart;hart",0.400962975728305,10
"2172","hIr;hear",0.517140589282558,10
"2173","hYr;hire",0.369215195584641,10
"2174","hap;hop",0.414377876962462,10
"2175","hat;hot",0.550663535468028,10
"2176","Wr;hour",0.159772727672258,10
"2177","Yr;ire",0.451453299979243,10
"2178","Jar;jar",0.765812040346183,10
"2179","JIr;jeer",0.486735004877027,10
"2180","Jab;job",0.421530157760993,10
"2181","Jag;jog",0.347948321422867,10
"2182","JaS;josh",0.325721560900426,10
"2183","Jas;joss",0.240166585160395,10
"2184","Jat;jot",0.709439474601908,10
"2185","nat;knot",0.460793718599706,10
"2186","lEr;lair",0.518124946264533,10
"2187","lIr;leer",0.546467065100806,10
"2188","lap;lop",0.413331181127218,10
"2189","lor;lore",0.525093747576875,10
"2190","lat;lot",0.500866973641074,10
"2191","lUr;lure",0.170790338458781,10
"2192","lYr;lyre",0.398673071491264,10
"2193","ma;ma",0.2534336209776,10
"2194","mar;mar",1.11715379343086,10
"2195","marC;march",0.453342732696788,10
"2196","mEr;mare",0.535125957562438,10
"2197","marJ;marge",0.460978755810096,10
"2198","mark;mark",0.545818054138935,10
"2199","marl;marl",0.399663533841524,10
"2200","marz;mars",0.357282000833944,10
"2201","marS;marsh",0.357282000833944,10
"2202","mart;mart",0.72371022671888,10
"2203","mIr;mere",0.563721503812151,10
"2204","mYr;mire",0.415189097894739,10
"2205","mab;mob",0.395368687473695,10
"2206","mak;mock",0.427112403844083,10
"2207","mal;moll",0.256581787331521,10
"2208","mor;moor",0.542271359895539,10
"2209","map;mop",0.594138681992275,10
"2210","maro;morrow",0.409289206797637,10
"2211","nIr;near",0.461095344321222,10
"2212","nor;nor",0.439750979462282,10
"2213","or;oar",0.578622696069755,10
"2214","ad;odd",0.131796150297615,10
"2215","pa;pa",0.324321010413024,10
"2216","pEr;pair",0.536363346245337,10
"2217","pam;palm",0.36654307184015,10
"2218","par;par",1.17954081264407,10
"2219","parx;para",0.28358704023245,10
"2220","parC;parch",0.378009916539237,10
"2221","pard;pard",0.479760524466433,10
"2222","park;park",0.470152810447701,10
"2223","pars;parse",0.336686042135501,10
"2224","part;part",0.685753436058071,10
"2225","pIr;peer",0.564982060263679,10
"2226","pak;pock",0.498648003857699,10
"2227","pad;pod",0.418002889703709,10
"2228","por;poor",0.543524883428525,10
"2229","pap;pop",0.663311287647005,10
"2230","paS;posh",0.37245625912138,10
"2231","pat;pot",0.794171162520957,10
"2232","pYr;pyre",0.416382421365988,10
"2233","rEr;rare",0.460369903461595,10
"2234","rIr;rear",0.489291454989167,10
"2235","ror;roar",0.467940673970227,10
"2236","rat;rot",0.492968576899105,10
"2237","skar;scar",0.191683522273331,10
"2238","sIr;sear",0.539551479120184,10
"2239","SEr;share",0.518124946264533,10
"2240","SIr;shear",0.546467065100806,10
"2241","SYr;shire",0.398673071491264,10
"2242","Sap;shop",0.413331181127218,10
"2243","Sor;shore",0.525093747576875,10
"2244","Sat;shot",0.500866973641074,10
"2245","sYr;sire",0.343563282970669,10
"2246","sor;soar",0.518345453709322,10
"2247","sap;sop",0.474571916776683,10
"2248","sat;sot",0.502873587539321,10
"2249","spar;spar",0.189426617188508,10
"2250","stEr;stair",0.208081219451066,10
"2251","star;star",0.837455115995572,10
"2252","starC;starch",0.335162175142441,10
"2253","stark;stark",0.415660581739488,10
"2254","start;start",0.398785400619126,10
"2255","starv;starve",0.335162175142441,10
"2256","stIr;steer",0.236622916803804,10
"2257","stak;stock",0.225808063453169,10
"2258","stap;stop",0.30070021780176,10
"2259","stor;store",0.238433196424699,10
"2260","SUr;sure",0.170790338458781,10
"2261","t@g;tag",0.215614062155599,10
"2262","t@p;tap",0.28651914898913,10
"2263","tep;tape",0.19098894702817,10
"2264","tar;tar",0.937311189167574,10
"2265","tEr;tare",0.736805304249754,10
"2266","tarn;tarn",0.364604252173644,10
"2267","tart;tart",0.786985695390475,10
"2268","tartN;tartan",0.132752357921795,10
"2269","tartX;tartar",0.132752357921795,10
"2270","t@t;tat",0.338231429513113,10
"2271","tct;taught",0.239208765447379,10
"2272","top;taupe",0.445516696830156,10
"2273","tIt;teat",0.430519597800699,10
"2274","tEl;tell",0.155923229072844,10
"2275","tEn;ten",0.157178706801634,10
"2276","tErX;terror",0.032597291947942,10
"2277","tY;thai",0.311526072512873,10
"2278","DEr;their",0.410403833902704,10
"2279","tYm;thyme",0.311526072512873,10
"2280","tIk;tic",0.287497854901066,10
"2281","tYd;tide",0.342488219771473,10
"2282","tIr;tier",0.857065278480508,10
"2283","tIf;tiff",0.191451168334117,10
"2284","tYt;tight",0.520418802366086,10
"2285","tYl;tile",0.373488957381308,10
"2286","tIl;till",0.283868801643089,10
"2287","tIn;tin",0.285345818891825,10
"2288","tYn;tine",0.375052326921796,10
"2289","tIp;tip",0.382973122176303,10
"2290","tYr;tire",0.810865339351946,10
"2291","tYrd;tired",0.0619688435384347,10
"2292","tYD;tithe",0.280865250095218,10
"2293","tod;toad",0.283613916523424,10
"2294","to;toe",0.283558021079865,10
"2295","tag;tog",0.441019596807714,10
"2296","tagz;togs",0.06245035318692,10
"2297","tol;toll",0.345556521106627,10
"2298","tom;tome",0.283558021079865,10
"2299","ton;tone",0.388416462993262,10
"2300","tUk;took",0.129992246263934,10
"2301","tut;toot",0.239208765447379,10
"2302","tap;top",0.935456746463742,10
"2303","tapL;topple",0.0984769942788398,10
"2304","taps;tops",0.0984769942788398,10
"2305","tok;toque",0.387429204665375,10
"2306","tor;tor",1.1365775634696,10
"2307","torx;torah",0.236818457909239,10
"2308","torC;torch",0.236818457909239,10
"2309","torn;torn",0.333260685781029,10
"2310","tork;torque",0.269734817891079,10
"2311","tort;tort",0.327409799586017,10
"2312","tori;tory",0.236818457909239,10
"2313","tat;tot",0.943768752706691,10
"2314","tot;tote",0.533158742808777,10
"2315","tUr;tour",0.266766919151941,10
"2316","tWt;tout",0.239208765447379,10
"2317","trat;trot",0.0668037265865395,10
"2318","t^g;tug",0.123501927832882,10
"2319","tYk;tyke",0.377399687338513,10
"2320","tYp;type",0.473841414680362,10
"2321","vIr;veer",0.436480470629217,10
"2322","wor;war",0.471640367331543,10
"2323","wEr;ware",0.464014850252944,10
"2324","wat;watt",0.460793718599706,10
"2325","hor;whore",0.495786470865181,10
"2326","wYr;wire",0.344539945370481,10
"2327","yat;yacht",0.460793718599706,10
"2328","yarn;yarn",0.202483554784644,10
"2329","yIr;year",0.461095344321222,10
"2330","yor;yore",0.439750979462282,10
