"","node","activation","time"
"1","xfar;afar",0,1
"2","Er;air",0,1
"3","xJar;ajar",0,1
"4","ark;arc",0,1
"5","arC;arch",0,1
"6","ar;are",1,1
"7","arm;arm",0,1
"8","art;art",0,1
"9","xtap;atop",0,1
"10","xtYr;attire",0,1
"11","bat;baht",0,1
"12","bam;balm",0,1
"13","bar;bar",1,1
"14","barb;barb",0,1
"15","bard;bard",0,1
"16","bEr;bare",0,1
"17","barJ;barge",0,1
"18","bark;bark",0,1
"19","barn;barn",0,1
"20","bIr;beer",0,1
"21","bor;boar",0,1
"22","bab;bob",0,1
"23","bak;bock",0,1
"24","baro;borrow",0,1
"25","baS;bosh",0,1
"26","baC;botch",0,1
"27","kam;calm",0,1
"28","kar;car",1,1
"29","kard;card",0,1
"30","kEr;care",0,1
"31","karp;carp",0,1
"32","kart;cart",0,1
"33","karv;carve",0,1
"34","CEr;chair",0,1
"35","Car;char",1,1
"36","Card;chard",0,1
"37","CarJ;charge",0,1
"38","Carm;charm",0,1
"39","Cart;chart",0,1
"40","CIr;cheer",0,1
"41","Cak;chock",0,1
"42","Can;chon",0,1
"43","Cap;chop",0,1
"44","Cor;chore",0,1
"45","kab;cob",0,1
"46","kak;cock",0,1
"47","kad;cod",0,1
"48","kag;cog",0,1
"49","kan;con",0,1
"50","kap;cop",0,1
"51","kor;core",0,1
"52","kat;cot",0,1
"53","zar;czar",1,1
"54","dEr;dare",0,1
"55","darn;darn",0,1
"56","dart;dart",0,1
"57","dIr;dear",0,1
"58","dYr;dire",0,1
"59","dat;dot",0,1
"60","Ir;ear",0,1
"61","fEr;fair",0,1
"62","far;far",1,1
"63","fars;farce",0,1
"64","farm;farm",0,1
"65","fIr;fear",0,1
"66","fYr;fire",0,1
"67","fab;fob",0,1
"68","fap;fop",0,1
"69","for;for",0,1
"70","gIr;gear",0,1
"71","gor;gore",0,1
"72","gat;got",0,1
"73","hEr;hair",0,1
"74","hart;hart",0,1
"75","hIr;hear",0,1
"76","hYr;hire",0,1
"77","hap;hop",0,1
"78","hat;hot",0,1
"79","Wr;hour",0,1
"80","Yr;ire",0,1
"81","Jar;jar",1,1
"82","JIr;jeer",0,1
"83","Jab;job",0,1
"84","Jag;jog",0,1
"85","JaS;josh",0,1
"86","Jas;joss",0,1
"87","Jat;jot",0,1
"88","nat;knot",0,1
"89","lEr;lair",0,1
"90","lIr;leer",0,1
"91","lap;lop",0,1
"92","lor;lore",0,1
"93","lat;lot",0,1
"94","lUr;lure",0,1
"95","lYr;lyre",0,1
"96","ma;ma",0,1
"97","mar;mar",1,1
"98","marC;march",0,1
"99","mEr;mare",0,1
"100","marJ;marge",0,1
"101","mark;mark",0,1
"102","marl;marl",0,1
"103","marz;mars",0,1
"104","marS;marsh",0,1
"105","mart;mart",0,1
"106","mIr;mere",0,1
"107","mYr;mire",0,1
"108","mab;mob",0,1
"109","mak;mock",0,1
"110","mal;moll",0,1
"111","mor;moor",0,1
"112","map;mop",0,1
"113","maro;morrow",0,1
"114","nIr;near",0,1
"115","nor;nor",0,1
"116","or;oar",0,1
"117","ad;odd",0,1
"118","pa;pa",0,1
"119","pEr;pair",0,1
"120","pam;palm",0,1
"121","par;par",1,1
"122","parx;para",0,1
"123","parC;parch",0,1
"124","pard;pard",0,1
"125","park;park",0,1
"126","pars;parse",0,1
"127","part;part",0,1
"128","pIr;peer",0,1
"129","pak;pock",0,1
"130","pad;pod",0,1
"131","por;poor",0,1
"132","pap;pop",0,1
"133","paS;posh",0,1
"134","pat;pot",0,1
"135","pYr;pyre",0,1
"136","rEr;rare",0,1
"137","rIr;rear",0,1
"138","ror;roar",0,1
"139","rat;rot",0,1
"140","skar;scar",0,1
"141","sIr;sear",0,1
"142","SEr;share",0,1
"143","SIr;shear",0,1
"144","SYr;shire",0,1
"145","Sap;shop",0,1
"146","Sor;shore",0,1
"147","Sat;shot",0,1
"148","sYr;sire",0,1
"149","sor;soar",0,1
"150","sap;sop",0,1
"151","sat;sot",0,1
"152","spar;spar",0,1
"153","stEr;stair",0,1
"154","star;star",1,1
"155","starC;starch",0,1
"156","stark;stark",0,1
"157","start;start",0,1
"158","starv;starve",0,1
"159","stIr;steer",0,1
"160","stak;stock",0,1
"161","stap;stop",0,1
"162","stor;store",0,1
"163","SUr;sure",0,1
"164","t@g;tag",0,1
"165","t@p;tap",0,1
"166","tep;tape",0,1
"167","tar;tar",80,1
"168","tEr;tare",1,1
"169","tarn;tarn",1,1
"170","tart;tart",1,1
"171","tartN;tartan",0,1
"172","tartX;tartar",0,1
"173","t@t;tat",0,1
"174","tct;taught",0,1
"175","top;taupe",0,1
"176","tIt;teat",0,1
"177","tEl;tell",0,1
"178","tEn;ten",0,1
"179","tErX;terror",0,1
"180","tY;thai",0,1
"181","DEr;their",0,1
"182","tYm;thyme",0,1
"183","tIk;tic",0,1
"184","tYd;tide",0,1
"185","tIr;tier",1,1
"186","tIf;tiff",0,1
"187","tYt;tight",0,1
"188","tYl;tile",0,1
"189","tIl;till",0,1
"190","tIn;tin",0,1
"191","tYn;tine",0,1
"192","tIp;tip",0,1
"193","tYr;tire",1,1
"194","tYrd;tired",0,1
"195","tYD;tithe",0,1
"196","tod;toad",0,1
"197","to;toe",0,1
"198","tag;tog",1,1
"199","tagz;togs",0,1
"200","tol;toll",0,1
"201","tom;tome",0,1
"202","ton;tone",0,1
"203","tUk;took",0,1
"204","tut;toot",0,1
"205","tap;top",1,1
"206","tapL;topple",0,1
"207","taps;tops",0,1
"208","tok;toque",0,1
"209","tor;tor",1,1
"210","torx;torah",0,1
"211","torC;torch",0,1
"212","torn;torn",0,1
"213","tork;torque",0,1
"214","tort;tort",0,1
"215","tori;tory",0,1
"216","tat;tot",1,1
"217","tot;tote",0,1
"218","tUr;tour",1,1
"219","tWt;tout",0,1
"220","trat;trot",0,1
"221","t^g;tug",0,1
"222","tYk;tyke",0,1
"223","tYp;type",0,1
"224","vIr;veer",0,1
"225","wor;war",0,1
"226","wEr;ware",0,1
"227","wat;watt",0,1
"228","hor;whore",0,1
"229","wYr;wire",0,1
"230","yat;yacht",0,1
"231","yarn;yarn",0,1
"232","yIr;year",0,1
"233","yor;yore",0,1
"234","xfar;afar",0.0111111111111111,2
"235","Er;air",0.0192219679633867,2
"236","xJar;ajar",0.0125,2
"237","ark;arc",0.0105263157894737,2
"238","arC;arch",0.0105263157894737,2
"239","ar;are",1.68812603088919,2
"240","arm;arm",0.0105263157894737,2
"241","art;art",0.024812030075188,2
"242","xtap;atop",0.00952380952380952,2
"243","xtYr;attire",0.00769230769230769,2
"244","bat;baht",0.016025641025641,2
"245","bam;balm",0.00833333333333333,2
"246","bar;bar",1.69031901334533,2
"247","barb;barb",0.00833333333333333,2
"248","bard;bard",0.00833333333333333,2
"249","bEr;bare",0.0170289855072464,2
"250","barJ;barge",0.00833333333333333,2
"251","bark;bark",0.00833333333333333,2
"252","barn;barn",0.0416666666666667,2
"253","bIr;beer",0.0152298850574713,2
"254","bor;boar",0.0138888888888889,2
"255","bab;bob",0.00833333333333333,2
"256","bak;bock",0.00833333333333333,2
"257","baro;borrow",0.00833333333333333,2
"258","baS;bosh",0.00833333333333333,2
"259","baC;botch",0.00833333333333333,2
"260","kam;calm",0.00833333333333333,2
"261","kar;car",1.69031901334533,2
"262","kard;card",0.00833333333333333,2
"263","kEr;care",0.0170289855072464,2
"264","karp;carp",0.00833333333333333,2
"265","kart;cart",0.0226190476190476,2
"266","karv;carve",0.00833333333333333,2
"267","CEr;chair",0.0192219679633867,2
"268","Car;char",1.68812603088919,2
"269","Card;chard",0.0105263157894737,2
"270","CarJ;charge",0.0105263157894737,2
"271","Carm;charm",0.0105263157894737,2
"272","Cart;chart",0.024812030075188,2
"273","CIr;cheer",0.0174228675136116,2
"274","Cak;chock",0.0105263157894737,2
"275","Can;chon",0.0105263157894737,2
"276","Cap;chop",0.0200501253132832,2
"277","Cor;chore",0.0160818713450292,2
"278","kab;cob",0.00833333333333333,2
"279","kak;cock",0.00833333333333333,2
"280","kad;cod",0.00833333333333333,2
"281","kag;cog",0.0333333333333333,2
"282","kan;con",0.00833333333333333,2
"283","kap;cop",0.0178571428571428,2
"284","kor;core",0.0138888888888889,2
"285","kat;cot",0.016025641025641,2
"286","zar;czar",1.67643012445644,2
"287","dEr;dare",0.00869565217391304,2
"288","darn;darn",0.0333333333333333,2
"289","dart;dart",0.0142857142857143,2
"290","dIr;dear",0.00689655172413793,2
"291","dYr;dire",0.00769230769230769,2
"292","dat;dot",0.00769230769230769,2
"293","Ir;ear",0.0174228675136116,2
"294","fEr;fair",0.0198067632850241,2
"295","far;far",1.68754123556755,2
"296","fars;farce",0.0111111111111111,2
"297","farm;farm",0.0111111111111111,2
"298","fIr;fear",0.018007662835249,2
"299","fYr;fire",0.0188034188034188,2
"300","fab;fob",0.0111111111111111,2
"301","fap;fop",0.0206349206349206,2
"302","for;for",0.0166666666666667,2
"303","gIr;gear",0.00689655172413793,2
"304","gor;gore",0.00555555555555555,2
"305","gat;got",0.00769230769230769,2
"306","hEr;hair",0.00869565217391304,2
"307","hart;hart",0.0142857142857143,2
"308","hIr;hear",0.00689655172413793,2
"309","hYr;hire",0.00769230769230769,2
"310","hap;hop",0.00952380952380952,2
"311","hat;hot",0.00769230769230769,2
"312","Wr;hour",0.0105263157894737,2
"313","Yr;ire",0.0182186234817814,2
"314","Jar;jar",1.68615234667866,2
"315","JIr;jeer",0.0193965517241379,2
"316","Jab;job",0.0125,2
"317","Jag;jog",0.0375,2
"318","JaS;josh",0.0125,2
"319","Jas;joss",0.0125,2
"320","Jat;jot",0.0201923076923077,2
"321","nat;knot",0.00769230769230769,2
"322","lEr;lair",0.00869565217391304,2
"323","lIr;leer",0.00689655172413793,2
"324","lap;lop",0.00952380952380952,2
"325","lor;lore",0.00555555555555555,2
"326","lat;lot",0.00769230769230769,2
"327","lUr;lure",0.025,2
"328","lYr;lyre",0.00769230769230769,2
"329","ma;ma",0.00769230769230769,2
"330","mar;mar",1.69096003898635,2
"331","marC;march",0.00769230769230769,2
"332","mEr;mare",0.0163879598662207,2
"333","marJ;marge",0.00769230769230769,2
"334","mark;mark",0.00769230769230769,2
"335","marl;marl",0.00769230769230769,2
"336","marz;mars",0.00769230769230769,2
"337","marS;marsh",0.00769230769230769,2
"338","mart;mart",0.021978021978022,2
"339","mIr;mere",0.0145888594164456,2
"340","mYr;mire",0.0153846153846154,2
"341","mab;mob",0.00769230769230769,2
"342","mak;mock",0.00769230769230769,2
"343","mal;moll",0.00769230769230769,2
"344","mor;moor",0.0132478632478632,2
"345","map;mop",0.0172161172161172,2
"346","maro;morrow",0.00769230769230769,2
"347","nIr;near",0.00689655172413793,2
"348","nor;nor",0.00555555555555555,2
"349","or;oar",0.0160818713450292,2
"350","ad;odd",0.0105263157894737,2
"351","pa;pa",0.0074074074074074,2
"352","pEr;pair",0.0161030595813204,2
"353","pam;palm",0.0074074074074074,2
"354","par;par",1.69124493927125,2
"355","parx;para",0.0074074074074074,2
"356","parC;parch",0.0074074074074074,2
"357","pard;pard",0.0074074074074074,2
"358","park;park",0.0074074074074074,2
"359","pars;parse",0.0074074074074074,2
"360","part;part",0.0216931216931217,2
"361","pIr;peer",0.0143039591315453,2
"362","pak;pock",0.0074074074074074,2
"363","pad;pod",0.0074074074074074,2
"364","por;poor",0.012962962962963,2
"365","pap;pop",0.0169312169312169,2
"366","paS;posh",0.0074074074074074,2
"367","pat;pot",0.0150997150997151,2
"368","pYr;pyre",0.0150997150997151,2
"369","rEr;rare",0.00869565217391304,2
"370","rIr;rear",0.00689655172413793,2
"371","ror;roar",0.00555555555555555,2
"372","rat;rot",0.00769230769230769,2
"373","skar;scar",0.025,2
"374","sIr;sear",0.00689655172413793,2
"375","SEr;share",0.00869565217391304,2
"376","SIr;shear",0.00689655172413793,2
"377","SYr;shire",0.00769230769230769,2
"378","Sap;shop",0.00952380952380952,2
"379","Sor;shore",0.00555555555555555,2
"380","Sat;shot",0.00769230769230769,2
"381","sYr;sire",0.00769230769230769,2
"382","sor;soar",0.00555555555555555,2
"383","sap;sop",0.00952380952380952,2
"384","sat;sot",0.00769230769230769,2
"385","spar;spar",0.0240740740740741,2
"386","stEr;stair",0.0253623188405797,2
"387","star;star",1.6,2
"388","starC;starch",0.0166666666666667,2
"389","stark;stark",0.0166666666666667,2
"390","start;start",0.0309523809523809,2
"391","starv;starve",0.0166666666666667,2
"392","stIr;steer",0.0235632183908046,2
"393","stak;stock",0.0166666666666667,2
"394","stap;stop",0.0261904761904762,2
"395","stor;store",0.0222222222222222,2
"396","SUr;sure",0.025,2
"397","t@g;tag",0.025,2
"398","t@p;tap",0.00952380952380952,2
"399","tep;tape",0.00952380952380952,2
"400","tar;tar",64.2589942453264,2
"401","tEr;tare",1.645144414972,2
"402","tarn;tarn",1.61428571428571,2
"403","tart;tart",1.64102564102564,2
"404","tartN;tartan",0.0142857142857143,2
"405","tartX;tartar",0.0142857142857143,2
"406","t@t;tat",0.00769230769230769,2
"407","tct;taught",0.00769230769230769,2
"408","top;taupe",0.0150793650793651,2
"409","tIt;teat",0.0145888594164456,2
"410","tEl;tell",0.00869565217391304,2
"411","tEn;ten",0.00869565217391304,2
"412","tErX;terror",0.00869565217391304,2
"413","tY;thai",0.00769230769230769,2
"414","DEr;their",0.00869565217391304,2
"415","tYm;thyme",0.00769230769230769,2
"416","tIk;tic",0.00689655172413793,2
"417","tYd;tide",0.00769230769230769,2
"418","tIr;tier",1.64694351542178,2
"419","tIf;tiff",0.00689655172413793,2
"420","tYt;tight",0.0153846153846154,2
"421","tYl;tile",0.00769230769230769,2
"422","tIl;till",0.00689655172413793,2
"423","tIn;tin",0.00689655172413793,2
"424","tYn;tine",0.00769230769230769,2
"425","tIp;tip",0.0164203612479474,2
"426","tYr;tire",1.64614775945361,2
"427","tYrd;tired",0.00769230769230769,2
"428","tYD;tithe",0.00769230769230769,2
"429","tod;toad",0.00555555555555555,2
"430","to;toe",0.00555555555555555,2
"431","tag;tog",1.61721611721612,2
"432","tagz;togs",0.025,2
"433","tol;toll",0.00555555555555555,2
"434","tom;tome",0.00555555555555555,2
"435","ton;tone",0.00555555555555555,2
"436","tUk;took",0.025,2
"437","tut;toot",0.00769230769230769,2
"438","tap;top",1.63269230769231,2
"439","tapL;topple",0.00952380952380952,2
"440","taps;tops",0.00952380952380952,2
"441","tok;toque",0.00555555555555555,2
"442","tor;tor",1.64828451159036,2
"443","torx;torah",0.00555555555555555,2
"444","torC;torch",0.00555555555555555,2
"445","torn;torn",0.0388888888888889,2
"446","tork;torque",0.00555555555555555,2
"447","tort;tort",0.0198412698412698,2
"448","tori;tory",0.00555555555555555,2
"449","tat;tot",1.64880952380952,2
"450","tot;tote",0.0132478632478632,2
"451","tUr;tour",1.62884006714591,2
"452","tWt;tout",0.00769230769230769,2
"453","trat;trot",0.00769230769230769,2
"454","t^g;tug",0.025,2
"455","tYk;tyke",0.00769230769230769,2
"456","tYp;type",0.0172161172161172,2
"457","vIr;veer",0.00689655172413793,2
"458","wor;war",0.00555555555555555,2
"459","wEr;ware",0.00869565217391304,2
"460","wat;watt",0.00769230769230769,2
"461","hor;whore",0.00555555555555555,2
"462","wYr;wire",0.00769230769230769,2
"463","yat;yacht",0.00769230769230769,2
"464","yarn;yarn",0.0333333333333333,2
"465","yIr;year",0.00689655172413793,2
"466","yor;yore",0.00555555555555555,2
"467","xfar;afar",0.0288893470618617,3
"468","Er;air",0.0503947233316608,3
"469","xJar;ajar",0.0321880154445944,3
"470","ark;arc",0.0277867024736831,3
"471","arC;arch",0.0276325885564113,3
"472","ar;are",2.14498223186381,3
"473","arm;arm",0.0281999899659179,3
"474","art;art",0.064170758615258,3
"475","xtap;atop",0.0242161172161172,3
"476","xtYr;attire",0.0188165212265662,3
"477","bat;baht",0.0421248384723308,3
"478","bam;balm",0.0220333319891068,3
"479","bar;bar",2.15070600220486,3
"480","barb;barb",0.0226283799452659,3
"481","bard;bard",0.0231870082078415,3
"482","bEr;bare",0.0442815566354683,3
"483","barJ;barge",0.0230113500453413,3
"484","bark;bark",0.023276913672747,3
"485","barn;barn",0.106154113470999,3
"486","bIr;beer",0.0396949831207131,3
"487","bor;boar",0.0361600237701369,3
"488","bab;bob",0.0229549468968329,3
"489","bak;bock",0.0226424848299848,3
"490","baro;borrow",0.0226478049646909,3
"491","baS;bosh",0.022223808179583,3
"492","baC;botch",0.0216326118244978,3
"493","kam;calm",0.0227445117111561,3
"494","kar;car",2.1522418757528,3
"495","kard;card",0.0226652429360763,3
"496","kEr;care",0.0441248586292656,3
"497","karp;carp",0.0219530552699412,3
"498","kart;cart",0.0589019408951099,3
"499","karv;carve",0.0216713092381952,3
"500","CEr;chair",0.0497389125728871,3
"501","Car;char",2.14483351173285,3
"502","Card;chard",0.0278853491973298,3
"503","CarJ;charge",0.0276557367045594,3
"504","Carm;charm",0.0281999899659179,3
"505","Cart;chart",0.064170758615258,3
"506","CIr;cheer",0.0451600789962124,3
"507","Cak;chock",0.0276189918542181,3
"508","Can;chon",0.0270109061452552,3
"509","Cap;chop",0.0519621327243013,3
"510","Cor;chore",0.0416228112430508,3
"511","kab;cob",0.0233699505727061,3
"512","kak;cock",0.0231289170772866,3
"513","kad;cod",0.0234449567069228,3
"514","kag;cog",0.0833734008261563,3
"515","kan;con",0.02287936659528,3
"516","kap;cop",0.0477531774126998,3
"517","kor;core",0.0360121240751902,3
"518","kat;cot",0.0431714750080978,3
"519","zar;czar",2.11280800867395,3
"520","dEr;dare",0.0235228462732454,3
"521","darn;darn",0.0839417989417989,3
"522","dart;dart",0.0388803502957638,3
"523","dIr;dear",0.0189123891894387,3
"524","dYr;dire",0.0205393715153714,3
"525","dat;dot",0.0207498579054643,3
"526","Ir;ear",0.0457999591065368,3
"527","fEr;fair",0.0514568019162566,3
"528","far;far",2.14418026394223,3
"529","fars;farce",0.0284065428290574,3
"530","farm;farm",0.0290818421885673,3
"531","fIr;fear",0.0468712912843145,3
"532","fYr;fire",0.0484152558684272,3
"533","fab;fob",0.028753649426164,3
"534","fap;fop",0.0529129705422521,3
"535","for;for",0.0433338016616981,3
"536","gIr;gear",0.0187368148150002,3
"537","gor;gore",0.0152121931748258,3
"538","gat;got",0.020425071580678,3
"539","hEr;hair",0.0235742279702975,3
"540","hart;hart",0.0371675908330044,3
"541","hIr;hear",0.0189582426908364,3
"542","hYr;hire",0.020597689354516,3
"543","hap;hop",0.025184111140878,3
"544","hat;hot",0.0209864268920333,3
"545","Wr;hour",0.0269476021939298,3
"546","Yr;ire",0.0473691105760905,3
"547","Jar;jar",2.14064730193896,3
"548","JIr;jeer",0.0496094707824704,3
"549","Jab;job",0.0340497409510567,3
"550","Jag;jog",0.0935214451727609,3
"551","JaS;josh",0.0335116036768083,3
"552","Jas;joss",0.0329958041471199,3
"553","Jat;jot",0.0536056646231131,3
"554","nat;knot",0.020425071580678,3
"555","lEr;lair",0.0243985836021903,3
"556","lIr;leer",0.0197777996016415,3
"557","lap;lop",0.0251905213972883,3
"558","lor;lore",0.0162508919896072,3
"559","lat;lot",0.0206228737784802,3
"560","lUr;lure",0.0618820804799065,3
"561","lYr;lyre",0.0214275842915744,3
"562","ma;ma",0.0201735573671664,3
"563","mar;mar",2.15189083178646,3
"564","marC;march",0.0209988807488807,3
"565","mEr;mare",0.042901084512586,3
"566","marJ;marge",0.0210220288970289,3
"567","mark;mark",0.0212578722447143,3
"568","marl;marl",0.0207021346100293,3
"569","marz;mars",0.0204243568322516,3
"570","marS;marsh",0.0204243568322516,3
"571","mart;mart",0.057459163782472,3
"572","mIr;mere",0.0383047205364572,3
"573","mYr;mire",0.0398812451531299,3
"574","mab;mob",0.0210123944560035,3
"575","mak;mock",0.0209337541229772,3
"576","mal;moll",0.0201593123529214,3
"577","mor;moor",0.0347704869170968,3
"578","map;mop",0.0450313268602742,3
"579","maro;morrow",0.0206838195917143,3
"580","nIr;near",0.0187368148150002,3
"581","nor;nor",0.0152121931748258,3
"582","or;oar",0.0422632577660154,3
"583","ad;odd",0.0264904636248126,3
"584","pa;pa",0.0196598098674122,3
"585","pEr;pair",0.0421870528760397,3
"586","pam;palm",0.0197989757426892,3
"587","par;par",2.15403640777519,3
"588","parx;para",0.019456689648419,3
"589","parC;parch",0.0200231413903093,3
"590","pard;pard",0.0203978736268836,3
"591","park;park",0.0202745355452122,3
"592","pars;parse",0.0202327037577664,3
"593","part;part",0.056649649732983,3
"594","pIr;peer",0.0375897844545621,3
"595","pak;pock",0.0203582782281613,3
"596","pad;pod",0.0204418543336672,3
"597","por;poor",0.0340558221688064,3
"598","pap;pop",0.0444437378581071,3
"599","paS;posh",0.0199894519331654,3
"600","pat;pot",0.0401589079506881,3
"601","pYr;pyre",0.0391690224072815,3
"602","rEr;rare",0.023456369540102,3
"603","rIr;rear",0.0188459124562953,3
"604","ror;roar",0.0153204868378785,3
"605","rat;rot",0.0212016283572348,3
"606","skar;scar",0.0623575967161493,3
"607","sIr;sear",0.0198083315691261,3
"608","SEr;share",0.0243985836021903,3
"609","SIr;shear",0.0197777996016415,3
"610","SYr;shire",0.0214275842915744,3
"611","Sap;shop",0.0251905213972883,3
"612","Sor;shore",0.0162508919896072,3
"613","Sat;shot",0.0206228737784802,3
"614","sYr;sire",0.0204855256312959,3
"615","sor;soar",0.0162285043016312,3
"616","sap;sop",0.0262554564622234,3
"617","sat;sot",0.0206055577611642,3
"618","spar;spar",0.0601203328834908,3
"619","stEr;stair",0.0630935429721037,3
"620","star;star",1.93469123968824,3
"621","starC;starch",0.0427380952380952,3
"622","stark;stark",0.044015873015873,3
"623","start;start",0.0772051282051282,3
"624","starv;starve",0.0427380952380952,3
"625","stIr;steer",0.0591014428683094,3
"626","stak;stock",0.0417142857142857,3
"627","stap;stop",0.0654051504051504,3
"628","stor;store",0.0558707048297713,3
"629","SUr;sure",0.0618820804799065,3
"630","t@g;tag",0.0633734519448805,3
"631","t@p;tap",0.0257468775067297,3
"632","tep;tape",0.0242170937983746,3
"633","tar;tar",51.8343104309409,3
"634","tEr;tare",2.03847603321762,3
"635","tarn;tarn",1.9632487743621,3
"636","tart;tart",2.02905118407992,3
"637","tartN;tartan",0.0363003663003663,3
"638","tartX;tartar",0.0363003663003663,3
"639","t@t;tat",0.0216007958138026,3
"640","tct;taught",0.0200298469214252,3
"641","top;taupe",0.0387898005144471,3
"642","tIt;teat",0.0378888628654371,3
"643","tEl;tell",0.0219924233687352,3
"644","tEn;ten",0.0219840058603177,3
"645","tErX;terror",0.0212621253475826,3
"646","tY;thai",0.020227492089918,3
"647","DEr;their",0.023306517913423,3
"648","tYm;thyme",0.020227492089918,3
"649","tIk;tic",0.019405664722093,3
"650","tYd;tide",0.0210107088731348,3
"651","tIr;tier",2.04101896241798,3
"652","tIf;tiff",0.0178582386488049,3
"653","tYt;tight",0.0401228932102307,3
"654","tYl;tile",0.020731769218383,3
"655","tIl;till",0.0185119083174671,3
"656","tIn;tin",0.0185034908090496,3
"657","tYn;tine",0.0207233517099655,3
"658","tIp;tip",0.0420890658402232,3
"659","tYr;tire",2.04046893963789,3
"660","tYrd;tired",0.0189563813664263,3
"661","tYD;tithe",0.0200869412827005,3
"662","tod;toad",0.0146721381488373,3
"663","to;toe",0.0146861241628233,3
"664","tag;tog",1.97508353219685,3
"665","tagz;togs",0.0604304029304029,3
"666","tol;toll",0.015184012618233,3
"667","tom;tome",0.0146861241628233,3
"668","ton;tone",0.0161646523488727,3
"669","tUk;took",0.0610950561044264,3
"670","tut;toot",0.0200298469214252,3
"671","tap;top",2.00930158695296,3
"672","tapL;topple",0.0241208791208791,3
"673","taps;tops",0.0241208791208791,3
"674","tok;toque",0.0162533341984241,3
"675","tor;tor",2.04598998965631,3
"676","torx;torah",0.0155989351173009,3
"677","torC;torch",0.0155989351173009,3
"678","torn;torn",0.0953806811490469,3
"679","tork;torque",0.0157179827363485,3
"680","tort;tort",0.0503254817188475,3
"681","tori;tory",0.0155989351173009,3
"682","tat;tot",2.04494046535097,3
"683","tot;tote",0.0350701971051412,3
"684","tUr;tour",1.99606230883418,3
"685","tWt;tout",0.0200298469214252,3
"686","trat;trot",0.0189395604395604,3
"687","t^g;tug",0.0616804029304029,3
"688","tYk;tyke",0.021625525623009,3
"689","tYp;type",0.04436403856965,3
"690","vIr;veer",0.0186669477877295,3
"691","wor;war",0.0153760966847769,3
"692","wEr;ware",0.0235119793870004,3
"693","wat;watt",0.020425071580678,3
"694","hor;whore",0.0154320552700848,3
"695","wYr;wire",0.0205285046291264,3
"696","yat;yacht",0.020425071580678,3
"697","yarn;yarn",0.083068783068783,3
"698","yIr;year",0.0187368148150002,3
"699","yor;yore",0.0152121931748258,3
"700","xfar;afar",0.0501545043488624,4
"701","Er;air",0.0883572549540506,4
"702","xJar;ajar",0.0553974383360986,4
"703","ark;arc",0.0490612761859357,4
"704","arC;arch",0.0485060338464978,4
"705","ar;are",2.43145301798758,4
"706","arm;arm",0.0504145772190099,4
"707","art;art",0.111073844980241,4
"708","xtap;atop",0.0411253053791279,4
"709","xtYr;attire",0.0307491319015444,4
"710","bat;baht",0.0741275616169157,4
"711","bam;balm",0.0389710579458532,4
"712","bar;bar",2.44162667115491,4
"713","barb;barb",0.0410047659602935,4
"714","bard;bard",0.0429368770004531,4
"715","bEr;bare",0.0770692415123159,4
"716","barJ;barge",0.0423073192277547,4
"717","bark;bark",0.0432525930482405,4
"718","barn;barn",0.180872169582379,4
"719","bIr;beer",0.0692505123206404,4
"720","bor;boar",0.0630337282743468,4
"721","bab;bob",0.0421650353353836,4
"722","bak;bock",0.0411007785002866,4
"723","baro;borrow",0.0410620287397985,4
"724","baS;bosh",0.0396254939542479,4
"725","baC;botch",0.0375853605801275,4
"726","kam;calm",0.0414049153155649,4
"727","kar;car",2.44661447027576,4
"728","kard;card",0.0411571505256011,4
"729","kEr;care",0.0765486338621298,4
"730","karp;carp",0.0386602795909309,4
"731","kart;cart",0.102649152625042,4
"732","karv;carve",0.0376988486542809,4
"733","CEr;chair",0.0861377209015095,4
"734","Car;char",2.43099492727833,4
"735","Card;chard",0.0494039282346269,4
"736","CarJ;charge",0.0486009735471108,4
"737","Carm;charm",0.0504166018267039,4
"738","Cart;chart",0.111075869587935,4
"739","CIr;cheer",0.0783442901177865,4
"740","Cak;chock",0.048444112409635,4
"741","Can;chon",0.0463494997437166,4
"742","Cap;chop",0.0901029372671003,4
"743","Cor;chore",0.0721199552148732,4
"744","kab;cob",0.0435792675851315,4
"745","kak;cock",0.0427498126678868,4
"746","kad;cod",0.0437445781362174,4
"747","kag;cog",0.139753767882383,4
"748","kan;con",0.0418189938571118,4
"749","kap;cop",0.0853752804755624,4
"750","kor;core",0.0625423559936647,4
"751","kat;cot",0.0777112858299472,4
"752","zar;czar",2.37269451349759,4
"753","dEr;dare",0.0425304660947417,4
"754","darn;darn",0.141355971920467,4
"755","dart;dart",0.0703842542540749,4
"756","dIr;dear",0.0346345263255295,4
"757","dYr;dire",0.0366857210755265,4
"758","dat;dot",0.0374570587638007,4
"759","Ir;ear",0.0805121688914511,4
"760","fEr;fair",0.0894541262387848,4
"761","far;far",2.43121980699009,4
"762","fars;farce",0.0485816287778099,4
"763","farm;farm",0.0508634677587659,4
"764","fIr;fear",0.0816389260224904,4
"765","fYr;fire",0.083419690210169,4
"766","fab;fob",0.0498196635618131,4
"767","fap;fop",0.0908334149722064,4
"768","for;for",0.0754135922218886,4
"769","gIr;gear",0.0340275663171646,4
"770","gor;gore",0.0278448561405976,4
"771","gat;got",0.0363180999548274,4
"772","hEr;hair",0.0427157751752868,4
"773","hart;hart",0.0647374403143801,4
"774","hIr;hear",0.0348010201177342,4
"775","hYr;hire",0.0368940662899797,4
"776","hap;hop",0.0445883494385134,4
"777","hat;hot",0.0382295125982707,4
"778","Wr;hour",0.0461177714849032,4
"779","Yr;ire",0.0823731393588218,4
"780","Jar;jar",2.42519944271474,4
"781","JIr;jeer",0.0849617858761006,4
"782","Jab;job",0.0617437609632686,4
"783","Jag;jog",0.156218041354492,4
"784","JaS;josh",0.0598799839836185,4
"785","Jas;joss",0.0581051813373001,4
"786","Jat;jot",0.0950541910032763,4
"787","nat;knot",0.0363180999548274,4
"788","lEr;lair",0.0454323088025461,4
"789","lIr;leer",0.0375036626592951,4
"790","lap;lop",0.0446059907527427,4
"791","lor;lore",0.0313123861523594,4
"792","lat;lot",0.036996967227502,4
"793","lUr;lure",0.102398030757259,4
"794","lYr;lyre",0.0396240927541557,4
"795","ma;ma",0.0353842464681209,4
"796","mar;mar",2.44289307199451,4
"797","marC;march",0.038255542162648,4
"798","mEr;mare",0.0751442631116887,4
"799","marJ;marge",0.0383490745395176,4
"800","mark;mark",0.0391903601353569,4
"801","marl;marl",0.0372283876892253,4
"802","marz;mars",0.0362836269035445,4
"803","marS;marsh",0.0362836269035445,4
"804","mart;mart",0.100560064099646,4
"805","mIr;mere",0.0672934259427797,4
"806","mYr;mire",0.0691808942579366,4
"807","mab;mob",0.0382913084436807,4
"808","mak;mock",0.0380345655103739,4
"809","mal;moll",0.0353418774796261,4
"810","mor;moor",0.0610787904635251,4
"811","map;mop",0.0788472218017738,4
"812","maro;morrow",0.0371892457383979,4
"813","nIr;near",0.0340275663171646,4
"814","nor;nor",0.0278448561405976,4
"815","or;oar",0.0742890673446771,4
"816","ad;odd",0.0446062402620579,4
"817","pa;pa",0.0349090817590391,4
"818","pEr;pair",0.0739596601585204,4
"819","pam;palm",0.0354052040889315,4
"820","par;par",2.44880197043076,4
"821","parx;para",0.0342225616404071,4
"822","parC;parch",0.0361647647209669,4
"823","pard;pard",0.0375035669441744,4
"824","park;park",0.03707295053485,4
"825","pars;parse",0.0368076215212143,4
"826","part;part",0.0990422326727511,4
"827","pIr;peer",0.0661058498937626,4
"828","pak;pock",0.0373580384849416,4
"829","pad;pod",0.0375451839008005,4
"830","por;poor",0.0598921069462262,4
"831","pap;pop",0.0781265864520668,4
"832","paS;posh",0.0360606982983843,4
"833","pat;pot",0.0714763517349895,4
"834","pYr;pyre",0.0680022202689355,4
"835","rEr;rare",0.042305320685248,4
"836","rIr;rear",0.0344091185078787,4
"837","ror;roar",0.0282236262318644,4
"838","rat;rot",0.0388423997787992,4
"839","skar;scar",0.104074302524563,4
"840","sIr;sear",0.0375922257605149,4
"841","SEr;share",0.0454323088025461,4
"842","SIr;shear",0.0375036626592951,4
"843","SYr;shire",0.0396240927541557,4
"844","Sap;shop",0.0446059907527427,4
"845","Sor;shore",0.0313123861523594,4
"846","Sat;shot",0.036996967227502,4
"847","sYr;sire",0.0365193381170714,4
"848","sor;soar",0.0312321957642921,4
"849","sap;sop",0.0481003524329349,4
"850","sat;sot",0.0369569068016111,4
"851","spar;spar",0.100454118658786,4
"852","stEr;stair",0.105044452830129,4
"853","star;star",2.09653466239298,4
"854","starC;starch",0.073421074996025,4
"855","stark;stark",0.0776005194404695,4
"856","start;start",0.129029846490207,4
"857","starv;starve",0.073421074996025,4
"858","stIr;steer",0.0991895897912008,4
"859","stak;stock",0.0699931235030736,4
"860","stap;stop",0.109385115947193,4
"861","stor;store",0.0939975901366746,4
"862","SUr;sure",0.102398030757259,4
"863","t@g;tag",0.107459532910238,4
"864","t@p;tap",0.0463468755132188,4
"865","tep;tape",0.0412412995842253,4
"866","tar;tar",41.9981871216328,4
"867","tEr;tare",2.25506911227516,4
"868","tarn;tarn",2.13240707543237,4
"869","tart;tart",2.24104618568439,4
"870","tartN;tartan",0.0616567751571856,4
"871","tartX;tartar",0.0616567751571856,4
"872","t@t;tat",0.0401549088251613,4
"873","tct;taught",0.0349015883865335,4
"874","top;taupe",0.0668715079410789,4
"875","tIt;teat",0.0658685015271062,4
"876","tEl;tell",0.0372321556631757,4
"877","tEn;ten",0.0372187689250149,4
"878","tErX;terror",0.0347355788277846,4
"879","tY;thai",0.0356238583641886,4
"880","DEr;their",0.0417770880898623,4
"881","tYm;thyme",0.0356238583641886,4
"882","tIk;tic",0.0360525921292701,4
"883","tYd;tide",0.0381682960802897,4
"884","tIr;tier",2.25640087304227,4
"885","tIf;tiff",0.0309645465072585,4
"886","tYt;tight",0.0700652906472574,4
"887","tYl;tile",0.0373270877388892,4
"888","tIl;till",0.0331726805018446,4
"889","tIn;tin",0.0331589944744956,4
"890","tYn;tine",0.0373133081836689,4
"891","tIp;tip",0.0722502796943816,4
"892","tYr;tire",2.25767889831136,4
"893","tYrd;tired",0.031243032902035,4
"894","tYD;tithe",0.0351432327725346,4
"895","tod;toad",0.0259905674488357,4
"896","to;toe",0.0260239824129096,4
"897","tag;tog",2.15903874971239,4
"898","tagz;togs",0.0977214106492437,4
"899","tol;toll",0.0277046308555839,4
"900","tom;tome",0.0260239824129096,4
"901","ton;tone",0.0308796577051495,4
"902","tUk;took",0.099840153928577,4
"903","tut;toot",0.0349015883865335,4
"904","tap;top",2.2100000765405,4
"905","tapL;topple",0.0408449967988193,4
"906","taps;tops",0.0408449967988193,4
"907","tok;toque",0.0312241704581485,4
"908","tor;tor",2.26753045226351,4
"909","torx;torah",0.0289774274480428,4
"910","torC;torch",0.0289774274480428,4
"911","torn;torn",0.156649308433175,4
"912","tork;torque",0.0294144337294595,4
"913","tort;tort",0.0854453151408892,4
"914","tori;tory",0.0289774274480428,4
"915","tat;tot",2.26194837108924,4
"916","tot;tote",0.0620844235450431,4
"917","tUr;tour",2.18123757358188,4
"918","tWt;tout",0.0349015883865335,4
"919","trat;trot",0.0311646480016754,4
"920","t^g;tug",0.101890083246488,4
"921","tYk;tyke",0.0402169299930328,4
"922","tYp;type",0.0765800514133709,4
"923","vIr;veer",0.0337812813976546,4
"924","wor;war",0.0284119550632446,4
"925","wEr;ware",0.0424934950448313,4
"926","wat;watt",0.0363180999548274,4
"927","hor;whore",0.0286128970909143,4
"928","wYr;wire",0.0366488405830015,4
"929","yat;yacht",0.0363180999548274,4
"930","yarn;yarn",0.138452722513542,4
"931","yIr;year",0.0340275663171646,4
"932","yor;yore",0.0278448561405976,4
"933","xfar;afar",0.0726769007237008,5
"934","Er;air",0.129499967794979,5
"935","xJar;ajar",0.0796483941376994,5
"936","ark;arc",0.0724198249403089,5
"937","arC;arch",0.0711700604427376,5
"938","ar;are",2.593459816695,5
"939","arm;arm",0.0751877738492148,5
"940","art;art",0.160835969154265,5
"941","xtap;atop",0.0583232687177663,5
"942","xtYr;attire",0.0419660662774767,5
"943","bat;baht",0.109156189440288,5
"944","bam;balm",0.0576372981079897,5
"945","bar;bar",2.60881788329319,5
"946","barb;barb",0.0619868087319268,5
"947","bard;bard",0.0661738133861741,5
"948","bEr;bare",0.112219138015278,5
"949","barJ;barge",0.0647631100431873,5
"950","bark;bark",0.0668686155865569,5
"951","barn;barn",0.257644493763616,5
"952","bIr;beer",0.101083010626823,5
"953","bor;boar",0.0919641372767219,5
"954","bab;bob",0.0645667817053424,5
"955","bak;bock",0.0622981750200983,5
"956","baro;borrow",0.0620907735530939,5
"957","baS;bosh",0.0590418109314183,5
"958","baC;botch",0.0546352906919859,5
"959","kam;calm",0.0628563697748014,5
"960","kar;car",2.61896203372125,5
"961","kard;card",0.0623674681001467,5
"962","kEr;care",0.111132952937681,5
"963","karp;carp",0.0568899822254871,5
"964","kart;cart",0.149636060378936,5
"965","karv;carve",0.0548336919995841,5
"966","CEr;chair",0.124796347166751,5
"967","Car;char",2.59258422969214,5
"968","Card;chard",0.0731658629101266,5
"969","CarJ;charge",0.0714065190624755,5
"970","Carm;charm",0.0751974955672512,5
"971","Cart;chart",0.160845752224049,5
"972","CIr;cheer",0.113711958934343,5
"973","Cak;chock",0.0710070098677305,5
"974","Can;chon",0.0664841641752525,5
"975","Cap;chop",0.130674642920196,5
"976","Cor;chore",0.104577631466667,5
"977","kab;cob",0.0675868640091485,5
"978","kak;cock",0.0658015599876365,5
"979","kad;cod",0.0677533654017479,5
"980","kag;cog",0.196246757368124,5
"981","kan;con",0.0636428361651999,5
"982","kap;cop",0.127551880131891,5
"983","kor;core",0.0909388581485592,5
"984","kat;cot",0.116844668116712,5
"985","zar;czar",2.50431579291057,5
"986","dEr;dare",0.0642362794812153,5
"987","darn;darn",0.198978670970276,5
"988","dart;dart",0.106013605789787,5
"989","dIr;dear",0.0529441136889331,5
"990","dYr;dire",0.054780507168733,5
"991","dat;dot",0.0565471578983752,5
"992","Ir;ear",0.118310666357927,5
"993","fEr;fair",0.130073813815266,5
"994","far;far",2.59467588430007,5
"995","fars;farce",0.0694736761503647,5
"996","farm;farm",0.0743041421713915,5
"997","fIr;fear",0.118944968245232,5
"998","fYr;fire",0.120230334163761,5
"999","fab;fob",0.0722367605712032,5
"1000","fap;fop",0.130492420160858,5
"1001","for;for",0.109808026021574,5
"1002","gIr;gear",0.051629562605426,5
"1003","gor;gore",0.0425809590178206,5
"1004","gat;got",0.0540524937630465,5
"1005","hEr;hair",0.0646544160059021,5
"1006","hart;hart",0.0943524560304217,5
"1007","hIr;hear",0.053322140913815,5
"1008","hYr;hire",0.0552465433406182,5
"1009","hap;hop",0.0660597774254082,5
"1010","hat;hot",0.0581327879663072,5
"1011","Wr;hour",0.0659562881104466,5
"1012","Yr;ire",0.119755830424807,5
"1013","Jar;jar",2.58608614222887,5
"1014","JIr;jeer",0.121798408970802,5
"1015","Jab;job",0.0932135403350215,5
"1016","Jag;jog",0.218468188165298,5
"1017","JaS;josh",0.0891712002929558,5
"1018","Jas;joss",0.0853460214077239,5
"1019","Jat;jot",0.140745139329309,5
"1020","nat;knot",0.0540524937630465,5
"1021","lEr;lair",0.0702582061575513,5
"1022","lIr;leer",0.0589010129193664,5
"1023","lap;lop",0.0660889616393954,5
"1024","lor;lore",0.0498326689689231,5
"1025","lat;lot",0.055513244499229,5
"1026","lUr;lure",0.141603795137455,5
"1027","lYr;lyre",0.0608687426649903,5
"1028","ma;ma",0.0518876701288205,5
"1029","mar;mar",2.60957411971854,5
"1030","marC;march",0.058145767359047,5
"1031","mEr;mare",0.110079470352354,5
"1032","marJ;marge",0.0583754511323621,5
"1033","mark;mark",0.060253525928676,5
"1034","marl;marl",0.0559189327891036,5
"1035","marz;mars",0.0539052684095212,5
"1036","marS;marsh",0.0539052684095212,5
"1037","mart;mart",0.147254978008966,5
"1038","mIr;mere",0.0988773658824141,5
"1039","mYr;mire",0.100381670223852,5
"1040","mab;mob",0.0581948467436867,5
"1041","mak;mock",0.0576736897914215,5
"1042","mal;moll",0.0518097576978702,5
"1043","mor;moor",0.089762430730435,5
"1044","map;mop",0.115515016424162,5
"1045","maro;morrow",0.0558836272880541,5
"1046","nIr;near",0.051629562605426,5
"1047","nor;nor",0.0425809590178206,5
"1048","or;oar",0.10917758238146,5
"1049","ad;odd",0.0628254941483815,5
"1050","pa;pa",0.0518340503078957,5
"1051","pEr;pair",0.108452723647607,5
"1052","pam;palm",0.0529397927753851,5
"1053","par;par",2.62097140557092,5
"1054","parx;para",0.0503795080023327,5
"1055","parC;parch",0.0545518820415728,5
"1056","pard;pard",0.0575405190312352,5
"1057","park;park",0.0566017214146763,5
"1058","pars;parse",0.0557754368843351,5
"1059","part;part",0.144899074701595,5
"1060","pIr;peer",0.0972445366870893,5
"1061","pak;pock",0.0572098854535181,5
"1062","pad;pod",0.0574044571607945,5
"1063","por;poor",0.088131428734659,5
"1064","pap;pop",0.114951137518611,5
"1065","paS;posh",0.0543487408841044,5
"1066","pat;pot",0.106413281255537,5
"1067","pYr;pyre",0.0987670185800544,5
"1068","rEr;rare",0.0637587719197976,5
"1069","rIr;rear",0.0524655129934924,5
"1070","ror;roar",0.0434108994724701,5
"1071","rat;rot",0.0591893297580288,5
"1072","skar;scar",0.14528708155575,5
"1073","sIr;sear",0.0590608646122074,5
"1074","SEr;share",0.0702582061575513,5
"1075","SIr;shear",0.0589010129193664,5
"1076","SYr;shire",0.0608687426649903,5
"1077","Sap;shop",0.0660889616393954,5
"1078","Sor;shore",0.0498326689689231,5
"1079","Sat;shot",0.055513244499229,5
"1080","sYr;sire",0.0544586512767896,5
"1081","sor;soar",0.0496560547323591,5
"1082","sap;sop",0.0732768894350628,5
"1083","sat;sot",0.0554641623448903,5
"1084","spar;spar",0.140383099990259,5
"1085","stEr;stair",0.146314590462914,5
"1086","star;star",2.14847347405648,5
"1087","starC;starch",0.105615372757065,5
"1088","stark;stark",0.114192169518341,5
"1089","start;start",0.18062719535238,5
"1090","starv;starve",0.105615372757065,5
"1091","stIr;steer",0.139243350042082,5
"1092","stak;stock",0.0984161685911818,5
"1093","stap;stop",0.153151247541415,5
"1094","stor;store",0.132286274072588,5
"1095","SUr;sure",0.141603795137455,5
"1096","t@g;tag",0.15234913114611,5
"1097","t@p;tap",0.0694765147365862,5
"1098","tep;tape",0.0588012905005195,5
"1099","tar;tar",34.1875809435085,5
"1100","tEr;tare",2.34942925141284,5
"1101","tarn;tarn",2.18215607142603,5
"1102","tart;tart",2.33261546560521,5
"1103","tartN;tartan",0.0875060431512441,5
"1104","tartX;tartar",0.0875060431512441,5
"1105","t@t;tat",0.0618775007116134,5
"1106","tct;taught",0.0508728143395749,5
"1107","top;taupe",0.0965727374051213,5
"1108","tIt;teat",0.0958125557959298,5
"1109","tEl;tell",0.0527467812838316,5
"1110","tEn;ten",0.0527470139703765,5
"1111","tErX;terror",0.0473977596907073,5
"1112","tY;thai",0.0525156707159102,5
"1113","DEr;their",0.0625923897134417,5
"1114","tYm;thyme",0.0525156707159102,5
"1115","tIk;tic",0.0554193435215733,5
"1116","tYd;tide",0.0576932897718796,5
"1117","tIr;tier",2.34770552361212,5
"1118","tIf;tiff",0.0449352314837573,5
"1119","tYt;tight",0.102400082593144,5
"1120","tYl;tile",0.0561204799990425,5
"1121","tIl;till",0.0496118444683684,5
"1122","tIn;tin",0.0496113750523921,5
"1123","tYn;tine",0.0561197868113943,5
"1124","tIp;tip",0.103826589502228,5
"1125","tYr;tire",2.35226251540122,5
"1126","tYrd;tired",0.0430551560975108,5
"1127","tYD;tithe",0.0514843759613054,5
"1128","tod;toad",0.0385840679086559,5
"1129","to;toe",0.0386285654728,5
"1130","tag;tog",2.22802480868513,5
"1131","tagz;togs",0.132153097262205,5
"1132","tol;toll",0.0421837722522592,5
"1133","tom;tome",0.0386285654728,5
"1134","ton;tone",0.048628016779278,5
"1135","tUk;took",0.136394916203912,5
"1136","tut;toot",0.0508728143395749,5
"1137","tap;top",2.29218009780088,5
"1138","tapL;topple",0.0578081168955136,5
"1139","taps;tops",0.0578081168955136,5
"1140","tok;toque",0.0494380175902586,5
"1141","tor;tor",2.36736004628516,5
"1142","torx;torah",0.0446039398380563,5
"1143","torC;torch",0.0446039398380563,5
"1144","torn;torn",0.215386022973098,5
"1145","tork;torque",0.0455994495601566,5
"1146","tort;tort",0.121399032166169,5
"1147","tori;tory",0.0446039398380563,5
"1148","tat;tot",2.35436193687649,5
"1149","tot;tote",0.0918755060913694,5
"1150","tUr;tour",2.24192530727959,5
"1151","tWt;tout",0.0508728143395749,5
"1152","trat;trot",0.0428492199195903,5
"1153","t^g;tug",0.140861011985512,5
"1154","tYk;tyke",0.0619675915508137,5
"1155","tYp;type",0.110684692949808,5
"1156","vIr;veer",0.0510856053572058,5
"1157","wor;war",0.0438104349367635,5
"1158","wEr;ware",0.0641576645328057,5
"1159","wat;watt",0.0540524937630465,5
"1160","hor;whore",0.0442618556127803,5
"1161","wYr;wire",0.0547022697397348,5
"1162","yat;yacht",0.0540524937630465,5
"1163","yarn;yarn",0.192929594000877,5
"1164","yIr;year",0.051629562605426,5
"1165","yor;yore",0.0425809590178206,5
"1166","xfar;afar",0.0949360920405092,6
"1167","Er;air",0.171348703847464,6
"1168","xJar;ajar",0.10331248216039,6
"1169","ark;arc",0.0965119539669163,6
"1170","arC;arch",0.0942620251022564,6
"1171","ar;are",2.66556825716842,6
"1172","arm;arm",0.101037349943147,6
"1173","art;art",0.210405621110506,6
"1174","xtap;atop",0.0746149515215923,6
"1175","xtYr;attire",0.0516671800635292,6
"1176","bat;baht",0.145263730815981,6
"1177","bam;balm",0.0769789738496981,6
"1178","bar;bar",2.68677319457045,6
"1179","barb;barb",0.0844299720439706,6
"1180","bard;bard",0.0917066070826444,6
"1181","bEr;bare",0.147636084151172,6
"1182","barJ;barge",0.0891767718591325,6
"1183","bark;bark",0.092933247215597,6
"1184","barn;barn",0.331377239263185,6
"1185","bIr;beer",0.133329844101368,6
"1186","bor;boar",0.121279814926566,6
"1187","bab;bob",0.0890260067143316,6
"1188","bak;bock",0.0851521550812799,6
"1189","baro;borrow",0.0845780903760697,6
"1190","baS;bosh",0.0793894024301295,6
"1191","baC;botch",0.0717635567782462,6
"1192","kam;calm",0.0859546755975987,6
"1193","kar;car",2.70331149904311,6
"1194","kard;card",0.0851735484870373,6
"1195","kEr;care",0.145814292018051,6
"1196","karp;carp",0.0755487181494418,6
"1197","kart;cart",0.197045935547341,6
"1198","karv;carve",0.0720203575451831,6
"1199","CEr;chair",0.163359158697095,6
"1200","Car;char",2.66424186547054,6
"1201","Card;chard",0.0978148456200509,6
"1202","CarJ;charge",0.0947236669700902,6
"1203","Carm;charm",0.101064961753568,6
"1204","Cart;chart",0.21043357436887,6
"1205","CIr;cheer",0.149137665338954,6
"1206","Cak;chock",0.093934445775288,6
"1207","Can;chon",0.0860986593267096,6
"1208","Cap;chop",0.171187338617793,6
"1209","Cor;chore",0.137062304590139,6
"1210","kab;cob",0.0941988426834969,6
"1211","kak;cock",0.091122327893251,6
"1212","kad;cod",0.0941757899538367,6
"1213","kag;cog",0.24932437407866,6
"1214","kan;con",0.0871335267739079,6
"1215","kap;cop",0.171974146815635,6
"1216","kor;core",0.119559844656343,6
"1217","kat;cot",0.15849232500098,6
"1218","zar;czar",2.54412727264034,6
"1219","dEr;dare",0.0875183612122305,6
"1220","darn;darn",0.252864736525001,6
"1221","dart;dart",0.143571749164891,6
"1222","dIr;dear",0.0729597944129228,6
"1223","dYr;dire",0.0738466970440828,6
"1224","dat;dot",0.0770850245913275,6
"1225","Ir;ear",0.156956346551861,6
"1226","fEr;fair",0.17085396039406,6
"1227","far;far",2.66902576311821,6
"1228","fars;farce",0.089717463987621,6
"1229","farm;farm",0.0979174665087983,6
"1230","fIr;fear",0.156559666458416,6
"1231","fYr;fire",0.156547617064504,6
"1232","fab;fob",0.09465675000522,6
"1233","fap;fop",0.16944116550319,6
"1234","for;for",0.144479066995129,6
"1235","gIr;gear",0.0706767887119795,6
"1236","gor;gore",0.0587428209305874,6
"1237","gat;got",0.0727152189996072,6
"1238","hEr;hair",0.088273951323866,6
"1239","hart;hart",0.124263640058832,6
"1240","hIr;hear",0.0736468405757841,6
"1241","hYr;hire",0.0746821035274306,6
"1242","hap;hop",0.0884354810065525,6
"1243","hat;hot",0.0797049799442349,6
"1244","Wr;hour",0.085139847478816,6
"1245","Yr;ire",0.157199283851904,6
"1246","Jar;jar",2.65794356991006,6
"1247","JIr;jeer",0.157857336274603,6
"1248","Jab;job",0.126583474552298,6
"1249","Jag;jog",0.276240711900557,6
"1250","JaS;josh",0.119555560962397,6
"1251","Jas;joss",0.112945530506992,6
"1252","Jat;jot",0.187961012607241,6
"1253","nat;knot",0.0727152189996072,6
"1254","lEr;lair",0.0975368630877521,6
"1255","lIr;leer",0.0828743496790197,6
"1256","lap;lop",0.0884717614372067,6
"1257","lor;lore",0.0709044415881983,6
"1258","lat;lot",0.0752376007103473,6
"1259","lUr;lure",0.176760784215755,6
"1260","lYr;lyre",0.0839605424310178,6
"1261","ma;ma",0.0687035334914741,6
"1262","mar;mar",2.68643949399384,6
"1263","marC;march",0.0796412922782282,6
"1264","mEr;mare",0.145649431705107,6
"1265","marJ;marge",0.0800836082754456,6
"1266","mark;mark",0.0834420750411276,6
"1267","marl;marl",0.0757709565427172,6
"1268","marz;mars",0.0723280443564199,6
"1269","marS;marsh",0.0723280443564199,6
"1270","mart;mart",0.194842471118317,6
"1271","mIr;mere",0.131234451950924,6
"1272","mYr;mire",0.131582417934331,6
"1273","mab;mob",0.0796694869589598,6
"1274","mak;mock",0.0788284951636013,6
"1275","mal;moll",0.0685905923209171,6
"1276","mor;moor",0.119190130005797,6
"1277","map;mop",0.152920913998809,6
"1278","maro;morrow",0.0757905268868222,6
"1279","nIr;near",0.0706767887119795,6
"1280","nor;nor",0.0587428209305874,6
"1281","or;oar",0.144880905790939,6
"1282","ad;odd",0.0799399408507041,6
"1283","pa;pa",0.069501491810767,6
"1284","pEr;pair",0.143652138007913,6
"1285","pam;palm",0.0714739680469047,6
"1286","par;par",2.70464637586421,6
"1287","parx;para",0.0670284219584851,6
"1288","parC;parch",0.0742170917675211,6
"1289","pard;pard",0.0795539955924761,6
"1290","park;park",0.0779177088836826,6
"1291","pars;parse",0.0760624764965414,6
"1292","part;part",0.191564638940039,6
"1293","pIr;peer",0.129227243842978,6
"1294","pak;pock",0.07895859078214,6
"1295","pad;pod",0.0789470464313979,6
"1296","por;poor",0.117185902188923,6
"1297","pap;pop",0.152869840159933,6
"1298","paS;posh",0.073895550580797,6
"1299","pat;pot",0.143111741143316,6
"1300","pYr;pyre",0.129604783263233,6
"1301","rEr;rare",0.0867066209802165,6
"1302","rIr;rear",0.0721453177887695,6
"1303","ror;roar",0.060200973825965,6
"1304","rat;rot",0.081092597206441,6
"1305","skar;scar",0.183221113425903,6
"1306","sIr;sear",0.0831040045215783,6
"1307","SEr;share",0.0975368630877521,6
"1308","SIr;shear",0.0828743496790197,6
"1309","SYr;shire",0.0839605424310178,6
"1310","Sap;shop",0.0884717614372067,6
"1311","Sor;shore",0.0709044415881983,6
"1312","Sat;shot",0.0752376007103473,6
"1313","sYr;sire",0.0733476206010894,6
"1314","sor;soar",0.0705971966385243,6
"1315","sap;sop",0.100336971298823,6
"1316","sat;sot",0.0752095172634505,6
"1317","spar;spar",0.177214779667761,6
"1318","stEr;stair",0.184150568146696,6
"1319","star;star",2.13291762161601,6
"1320","starC;starch",0.137373732672609,6
"1321","stark;stark",0.151509329844828,6
"1322","start;start",0.228761949652693,6
"1323","starv;starve",0.137373732672609,6
"1324","stIr;steer",0.176591432976747,6
"1325","stak;stock",0.12523456278961,6
"1326","stap;stop",0.193884887771623,6
"1327","stor;store",0.168197069587286,6
"1328","SUr;sure",0.176760784215755,6
"1329","t@g;tag",0.195026125182125,6
"1330","t@p;tap",0.0937107626773551,6
"1331","tep;tape",0.0758110628179945,6
"1332","tar;tar",27.965941286212,6
"1333","tEr;tare",2.3609519330247,6
"1334","tarn;tarn",2.15484473490696,6
"1335","tart;tart",2.34366921502506,6
"1336","tartN;tartan",0.112078516916194,6
"1337","tartX;tartar",0.112078516916194,6
"1338","t@t;tat",0.0854779879641817,6
"1339","tct;taught",0.0669932856212958,6
"1340","top;taupe",0.126170642070262,6
"1341","tIt;teat",0.125937719647375,6
"1342","tEl;tell",0.0675419296066449,6
"1343","tEn;ten",0.0675855737328329,6
"1344","tErX;terror",0.0583480273300687,6
"1345","tY;thai",0.0699733309809023,6
"1346","DEr;their",0.0846417109829248,6
"1347","tYm;thyme",0.0699733309809023,6
"1348","tIk;tic",0.0762676503323992,6
"1349","tYd;tide",0.0784212975100451,6
"1350","tIr;tier",2.35488515522644,6
"1351","tIf;tiff",0.0589375546572871,6
"1352","tYt;tight",0.135261302396883,6
"1353","tYl;tile",0.0760930722836443,6
"1354","tIl;till",0.0668863909237886,6
"1355","tIn;tin",0.0669295128458155,6
"1356","tYn;tine",0.0761360174316563,6
"1357","tIp;tip",0.134895051813587,6
"1358","tYr;tire",2.36374465669642,6
"1359","tYrd;tired",0.0535874208244997,6
"1360","tYD;tithe",0.0681960987818899,6
"1361","tod;toad",0.0518206384523643,6
"1362","to;toe",0.0518565921782958,6
"1363","tag;tog",2.22253748005538,6
"1364","tagz;togs",0.161423098026892,6
"1365","tol;toll",0.0578895770935944,6
"1366","tom;tome",0.0518565921782958,6
"1367","ton;tone",0.0683861213433976,6
"1368","tUk;took",0.168252366764617,6
"1369","tut;toot",0.0669932856212958,6
"1370","tap;top",2.29659468799428,6
"1371","tapL;topple",0.0738575918516849,6
"1372","taps;tops",0.0738575918516849,6
"1373","tok;toque",0.0698752074500287,6
"1374","tor;tor",2.38506469388824,6
"1375","torx;torah",0.0615312159112747,6
"1376","torC;torch",0.0615312159112747,6
"1377","torn;torn",0.267808032500105,6
"1378","tork;torque",0.06333554722739,6
"1379","tort;tort",0.155890633870429,6
"1380","tori;tory",0.0615312159112747,6
"1381","tat;tot",2.36227725859841,6
"1382","tot;tote",0.122748875107532,6
"1383","tUr;tour",2.21954327353094,6
"1384","tWt;tout",0.0669932856212958,6
"1385","trat;trot",0.0531790434366241,6
"1386","t^g;tug",0.176006886362843,6
"1387","tYk;tyke",0.0855692290417469,6
"1388","tYp;type",0.14466011185531,6
"1389","vIr;veer",0.0697133251392476,6
"1390","wor;war",0.0608805850099618,6
"1391","wEr;ware",0.087384624133733,6
"1392","wat;watt",0.0727152189996072,6
"1393","hor;whore",0.0616927230073209,6
"1394","wYr;wire",0.073713904521704,6
"1395","yat;yacht",0.0727152189996072,6
"1396","yarn;yarn",0.242756577658164,6
"1397","yIr;year",0.0706767887119795,6
"1398","yor;yore",0.0587428209305874,6
"1399","xfar;afar",0.115935963660871,7
"1400","Er;air",0.212255447235064,7
"1401","xJar;ajar",0.125367889556239,7
"1402","ark;arc",0.1204114326952,7
"1403","arC;arch",0.1168674392662,7
"1404","ar;are",2.67372597574341,7
"1405","arm;arm",0.126878307221688,7
"1406","art;art",0.257873338019678,7
"1407","xtap;atop",0.089319687089989,7
"1408","xtYr;attire",0.0595163952561804,7
"1409","bat;baht",0.181167707531467,7
"1410","bam;balm",0.0962767262113722,7
"1411","bar;bar",2.70141087702603,7
"1412","barb;barb",0.107458873284938,7
"1413","bard;bard",0.118551015460933,7
"1414","bEr;bare",0.181984940018427,7
"1415","barJ;barge",0.114579651819776,7
"1416","bark;bark",0.120451219554827,7
"1417","barn;barn",0.399101545158385,7
"1418","bIr;beer",0.164801158323632,7
"1419","bor;boar",0.149922995471776,7
"1420","bab;bob",0.114633658040596,7
"1421","bak;bock",0.108837878761781,7
"1422","baro;borrow",0.107638715261556,7
"1423","baS;bosh",0.0998954009648064,7
"1424","baC;botch",0.088329344428184,7
"1425","kam;calm",0.109816900377571,7
"1426","kar;car",2.72505142734464,7
"1427","kard;card",0.108709501622629,7
"1428","kEr;care",0.179298056619889,7
"1429","karp;carp",0.0938918497136439,7
"1430","kart;cart",0.243059065861449,7
"1431","karv;carve",0.0885792682254483,7
"1432","CEr;chair",0.200357506584144,7
"1433","Car;char",2.67198949503438,7
"1434","Card;chard",0.122407223550029,7
"1435","CarJ;charge",0.117644283175375,7
"1436","Carm;charm",0.126938636037599,7
"1437","Cart;chart",0.257934764299181,7
"1438","CIr;cheer",0.183295320513126,7
"1439","Cak;chock",0.116309735995015,7
"1440","Can;chon",0.104396842889985,7
"1441","Cap;chop",0.210074545197352,7
"1442","Cor;chore",0.168380785886525,7
"1443","kab;cob",0.122405840911967,7
"1444","kak;cock",0.117763234239524,7
"1445","kad;cod",0.12192542256801,7
"1446","kag;cog",0.297188509215486,7
"1447","kan;con",0.111334922454645,7
"1448","kap;cop",0.216983458259365,7
"1449","kor;core",0.14738551047349,7
"1450","kat;cot",0.201132419259986,7
"1451","zar;czar",2.51956134108987,7
"1452","dEr;dare",0.111532748686536,7
"1453","darn;darn",0.300858140859179,7
"1454","dart;dart",0.181386274249422,7
"1455","dIr;dear",0.0939918756172975,7
"1456","dYr;dire",0.09318447040243,7
"1457","dat;dot",0.0983820825900927,7
"1458","Ir;ear",0.194949167788477,7
"1459","fEr;fair",0.210226125543777,7
"1460","far;far",2.68003768051278,7
"1461","fars;farce",0.108498899942148,7
"1462","farm;farm",0.120707723008528,7
"1463","fIr;fear",0.193059373197516,7
"1464","fYr;fire",0.190967667084813,7
"1465","fab;fob",0.116234024803914,7
"1466","fap;fop",0.20622762187519,7
"1467","for;for",0.178135924039476,7
"1468","gIr;gear",0.0905145054518401,7
"1469","gor;gore",0.0758042653771113,7
"1470","gat;got",0.091684766286974,7
"1471","hEr;hair",0.112728728025534,7
"1472","hart;hart",0.153348954373048,7
"1473","hIr;hear",0.0950851537761029,7
"1474","hYr;hire",0.0944970236476583,7
"1475","hap;hop",0.110920358558147,7
"1476","hat;hot",0.102194352257827,7
"1477","Wr;hour",0.102876846262713,7
"1478","Yr;ire",0.193213922057772,7
"1479","Jar;jar",2.66662925375028,7
"1480","JIr;jeer",0.191823473364171,7
"1481","Jab;job",0.16041019082238,7
"1482","Jag;jog",0.327491986093888,7
"1483","JaS;josh",0.149697517865629,7
"1484","Jas;joss",0.139680687044386,7
"1485","Jat;jot",0.234805199925378,7
"1486","nat;knot",0.091684766286974,7
"1487","lEr;lair",0.126148797056518,7
"1488","lIr;leer",0.108461730146175,7
"1489","lap;lop",0.110955513054226,7
"1490","lor;lore",0.093694796750829,7
"1491","lat;lot",0.0955077277176904,7
"1492","lUr;lure",0.206570738531677,7
"1493","lYr;lyre",0.107919004324882,7
"1494","ma;ma",0.0851832237828821,7
"1495","mar;mar",2.69949778202482,7
"1496","marC;march",0.101950156018774,7
"1497","mEr;mare",0.180500902692652,7
"1498","marJ;marge",0.102684542561155,7
"1499","mark;mark",0.107946485450689,7
"1500","marl;marl",0.0960517725214148,7
"1501","marz;mars",0.0908866876203851,7
"1502","marS;marsh",0.0908866876203851,7
"1503","mart;mart",0.241558951987142,7
"1504","mIr;mere",0.163159886092266,7
"1505","mYr;mire",0.161587098646899,7
"1506","mab;mob",0.101894960481379,7
"1507","mak;mock",0.100716649243044,7
"1508","mal;moll",0.0850428972911352,7
"1509","mor;moor",0.148288852650303,7
"1510","map;mop",0.189684910828869,7
"1511","maro;morrow",0.0961971576906869,7
"1512","nIr;near",0.0905145054518401,7
"1513","nor;nor",0.0758042653771113,7
"1514","or;oar",0.180031453502019,7
"1515","ad;odd",0.0953017939326127,7
"1516","pa;pa",0.0872629688501775,7
"1517","pEr;pair",0.178227347831777,7
"1518","pam;palm",0.0903436268084598,7
"1519","par;par",2.72536668352054,7
"1520","parx;para",0.0835718678628237,7
"1521","parC;parch",0.0944365504967871,7
"1522","pard;pard",0.102776441707615,7
"1523","park;park",0.100282051064345,7
"1524","pars;parse",0.0968413428768727,7
"1525","part;part",0.237311183688455,7
"1526","pIr;peer",0.160872247933797,7
"1527","pak;pock",0.101845782881637,7
"1528","pad;pod",0.101320587522241,7
"1529","por;poor",0.14600545074564,7
"1530","pap;pop",0.190527692161465,7
"1531","paS;posh",0.0939841202632891,7
"1532","pat;pot",0.180284573800568,7
"1533","pYr;pyre",0.159341390550265,7
"1534","rEr;rare",0.110323051240785,7
"1535","rIr;rear",0.092776842428333,7
"1536","ror;roar",0.078050939502858,7
"1537","rat;rot",0.103662127409536,7
"1538","skar;scar",0.216467432237532,7
"1539","sIr;sear",0.108748689743801,7
"1540","SEr;share",0.126148797056518,7
"1541","SIr;shear",0.108461730146175,7
"1542","SYr;shire",0.107919004324882,7
"1543","Sap;shop",0.110955513054226,7
"1544","Sor;shore",0.093694796750829,7
"1545","Sat;shot",0.0955077277176904,7
"1546","sYr;sire",0.092505718268558,7
"1547","sor;soar",0.0932318150884437,7
"1548","sap;sop",0.1281478286681,7
"1549","sat;sot",0.0955405087464569,7
"1550","spar;spar",0.209569609255196,7
"1551","stEr;stair",0.217190638455762,7
"1552","star;star",2.07807422901507,7
"1553","starC;starch",0.167527150978552,7
"1554","stark;stark",0.187992913008805,7
"1555","start;start",0.271836921996215,7
"1556","starv;starve",0.167527150978552,7
"1557","stIr;steer",0.209828811921796,7
"1558","stak;stock",0.14955204596328,7
"1559","stap;stop",0.230163642179951,7
"1560","stor;store",0.200370956219326,7
"1561","SUr;sure",0.206570738531677,7
"1562","t@g;tag",0.233761986989227,7
"1563","t@p;tap",0.117984497252496,7
"1564","tep;tape",0.0916589281117429,7
"1565","tar;tar",22.9940464017739,7
"1566","tEr;tare",2.31794861932335,7
"1567","tarn;tarn",2.07990233770669,7
"1568","tart;tart",2.30262508574827,7
"1569","tartN;tartan",0.134351654010647,7
"1570","tartX;tartar",0.134351654010647,7
"1571","t@t;tat",0.10988742274302,7
"1572","tct;taught",0.0826563212161491,7
"1573","top;taupe",0.154635867993291,7
"1574","tIt;teat",0.155114792095574,7
"1575","tEl;tell",0.0810741033230226,7
"1576","tEn;ten",0.0811961778000449,7
"1577","tErX;terror",0.0672084386729654,7
"1578","tY;thai",0.0873751065785828,7
"1579","DEr;their",0.107117464598494,7
"1580","tYm;thyme",0.0873751065785828,7
"1581","tIk;tic",0.0975864790803407,7
"1582","tYd;tide",0.0994650477593678,7
"1583","tIr;tier",2.30693274573624,7
"1584","tIf;tiff",0.0724492951126343,7
"1585","tYt;tight",0.167446835649997,7
"1586","tYl;tile",0.0964903588462818,7
"1587","tIl;till",0.0843090178593255,7
"1588","tIn;tin",0.084432249573246,7
"1589","tYn;tine",0.0966139341659246,7
"1590","tIp;tip",0.164317123751581,7
"1591","tYr;tire",2.32061101263735,7
"1592","tYrd;tired",0.0624784296378667,7
"1593","tYD;tithe",0.0846849498620979,7
"1594","tod;toad",0.0652697903605917,7
"1595","to;toe",0.0652713792163576,7
"1596","tag;tog",2.17024878454688,7
"1597","tagz;togs",0.184701915422898,7
"1598","tol;toll",0.0742543907771243,7
"1599","tom;tome",0.0652713792163576,7
"1600","ton;tone",0.0892630158481993,7
"1601","tUk;took",0.194376052532217,7
"1602","tut;toot",0.0826563212161491,7
"1603","tap;top",2.25190060359007,7
"1604","tapL;topple",0.0883441630283667,7
"1605","taps;tops",0.0883441630283667,7
"1606","tok;toque",0.0916177826316516,7
"1607","tor;tor",2.34919015493963,7
"1608","torx;torah",0.0789794669231647,7
"1609","torC;torch",0.0789794669231647,7
"1610","torn;torn",0.312324686431391,7
"1611","tork;torque",0.0818289722336268,7
"1612","tort;tort",0.18763612569902,7
"1613","tori;tory",0.0789794669231647,7
"1614","tat;tot",2.3149003197026,7
"1615","tot;tote",0.153542438218281,7
"1616","tUr;tour",2.14369431700834,7
"1617","tWt;tout",0.0826563212161491,7
"1618","trat;trot",0.0617958329063985,7
"1619","t^g;tug",0.206120252350765,7
"1620","tYk;tyke",0.109944810917559,7
"1621","tYp;type",0.177281003499712,7
"1622","vIr;veer",0.0890177834687178,7
"1623","wor;war",0.0790646929316819,7
"1624","wEr;ware",0.111333670637142,7
"1625","wat;watt",0.091684766286974,7
"1626","hor;whore",0.0803445252318432,7
"1627","wYr;wire",0.0929872309883818,7
"1628","yat;yacht",0.091684766286974,7
"1629","yarn;yarn",0.286040595433306,7
"1630","yIr;year",0.0905145054518401,7
"1631","yor;yore",0.0758042653771113,7
"1632","xfar;afar",0.135063756334463,8
"1633","Er;air",0.251168758840291,8
"1634","xJar;ajar",0.145220773682957,8
"1635","ark;arc",0.143500867976657,8
"1636","arC;arch",0.138396561952585,8
"1637","ar;are",2.63734217380222,8
"1638","arm;arm",0.151938317854011,8
"1639","art;art",0.302119166483265,8
"1640","xtap;atop",0.102108967774333,8
"1641","xtYr;attire",0.0654639701483086,8
"1642","bat;baht",0.216055372188738,8
"1643","bam;balm",0.115053604867825,8
"1644","bar;bar",2.67211630932712,8
"1645","barb;barb",0.130415402051703,8
"1646","bard;bard",0.145911269595677,8
"1647","bEr;bare",0.214460933458206,8
"1648","barJ;barge",0.140208705735564,8
"1649","bark;bark",0.148610206154441,8
"1650","barn;barn",0.459288979514537,8
"1651","bIr;beer",0.194777653256147,8
"1652","bor;boar",0.177261343850285,8
"1653","bab;bob",0.140671667726356,8
"1654","bak;bock",0.132733243357098,8
"1655","baro;borrow",0.130607603578146,8
"1656","baS;bosh",0.120019711587755,8
"1657","baC;botch",0.103954331956769,8
"1658","kam;calm",0.13377426473221,8
"1659","kar;car",2.70307576567572,8
"1660","kard;card",0.132316155977039,8
"1661","kEr;care",0.210819673317312,8
"1662","karp;carp",0.111430854362309,8
"1663","kart;cart",0.286555816045284,8
"1664","karv;carve",0.104096572435033,8
"1665","CEr;chair",0.234936520923744,8
"1666","Car;char",2.63529823201366,8
"1667","Card;chard",0.146302204396896,8
"1668","CarJ;charge",0.13957817399737,8
"1669","Carm;charm",0.152050325436173,8
"1670","Cart;chart",0.302233840274471,8
"1671","CIr;cheer",0.215412929660816,8
"1672","Cak;chock",0.13754843236451,8
"1673","Can;chon",0.120942166644856,8
"1674","Cap;chop",0.246413980488553,8
"1675","Cor;chore",0.197848821017586,8
"1676","kab;cob",0.151374822695942,8
"1677","kak;cock",0.14496416348872,8
"1678","kad;cod",0.150123642540507,8
"1679","kag;cog",0.339122698821269,8
"1680","kan;con",0.135516198851455,8
"1681","kap;cop",0.261409518180269,8
"1682","kor;core",0.173821095279224,8
"1683","kat;cot",0.243670885271601,8
"1684","zar;czar",2.45114507629427,8
"1685","dEr;dare",0.135650577313319,8
"1686","darn;darn",0.34198569295996,8
"1687","dart;dart",0.21823231484271,8
"1688","dIr;dear",0.115505190977887,8
"1689","dYr;dire",0.11229971528998,8
"1690","dat;dot",0.119934103484337,8
"1691","Ir;ear",0.231325510422441,8
"1692","fEr;fair",0.247247455564657,8
"1693","far;far",2.64690848184448,8
"1694","fars;farce",0.125379598065055,8
"1695","farm;farm",0.142038199628418,8
"1696","fIr;fear",0.227586193703742,8
"1697","fYr;fire",0.222701752316867,8
"1698","fab;fob",0.136468358457126,8
"1699","fap;fop",0.240071572399851,8
"1700","for;for",0.210008508588789,8
"1701","gIr;gear",0.110651547304172,8
"1702","gor;gore",0.0933576302233256,8
"1703","gat;got",0.110547423073083,8
"1704","hEr;hair",0.137383220888404,8
"1705","hart;hart",0.180922302435778,8
"1706","hIr;hear",0.117096868804342,8
"1707","hYr;hire",0.114188288218104,8
"1708","hap;hop",0.132981713159674,8
"1709","hat;hot",0.12503957585256,8
"1710","Wr;hour",0.118743264891594,8
"1711","Yr;ire",0.226897294075045,8
"1712","Jar;jar",2.63138247155662,8
"1713","JIr;jeer",0.2230141172201,8
"1714","Jab;job",0.193617010947547,8
"1715","Jag;jog",0.371427048356353,8
"1716","JaS;josh",0.178657246955114,8
"1717","Jas;joss",0.164747705725391,8
"1718","Jat;jot",0.280000668564142,8
"1719","nat;knot",0.110547423073083,8
"1720","lEr;lair",0.155190767568375,8
"1721","lIr;leer",0.134856252655867,8
"1722","lap;lop",0.133005140632962,8
"1723","lor;lore",0.117481219019675,8
"1724","lat;lot",0.1158612484847,8
"1725","lUr;lure",0.230647910223395,8
"1726","lYr;lyre",0.13197243076095,8
"1727","ma;ma",0.10091673392505,8
"1728","mar;mar",2.66826163326032,8
"1729","marC;march",0.12447210523909,8
"1730","mEr;mare",0.213781778501356,8
"1731","marJ;marge",0.125574399072194,8
"1732","mark;mark",0.133121893788538,8
"1733","marl;marl",0.116236185899513,8
"1734","marz;mars",0.109131671378951,8
"1735","marS;marsh",0.109131671378951,8
"1736","mart;mart",0.286299511403319,8
"1737","mIr;mere",0.193890058769437,8
"1738","mYr;mire",0.189690683088843,8
"1739","mab;mob",0.124243141477386,8
"1740","mak;mock",0.122748272093109,8
"1741","mal;moll",0.100762059893932,8
"1742","mor;moor",0.17638173361503,8
"1743","map;mop",0.22494278533362,8
"1744","maro;morrow",0.11658989187497,8
"1745","nIr;near",0.110651547304172,8
"1746","nor;nor",0.0933576302233256,8
"1747","or;oar",0.213753170071836,8
"1748","ad;odd",0.108629156716602,8
"1749","pa;pa",0.104678277677537,8
"1750","pEr;pair",0.211334027545342,8
"1751","pam;palm",0.109080557484192,8
"1752","par;par",2.70219879127668,8
"1753","parx;para",0.099624534545275,8
"1754","parC;parch",0.114675680248036,8
"1755","pard;pard",0.126594359261257,8
"1756","park;park",0.123118657859036,8
"1757","pars;parse",0.11749220797065,8
"1758","part;part",0.281059780664943,8
"1759","pIr;peer",0.191424091794157,8
"1760","pak;pock",0.125273933030394,8
"1761","pad;pod",0.123865901921101,8
"1762","por;poor",0.173921249620726,8
"1763","pap;pop",0.227055401532119,8
"1764","paS;posh",0.114083253193806,8
"1765","pat;pot",0.217059345910523,8
"1766","pYr;pyre",0.187278849191345,8
"1767","rEr;rare",0.133999308906184,8
"1768","rIr;rear",0.113844991186121,8
"1769","ror;roar",0.0965294715041877,8
"1770","rat;rot",0.126236515938507,8
"1771","skar;scar",0.244488585451829,8
"1772","sIr;sear",0.135181611656017,8
"1773","SEr;share",0.155190767568375,8
"1774","SIr;shear",0.134856252655867,8
"1775","SYr;shire",0.13197243076095,8
"1776","Sap;shop",0.133005140632962,8
"1777","Sor;shore",0.117481219019675,8
"1778","Sat;shot",0.1158612484847,8
"1779","sYr;sire",0.111453353020157,8
"1780","sor;soar",0.116848467742045,8
"1781","sap;sop",0.155855125631489,8
"1782","sat;sot",0.115997886487483,8
"1783","spar;spar",0.236909321396322,8
"1784","stEr;stair",0.244951146924476,8
"1785","star;star",2.00239242989388,8
"1786","starC;starch",0.195425842215554,8
"1787","stark;stark",0.222625229265884,8
"1788","start;start",0.309271183780882,8
"1789","starv;starve",0.195425842215554,8
"1790","stIr;steer",0.238369358095098,8
"1791","stak;stock",0.171002469461759,8
"1792","stap;stop",0.261444222270478,8
"1793","stor;store",0.228216463802283,8
"1794","SUr;sure",0.230647910223395,8
"1795","t@g;tag",0.267690762803539,8
"1796","t@p;tap",0.141529852604929,8
"1797","tep;tape",0.106043983726559,8
"1798","tar;tar",19.0077122471429,8
"1799","tEr;tare",2.24061553976964,8
"1800","tarn;tarn",1.97754629872358,8
"1801","tart;tart",2.22951703621186,8
"1802","tartN;tartan",0.1538111326917,8
"1803","tartX;tartar",0.1538111326917,8
"1804","t@t;tat",0.134259523588858,8
"1805","tct;taught",0.0974958909321328,8
"1806","top;taupe",0.181399366076744,8
"1807","tIt;teat",0.182668731340418,8
"1808","tEl;tell",0.0930949909310143,8
"1809","tEn;ten",0.0933302027032355,8
"1810","tErX;terror",0.0739228258890102,8
"1811","tY;thai",0.104315749228755,8
"1812","DEr;their",0.129439797236103,8
"1813","tYm;thyme",0.104315749228755,8
"1814","tIk;tic",0.11859599138688,8
"1815","tYd;tide",0.120174556547029,8
"1816","tIr;tier",2.22468145645299,8
"1817","tIf;tiff",0.0851616769472041,8
"1818","tYt;tight",0.198216431769329,8
"1819","tYl;tile",0.11676338312879,8
"1820","tIl;till",0.101392114530775,8
"1821","tIn;tin",0.101632541085613,8
"1822","tYn;tine",0.117005442355948,8
"1823","tIp;tip",0.191478946587329,8
"1824","tYr;tire",2.2432224155087,8
"1825","tYrd;tired",0.0696420530674643,8
"1826","tYD;tithe",0.100578763118729,8
"1827","tod;toad",0.0786393479444519,8
"1828","to;toe",0.0785796304389237,8
"1829","tag;tog",2.08993428134839,8
"1830","tagz;togs",0.202017751951991,8
"1831","tol;toll",0.0908436033279171,8
"1832","tom;tome",0.0785796304389237,8
"1833","ton;tone",0.110530664497343,8
"1834","tUk;took",0.214621164934143,8
"1835","tut;toot",0.0974958909321328,8
"1836","tap;top",2.17800769665395,8
"1837","tapL;topple",0.100956419140674,8
"1838","taps;tops",0.100956419140674,8
"1839","tok;toque",0.113890538290581,8
"1840","tor;tor",2.28011523494981,8
"1841","torx;torah",0.0963369186882474,8
"1842","torC;torch",0.0963369186882474,8
"1843","torn;torn",0.348655420885842,8
"1844","tork;torque",0.10043816424267,8
"1845","tort;tort",0.216017916023742,8
"1846","tori;tory",0.0963369186882474,8
"1847","tat;tot",2.2332658236649,8
"1848","tot;tote",0.183484235926424,8
"1849","tUr;tour",2.03535396913521,8
"1850","tWt;tout",0.0974958909321328,8
"1851","trat;trot",0.0686257535600865,8
"1852","t^g;tug",0.230840520843746,8
"1853","tYk;tyke",0.134250480316997,8
"1854","tYp;type",0.207855520636604,8
"1855","vIr;veer",0.108520803517319,8
"1856","wor;war",0.0979150319045031,8
"1857","wEr;ware",0.135379624449591,8
"1858","wat;watt",0.110547423073083,8
"1859","hor;whore",0.0997610766533956,8
"1860","wYr;wire",0.112031831030428,8
"1861","yat;yacht",0.110547423073083,8
"1862","yarn;yarn",0.322074384538902,8
"1863","yIr;year",0.110651547304172,8
"1864","yor;yore",0.0933576302233256,8
"1865","xfar;afar",0.151983176678582,9
"1866","Er;air",0.287463791993289,9
"1867","xJar;ajar",0.162575275474269,9
"1868","ark;arc",0.165386371538871,9
"1869","arC;arch",0.158492791388098,9
"1870","ar;are",2.57086823959152,9
"1871","arm;arm",0.175688724297502,9
"1872","art;art",0.342561149353205,9
"1873","xtap;atop",0.112887873554609,9
"1874","xtYr;attire",0.0696267331610215,9
"1875","bat;baht",0.249441933739881,9
"1876","bam;balm",0.133007206781977,9
"1877","bar;bar",2.61330532280837,9
"1878","barb;barb",0.152815586246023,9
"1879","bard;bard",0.173158149349341,9
"1880","bEr;bare",0.244624436801618,9
"1881","barJ;barge",0.16547759298948,9
"1882","bark;bark",0.17676214094725,9
"1883","barn;barn",0.511365634349078,9
"1884","bIr;beer",0.222864325212936,9
"1885","bor;boar",0.202952882771286,9
"1886","bab;bob",0.166582405101996,9
"1887","bak;bock",0.156375521365191,9
"1888","baro;borrow",0.152997075795171,9
"1889","baS;bosh",0.139396117981194,9
"1890","baC;botch",0.118439486493087,9
"1891","kam;calm",0.157331252080421,9
"1892","kar;car",2.65139356054114,9
"1893","kard;card",0.155500492825067,9
"1894","kEr;care",0.239974908135306,9
"1895","karp;carp",0.12786352786108,9
"1896","kart;cart",0.326902739136614,9
"1897","karv;carve",0.118343957669997,9
"1898","CEr;chair",0.266659426038325,9
"1899","Car;char",2.56866495893981,9
"1900","Card;chard",0.169080119362848,9
"1901","CarJ;charge",0.160162794108584,9
"1902","Carm;charm",0.175874591830054,9
"1903","Cart;chart",0.342752447069094,9
"1904","CIr;cheer",0.245096138601455,9
"1905","Cak;chock",0.15730500070286,9
"1906","Can;chon",0.135542040676314,9
"1907","Cap;chop",0.279725877975949,9
"1908","Cor;chore",0.22512574172606,9
"1909","kab;cob",0.180434088434833,9
"1910","kak;cock",0.17212838571208,9
"1911","kad;cod",0.178083532056961,9
"1912","kag;cog",0.375063236574974,9
"1913","kan;con",0.159135569406883,9
"1914","kap;cop",0.304447269721407,9
"1915","kor;core",0.198557642342055,9
"1916","kat;cot",0.285339435143738,9
"1917","zar;czar",2.35413168072108,9
"1918","dEr;dare",0.159409774185483,9
"1919","darn;darn",0.376034418724841,9
"1920","dart;dart",0.253254192133728,9
"1921","dIr;dear",0.137088967346165,9
"1922","dYr;dire",0.130850972339823,9
"1923","dat;dot",0.141375346510618,9
"1924","Ir;ear",0.265506964259004,9
"1925","fEr;fair",0.28140732950741,9
"1926","far;far",2.58387923015083,9
"1927","fars;farce",0.140172602903914,9
"1928","farm;farm",0.161532248592794,9
"1929","fIr;fear",0.259673658829255,9
"1930","fYr;fire",0.251376194784739,9
"1931","fab;fob",0.155093858028724,9
"1932","fap;fop",0.270635908092145,9
"1933","for;for",0.239684185466869,9
"1934","gIr;gear",0.130723465809571,9
"1935","gor;gore",0.111088475078604,9
"1936","gat;got",0.129036267663857,9
"1937","hEr;hair",0.161765570218047,9
"1938","hart;hart",0.206597320314161,9
"1939","hIr;hear",0.139263023575863,9
"1940","hYr;hire",0.133402631847504,9
"1941","hap;hop",0.154273279290344,9
"1942","hat;hot",0.147828935914414,9
"1943","Wr;hour",0.132563991068485,9
"1944","Yr;ire",0.257757736199607,9
"1945","Jar;jar",2.56645579670751,9
"1946","JIr;jeer",0.251159004576254,9
"1947","Jab;job",0.225430351870771,9
"1948","Jag;jog",0.408009107290686,9
"1949","JaS;josh",0.205805839965024,9
"1950","Jas;joss",0.187657115328375,9
"1951","Jat;jot",0.322732221017687,9
"1952","nat;knot",0.129036267663857,9
"1953","lEr;lair",0.183958452274159,9
"1954","lIr;leer",0.161406759568423,9
"1955","lap;lop",0.154273374667814,9
"1956","lor;lore",0.141663668589039,9
"1957","lat;lot",0.135981863060391,9
"1958","lUr;lure",0.249159260836108,9
"1959","lYr;lyre",0.155535772856254,9
"1960","ma;ma",0.115663561401663,9
"1961","mar;mar",2.6072848072188,9
"1962","marC;march",0.146760893854188,9
"1963","mEr;mare",0.244992853933131,9
"1964","marJ;marge",0.148298395749357,9
"1965","mark;mark",0.15846092535223,9
"1966","marl;marl",0.13595719872583,9
"1967","marz;mars",0.126769586348431,9
"1968","marS;marsh",0.126769586348431,9
"1969","mart;mart",0.328417037743253,9
"1970","mIr;mere",0.222972966387262,9
"1971","mYr;mire",0.21552489717268,9
"1972","mab;mob",0.146242788855646,9
"1973","mak;mock",0.144486714096088,9
"1974","mal;moll",0.11551104738919,9
"1975","mor;moor",0.203069685351182,9
"1976","map;mop",0.258188948321238,9
"1977","maro;morrow",0.136605213860128,9
"1978","nIr;near",0.130723465809571,9
"1979","nor;nor",0.111088475078604,9
"1980","or;oar",0.245521391179273,9
"1981","ad;odd",0.119871660751506,9
"1982","pa;pa",0.121458672630918,9
"1983","pEr;pair",0.242470503247666,9
"1984","pam;palm",0.127361375315147,9
"1985","par;par",2.64931493686142,9
"1986","parx;para",0.114949127279135,9
"1987","parC;parch",0.134546630489853,9
"1988","pard;pard",0.150521675263169,9
"1989","park;park",0.145981696627209,9
"1990","pars;parse",0.137565803480882,9
"1991","part;part",0.322180670554756,9
"1992","pIr;peer",0.220428619220223,9
"1993","pak;pock",0.148777058738804,9
"1994","pad;pod",0.146087871538246,9
"1995","por;poor",0.200531963449281,9
"1996","pap;pop",0.261921600815025,9
"1997","paS;posh",0.133805521010569,9
"1998","pat;pot",0.25286277729662,9
"1999","pYr;pyre",0.213045795208265,9
"2000","rEr;rare",0.157292812289463,9
"2001","rIr;rear",0.134958530206825,9
"2002","ror;roar",0.115295621534254,9
"2003","rat;rot",0.148346212667402,9
"2004","skar;scar",0.267283661666747,9
"2005","sIr;sear",0.161749151828191,9
"2006","SEr;share",0.183958452274159,9
"2007","SIr;shear",0.161406759568423,9
"2008","SYr;shire",0.155535772856254,9
"2009","Sap;shop",0.154273374667814,9
"2010","Sor;shore",0.141663668589039,9
"2011","Sat;shot",0.135981863060391,9
"2012","sYr;sire",0.129858312217352,9
"2013","sor;soar",0.140858055199669,9
"2014","sap;sop",0.182839326653216,9
"2015","sat;sot",0.136262978366858,9
"2016","spar;spar",0.259216190654867,9
"2017","stEr;stair",0.267481170969676,9
"2018","star;star",1.91767162466356,9
"2019","starC;starch",0.22076102956999,9
"2020","stark;stark",0.25478698678118,9
"2021","start;start",0.341087990956249,9
"2022","starv;starve",0.22076102956999,9
"2023","stIr;steer",0.262139356390011,9
"2024","stak;stock",0.189537960795759,9
"2025","stap;stop",0.287716306390757,9
"2026","stor;store",0.251626000608553,9
"2027","SUr;sure",0.249159260836108,9
"2028","t@g;tag",0.296512274403983,9
"2029","t@p;tap",0.163818214437271,9
"2030","tep;tape",0.11886338695112,9
"2031","tar;tar",15.8007230586171,9
"2032","tEr;tare",2.14322185354717,9
"2033","tarn;tarn",1.86145812239781,9
"2034","tart;tart",2.13829074891671,9
"2035","tartN;tartan",0.170280262796986,9
"2036","tartX;tartar",0.170280262796986,9
"2037","t@t;tat",0.157953172132026,9
"2038","tct;taught",0.111311965876908,9
"2039","top;taupe",0.206191576855568,9
"2040","tIt;teat",0.208235461093367,9
"2041","tEl;tell",0.103543730607095,9
"2042","tEn;ten",0.103922344549699,9
"2043","tErX;terror",0.0786218741005093,9
"2044","tY;thai",0.120541486056122,9
"2045","DEr;their",0.151200136342556,9
"2046","tYm;thyme",0.120541486056122,9
"2047","tIk;tic",0.138728270879399,9
"2048","tYd;tide",0.140095387320522,9
"2049","tIr;tier",2.12291569390669,9
"2050","tIf;tiff",0.0969108213478483,9
"2051","tYt;tight",0.227147572284146,9
"2052","tYl;tile",0.136522297382106,9
"2053","tIl;till",0.117802293780337,9
"2054","tIn;tin",0.118193210866153,9
"2055","tYn;tine",0.136917137589531,9
"2056","tIp;tip",0.216110448158797,9
"2057","tYr;tire",2.14597871368803,9
"2058","tYrd;tired",0.0751541914335648,9
"2059","tYD;tithe",0.115656914518061,9
"2060","tod;toad",0.0917325728587924,9
"2061","to;toe",0.0915874489574047,9
"2062","tag;tog",1.99421324184179,9
"2063","tagz;togs",0.213862558595302,9
"2064","tol;toll",0.107329838538493,9
"2065","tom;tome",0.0915874489574047,9
"2066","ton;tone",0.131624182736918,9
"2067","tUk;took",0.229351931294418,9
"2068","tut;toot",0.111311965876908,9
"2069","tap;top",2.08853920095696,9
"2070","tapL;topple",0.11160370767093,9
"2071","taps;tops",0.11160370767093,9
"2072","tok;toque",0.136071593188492,9
"2073","tor;tor",2.19220407073911,9
"2074","torx;torah",0.113145798315558,9
"2075","torC;torch",0.113145798315558,9
"2076","torn;torn",0.377255832873504,9
"2077","tork;torque",0.118666539184709,9
"2078","tort;tort",0.240845175229837,9
"2079","tori;tory",0.113145798315558,9
"2080","tat;tot",2.13231437998456,9
"2081","tot;tote",0.212085224389993,9
"2082","tUr;tour",1.9092169914012,9
"2083","tWt;tout",0.111311965876908,9
"2084","trat;trot",0.0737627242682613,9
"2085","t^g;tug",0.250305311848883,9
"2086","tYk;tyke",0.157856564256401,9
"2087","tYp;type",0.236044634315112,9
"2088","vIr;veer",0.127873292019853,9
"2089","wor;war",0.117074757538805,9
"2090","wEr;ware",0.159064034751021,9
"2091","wat;watt",0.129036267663857,9
"2092","hor;whore",0.119573963821675,9
"2093","wYr;wire",0.130509843442427,9
"2094","yat;yacht",0.129036267663857,9
"2095","yarn;yarn",0.350883424003562,9
"2096","yIr;year",0.130723465809571,9
"2097","yor;yore",0.111088475078604,9
"2098","xfar;afar",0.166553838114191,10
"2099","Er;air",0.320816817330043,10
"2100","xJar;ajar",0.177339235506118,10
"2101","ark;arc",0.185834528738073,10
"2102","arC;arch",0.176964887937599,10
"2103","ar;are",2.48499978765877,10
"2104","arm;arm",0.19778865168612,10
"2105","art;art",0.378976930329995,10
"2106","xtap;atop",0.121709800632241,10
"2107","xtYr;attire",0.0722089150956482,10
"2108","bat;baht",0.281068023789229,10
"2109","bam;balm",0.149959455078142,10
"2110","bar;bar",2.53562057921483,10
"2111","barb;barb",0.174313951659553,10
"2112","bard;bard",0.199806238252067,10
"2113","bEr;bare",0.272282767981464,10
"2114","barJ;barge",0.189948733553363,10
"2115","bark;bark",0.204402506760506,10
"2116","barn;barn",0.555370251266932,10
"2117","bIr;beer",0.24888538909969,10
"2118","bor;boar",0.226849763717822,10
"2119","bab;bob",0.191941737884617,10
"2120","bak;bock",0.179427047556883,10
"2121","baro;borrow",0.174460858300441,10
"2122","baS;bosh",0.157787606309747,10
"2123","baC;botch",0.131705598307087,10
"2124","kam;calm",0.180130875232506,10
"2125","kar;car",2.58033961170989,10
"2126","kard;card",0.177902593915403,10
"2127","kEr;care",0.266600001867895,10
"2128","karp;carp",0.143021605257793,10
"2129","kart;cart",0.363799138140363,10
"2130","karv;carve",0.131220544894521,10
"2131","CEr;chair",0.295368275010956,10
"2132","Car;char",2.48281402924485,10
"2133","Card;chard",0.190481687577692,10
"2134","CarJ;charge",0.17919693116329,10
"2135","Carm;charm",0.198072638249583,10
"2136","Cart;chart",0.379270695928385,10
"2137","CIr;cheer",0.272202189517843,10
"2138","Cak;chock",0.175403128731178,10
"2139","Can;chon",0.148165083600803,10
"2140","Cap;chop",0.309828246893765,10
"2141","Cor;chore",0.250097239826123,10
"2142","kab;cob",0.209055070992799,10
"2143","kak;cock",0.198797939613205,10
"2144","kad;cod",0.205286722701473,10
"2145","kag;cog",0.40531912429542,10
"2146","kan;con",0.18180627722795,10
"2147","kap;cop",0.345563461003108,10
"2148","kor;core",0.22147423201291,10
"2149","kat;cot",0.325615891273428,10
"2150","zar;czar",2.23975647406505,10
"2151","dEr;dare",0.18247770781908,10
"2152","darn;darn",0.403259919026322,10
"2153","dart;dart",0.28589212400782,10
"2154","dIr;dear",0.158432350971401,10
"2155","dYr;dire",0.148609963820781,10
"2156","dat;dot",0.162444467001059,10
"2157","Ir;ear",0.297187952889789,10
"2158","fEr;fair",0.312488516888298,10
"2159","far;far",2.5014567610897,10
"2160","fars;farce",0.152854915504694,10
"2161","farm;farm",0.178999185495979,10
"2162","fIr;fear",0.289121039419185,10
"2163","fYr;fire",0.276890680529174,10
"2164","fab;fob",0.172000917457635,10
"2165","fap;fop",0.297867171429625,10
"2166","for;for",0.266990876286083,10
"2167","gIr;gear",0.150463960070128,10
"2168","gor;gore",0.128756021255859,10
"2169","gat;got",0.146986962355146,10
"2170","hEr;hair",0.185531602887822,10
"2171","hart;hart",0.230190700623164,10
"2172","hIr;hear",0.161262681605785,10
"2173","hYr;hire",0.151898556739447,10
"2174","hap;hop",0.174580552884188,10
"2175","hat;hot",0.170267009102662,10
"2176","Wr;hour",0.144327666905106,10
"2177","Yr;ire",0.285586054569817,10
"2178","Jar;jar",2.48234788908204,10
"2179","JIr;jeer",0.276247992653136,10
"2180","Jab;job",0.255321655593131,10
"2181","Jag;jog",0.437637775186992,10
"2182","JaS;josh",0.23075416073021,10
"2183","Jas;joss",0.208150704291912,10
"2184","Jat;jot",0.362524034385157,10
"2185","nat;knot",0.146986962355146,10
"2186","lEr;lair",0.211922490590402,10
"2187","lIr;leer",0.187606815356151,10
"2188","lap;lop",0.174545857087156,10
"2189","lor;lore",0.165762418004896,10
"2190","lat;lot",0.155659189910598,10
"2191","lUr;lure",0.262582908483607,10
"2192","lYr;lyre",0.178184185639292,10
"2193","ma;ma",0.129301708743731,10
"2194","mar;mar",2.52734261921752,10
"2195","marC;march",0.168492809863905,10
"2196","mEr;mare",0.273879972667918,10
"2197","marJ;marge",0.170521002161977,10
"2198","mark;mark",0.183570214642891,10
"2199","marl;marl",0.154967409993296,10
"2200","marz;mars",0.143618983269157,10
"2201","marS;marsh",0.143618983269157,10
"2202","mart;mart",0.367578312051331,10
"2203","mIr;mere",0.250173371944734,10
"2204","mYr;mire",0.238947790899168,10
"2205","mab;mob",0.167549600637151,10
"2206","mak;mock",0.165616541234077,10
"2207","mal;moll",0.129169585601192,10
"2208","mor;moor",0.228145391866572,10
"2209","map;mop",0.289163709754238,10
"2210","maro;morrow",0.15599239854083,10
"2211","nIr;near",0.150463960070128,10
"2212","nor;nor",0.128756021255859,10
"2213","or;oar",0.275059230185007,10
"2214","ad;odd",0.129118739376074,10
"2215","pa;pa",0.137424801654035,10
"2216","pEr;pair",0.27137361150838,10
"2217","pam;palm",0.144969530996845,10
"2218","par;par",2.57718863503869,10
"2219","parx;para",0.129410622647174,10
"2220","parC;parch",0.153774907952827,10
"2221","pard;pard",0.174177954284155,10
"2222","park;park",0.1685298825573,10
"2223","pars;parse",0.156749989850112,10
"2224","part;part",0.36035100102943,10
"2225","pIr;peer",0.247641825118045,10
"2226","pak;pock",0.171996702195808,10
"2227","pad;pod",0.167627178074582,10
"2228","por;poor",0.225621435934469,10
"2229","pap;pop",0.294827652288785,10
"2230","paS;posh",0.152874908910023,10
"2231","pat;pot",0.287335499598217,10
"2232","pYr;pyre",0.236490807963713,10
"2233","rEr;rare",0.17988838759436,10
"2234","rIr;rear",0.155824177812821,10
"2235","ror;roar",0.134081892502725,10
"2236","rat;rot",0.169676616534917,10
"2237","skar;scar",0.285164148792624,10
"2238","sIr;sear",0.187945172913708,10
"2239","SEr;share",0.211922490590402,10
"2240","SIr;shear",0.187606815356151,10
"2241","SYr;shire",0.178184185639292,10
"2242","Sap;shop",0.174545857087156,10
"2243","Sor;shore",0.165762418004896,10
"2244","Sat;shot",0.155659189910598,10
"2245","sYr;sire",0.147496924008126,10
"2246","sor;soar",0.164790246011214,10
"2247","sap;sop",0.208672135234855,10
"2248","sat;sot",0.156119217852024,10
"2249","spar;spar",0.276777612133932,10
"2250","stEr;stair",0.285133456570051,10
"2251","star;star",1.8312248116754,10
"2252","starC;starch",0.243443067988381,10
"2253","stark;stark",0.284146269817636,10
"2254","start;start",0.367646179636448,10
"2255","starv;starve",0.243443067988381,10
"2256","stIr;steer",0.281370066836521,10
"2257","stak;stock",0.205291694107878,10
"2258","stap;stop",0.309274091192128,10
"2259","stor;store",0.270783254909949,10
"2260","SUr;sure",0.262582908483607,10
"2261","t@g;tag",0.320286272658436,10
"2262","t@p;tap",0.184509165958393,10
"2263","tep;tape",0.130135604691899,10
"2264","tar;tar",13.2117361650697,10
"2265","tEr;tare",2.03572136012124,10
"2266","tarn;tarn",1.74070976499152,10
"2267","tart;tart",2.03849445866738,10
"2268","tartN;tartan",0.183799247216097,10
"2269","tartX;tartar",0.183799247216097,10
"2270","t@t;tat",0.180506148229265,10
"2271","tct;taught",0.124016777702104,10
"2272","top;taupe",0.228932593578307,10
"2273","tIt;teat",0.231659927767017,10
"2274","tEl;tell",0.11247324202114,10
"2275","tEn;ten",0.113018541103151,10
"2276","tErX;terror",0.0815342110503829,10
"2277","tY;thai",0.135903843804533,10
"2278","DEr;their",0.17211872647377,10
"2279","tYm;thyme",0.135903843804533,10
"2280","tIk;tic",0.157597422394602,10
"2281","tYd;tide",0.158929249795745,10
"2282","tIr;tier",2.011959344921,10
"2283","tIf;tiff",0.107629553332951,10
"2284","tYt;tight",0.254033123440248,10
"2285","tYl;tile",0.155499703904658,10
"2286","tIl;till",0.133323835696972,10
"2287","tIn;tin",0.133891892316259,10
"2288","tYn;tine",0.156075111773688,10
"2289","tIp;tip",0.238160484351123,10
"2290","tYr;tire",2.03892333571294,10
"2291","tYrd;tired",0.0791780705740559,10
"2292","tYD;tithe",0.129801585995752,10
"2293","tod;toad",0.104419003224068,10
"2294","to;toe",0.104169769939294,10
"2295","tag;tog",1.8914584163212,10
"2296","tagz;togs",0.220945377922287,10
"2297","tol;toll",0.123471626514742,10
"2298","tom;tome",0.104169769939294,10
"2299","ton;tone",0.152126625200342,10
"2300","tUk;took",0.239193622908633,10
"2301","tut;toot",0.124016777702104,10
"2302","tap;top",1.99263178673263,10
"2303","tapL;topple",0.12033418643676,10
"2304","taps;tops",0.12033418643676,10
"2305","tok;toque",0.157685534674513,10
"2306","tor;tor",2.09541468395821,10
"2307","torx;torah",0.129081601128308,10
"2308","torC;torch",0.129081601128308,10
"2309","torn;torn",0.398952100022221,10
"2310","tork;torque",0.136147107772488,10
"2311","tort;tort",0.262189575893188,10
"2312","tori;tory",0.129081601128308,10
"2313","tat;tot",2.02247223202245,10
"2314","tot;tote",0.239058982861511,10
"2315","tUr;tour",1.77542298739085,10
"2316","tWt;tout",0.124016777702104,10
"2317","trat;trot",0.0773905472244146,10
"2318","t^g;tug",0.26492519424535,10
"2319","tYk;tyke",0.180318823619957,10
"2320","tYp;type",0.261737213689395,10
"2321","vIr;veer",0.146824989084752,10
"2322","wor;war",0.13626212135924,10
"2323","wEr;ware",0.182057541410599,10
"2324","wat;watt",0.146986962355146,10
"2325","hor;whore",0.139488282003243,10
"2326","wYr;wire",0.148196213319338,10
"2327","yat;yacht",0.146986962355146,10
"2328","yarn;yarn",0.372920744982331,10
"2329","yIr;year",0.150463960070128,10
"2330","yor;yore",0.128756021255859,10
