"","node","activation","time"
"1","xfar;afar",0,1
"2","Er;air",0,1
"3","xJar;ajar",0,1
"4","ark;arc",0,1
"5","arC;arch",0,1
"6","ar;are",0.833333333333333,1
"7","arm;arm",0,1
"8","art;art",0,1
"9","beb;babe",0,1
"10","b@k;back",0,1
"11","bat;baht",0.833333333333333,1
"12","bErn;bairn",0,1
"13","bet;bait",0,1
"14","bek;bake",0,1
"15","bck;balk",0,1
"16","bam;balm",0.833333333333333,1
"17","bar;bar",80,1
"18","barb;barb",0.833333333333333,1
"19","barbd;barbed",0,1
"20","barbX;barber",0,1
"21","bard;bard",0.833333333333333,1
"22","bEr;bare",0.833333333333333,1
"23","barJ;barge",0.833333333333333,1
"24","bark;bark",0.833333333333333,1
"25","barkX;barker",0,1
"26","barn;barn",0.833333333333333,1
"27","b@ro;barrow",0,1
"28","b@S;bash",0,1
"29","b@t;bat",0,1
"30","b@C;batch",0,1
"31","biC;beach",0,1
"32","bik;beak",0,1
"33","bim;beam",0,1
"34","bIrd;beard",0,1
"35","bit;beat",0,1
"36","bo;beau",0,1
"37","boz;beaux",0,1
"38","bEk;beck",0,1
"39","bEd;bed",0,1
"40","bIn;been",0,1
"41","bIr;beer",0.833333333333333,1
"42","bEg;beg",0,1
"43","bEl;bell",0,1
"44","bEri;berry",0,1
"45","bErL;beryl",0,1
"46","bEt;bet",0,1
"47","bIb;bib",0,1
"48","bId;bid",0,1
"49","bIg;big",0,1
"50","bYt;bight",0,1
"51","bYk;bike",0,1
"52","bIl;bill",0,1
"53","bRC;birch",0,1
"54","bIt;bit",0,1
"55","bIC;bitch",0,1
"56","blEr;blare",0,1
"57","blIr;blear",0,1
"58","blab;blob",0,1
"59","blak;bloc",0,1
"60","blat;blot",0,1
"61","blaC;blotch",0,1
"62","box;boa",0,1
"63","bor;boar",0.833333333333333,1
"64","bord;board",0,1
"65","bot;boat",0,1
"66","bab;bob",0.833333333333333,1
"67","babL;bobble",0,1
"68","babi;bobby",0,1
"69","baCi;boccie",0,1
"70","bak;bock",0.833333333333333,1
"71","bod;bode",0,1
"72","bol;bole",0,1
"73","bamX;bomber",0,1
"74","band;bond",0,1
"75","bon;bone",0,1
"76","bUk;book",0,1
"77","bum;boom",0,1
"78","but;boot",0,1
"79","born;born",0,1
"80","baro;borrow",0.833333333333333,1
"81","baS;bosh",0.833333333333333,1
"82","baC;botch",0.833333333333333,1
"83","boT;both",0,1
"84","batL;bottle",0,1
"85","batM;bottom",0,1
"86","bct;bought",0,1
"87","bWt;bout",0,1
"88","baks;box",0,1
"89","b^k;buck",0,1
"90","b^m;bum",0,1
"91","bUS;bush",0,1
"92","b^t;but",0,1
"93","kam;calm",0,1
"94","kar;car",0.833333333333333,1
"95","kard;card",0,1
"96","kEr;care",0,1
"97","karp;carp",0,1
"98","kart;cart",0,1
"99","karv;carve",0,1
"100","CEr;chair",0,1
"101","Car;char",0.833333333333333,1
"102","Card;chard",0,1
"103","CarJ;charge",0,1
"104","Carm;charm",0,1
"105","Cart;chart",0,1
"106","CIr;cheer",0,1
"107","Cak;chock",0,1
"108","Can;chon",0,1
"109","Cap;chop",0,1
"110","Cor;chore",0,1
"111","kab;cob",0,1
"112","kak;cock",0,1
"113","kad;cod",0,1
"114","kag;cog",0,1
"115","kan;con",0,1
"116","kap;cop",0,1
"117","kor;core",0,1
"118","kat;cot",0,1
"119","zar;czar",0.833333333333333,1
"120","dEr;dare",0,1
"121","dark;dark",0,1
"122","darn;darn",0,1
"123","dIr;dear",0,1
"124","dak;dock",0,1
"125","dat;dot",0,1
"126","Ir;ear",0,1
"127","fEr;fair",0,1
"128","far;far",0.833333333333333,1
"129","fars;farce",0,1
"130","farm;farm",0,1
"131","fIr;fear",0,1
"132","fYr;fire",0,1
"133","fab;fob",0,1
"134","fap;fop",0,1
"135","for;for",0,1
"136","garb;garb",0,1
"137","gIr;gear",0,1
"138","gab;gob",0,1
"139","gor;gore",0,1
"140","gat;got",0,1
"141","gard;guard",0,1
"142","hEr;hair",0,1
"143","hard;hard",0,1
"144","hark;hark",0,1
"145","hIr;hear",0,1
"146","hab;hob",0,1
"147","hak;hock",0,1
"148","hat;hot",0,1
"149","Wr;hour",0,1
"150","Yr;ire",0,1
"151","Jar;jar",0.833333333333333,1
"152","JIr;jeer",0,1
"153","Jab;job",0,1
"154","Jag;jog",0,1
"155","JaS;josh",0,1
"156","Jas;joss",0,1
"157","Jat;jot",0,1
"158","nab;knob",0,1
"159","nak;knock",0,1
"160","nat;knot",0,1
"161","lEr;lair",0,1
"162","lard;lard",0,1
"163","larJ;large",0,1
"164","lark;lark",0,1
"165","lIr;leer",0,1
"166","lab;lob",0,1
"167","lak;loch",0,1
"168","lor;lore",0,1
"169","lat;lot",0,1
"170","ma;ma",0,1
"171","mar;mar",0.833333333333333,1
"172","marC;march",0,1
"173","mEr;mare",0,1
"174","marJ;marge",0,1
"175","mark;mark",0,1
"176","marl;marl",0,1
"177","marz;mars",0,1
"178","marS;marsh",0,1
"179","mart;mart",0,1
"180","mIr;mere",0,1
"181","mYr;mire",0,1
"182","mab;mob",0,1
"183","mak;mock",0,1
"184","mal;moll",0,1
"185","mor;moor",0,1
"186","map;mop",0,1
"187","maro;morrow",0,1
"188","nard;nard",0,1
"189","nIr;near",0,1
"190","nor;nor",0,1
"191","naC;notch",0,1
"192","or;oar",0,1
"193","ad;odd",0,1
"194","pa;pa",0,1
"195","pEr;pair",0,1
"196","pam;palm",0,1
"197","par;par",0.833333333333333,1
"198","parx;para",0,1
"199","parC;parch",0,1
"200","pard;pard",0,1
"201","park;park",0,1
"202","pars;parse",0,1
"203","part;part",0,1
"204","pIr;peer",0,1
"205","pak;pock",0,1
"206","pad;pod",0,1
"207","por;poor",0,1
"208","pap;pop",0,1
"209","paS;posh",0,1
"210","pat;pot",0,1
"211","sam;psalm",0,1
"212","pYr;pyre",0,1
"213","rEr;rare",0,1
"214","rIr;rear",0,1
"215","ror;roar",0,1
"216","rab;rob",0,1
"217","rak;rock",0,1
"218","rat;rot",0,1
"219","skar;scar",0,1
"220","sIr;sear",0,1
"221","Sard;shard",0,1
"222","SEr;share",0,1
"223","Sark;shark",0,1
"224","SIr;shear",0,1
"225","Sak;shock",0,1
"226","Sor;shore",0,1
"227","Sat;shot",0,1
"228","sor;soar",0,1
"229","sab;sob",0,1
"230","sak;sock",0,1
"231","saro;sorrow",0,1
"232","sat;sot",0,1
"233","spar;spar",0,1
"234","star;star",0,1
"235","tar;tar",0.833333333333333,1
"236","tEr;tare",0,1
"237","tarn;tarn",0,1
"238","tart;tart",0,1
"239","DEr;their",0,1
"240","tIr;tier",0,1
"241","tYr;tire",0,1
"242","tag;tog",0,1
"243","tap;top",0,1
"244","tor;tor",0,1
"245","tat;tot",0,1
"246","tUr;tour",0,1
"247","vIr;veer",0,1
"248","wor;war",0,1
"249","wEr;ware",0,1
"250","wat;watt",0,1
"251","hor;whore",0,1
"252","yat;yacht",0,1
"253","yard;yard",0,1
"254","yarn;yarn",0,1
"255","yIr;year",0,1
"256","yor;yore",0,1
"257","xfar;afar",0.00925925925925926,2
"258","Er;air",0.0151821862348178,2
"259","xJar;ajar",0.0104166666666667,2
"260","ark;arc",0.0198830409356725,2
"261","arC;arch",0.0087719298245614,2
"262","ar;are",1.40816058129655,2
"263","arm;arm",0.0087719298245614,2
"264","art;art",0.0087719298245614,2
"265","beb;babe",0.00757575757575757,2
"266","b@k;back",0.00595238095238095,2
"267","bat;baht",1.38916916416916,2
"268","bErn;bairn",0.0215617715617716,2
"269","bet;bait",0.00490196078431372,2
"270","bek;bake",0.00595238095238095,2
"271","bck;balk",0.00595238095238095,2
"272","bam;balm",1.38125061213296,2
"273","bar;bar",64.2509797384826,2
"274","barb;barb",1.41298068403332,2
"275","barbd;barbed",0.0254385964912281,2
"276","barbX;barber",0.0166666666666667,2
"277","bard;bard",1.41329966329966,2
"278","bEr;bare",1.3448275862069,2
"279","barJ;barge",1.40355307460571,2
"280","bark;bark",1.41691286296549,2
"281","barkX;barker",0.0111111111111111,2
"282","barn;barn",1.40692007797271,2
"283","b@ro;barrow",0.0185185185185185,2
"284","b@S;bash",0.0166666666666667,2
"285","b@t;bat",0.00490196078431372,2
"286","b@C;batch",0.0128205128205128,2
"287","biC;beach",0.0128205128205128,2
"288","bik;beak",0.00595238095238095,2
"289","bim;beam",0.0128205128205128,2
"290","bIrd;beard",0.014519056261343,2
"291","bit;beat",0.00490196078431372,2
"292","bo;beau",0.00574712643678161,2
"293","boz;beaux",0.00574712643678161,2
"294","bEk;beck",0.0123626373626374,2
"295","bEd;bed",0.00641025641025641,2
"296","bIn;been",0.00574712643678161,2
"297","bIr;beer",1.34549071618037,2
"298","bEg;beg",0.00641025641025641,2
"299","bEl;bell",0.00641025641025641,2
"300","bEri;berry",0.00641025641025641,2
"301","bErL;beryl",0.00641025641025641,2
"302","bEt;bet",0.0113122171945701,2
"303","bIb;bib",0.0133228840125392,2
"304","bId;bid",0.00574712643678161,2
"305","bIg;big",0.00574712643678161,2
"306","bYt;bight",0.00490196078431372,2
"307","bYk;bike",0.00595238095238095,2
"308","bIl;bill",0.00574712643678161,2
"309","bRC;birch",0.0128205128205128,2
"310","bIt;bit",0.0106490872210953,2
"311","bIC;bitch",0.0185676392572944,2
"312","blEr;blare",0.00641025641025641,2
"313","blIr;blear",0.00574712643678161,2
"314","blab;blob",0.00757575757575757,2
"315","blak;bloc",0.00595238095238095,2
"316","blat;blot",0.00490196078431372,2
"317","blaC;blotch",0.0128205128205128,2
"318","box;boa",0.00574712643678161,2
"319","bor;boar",1.34549071618037,2
"320","bord;board",0.014519056261343,2
"321","bot;boat",0.0106490872210953,2
"322","bab;bob",1.40316203404439,2
"323","babL;bobble",0.00757575757575757,2
"324","babi;bobby",0.00757575757575757,2
"325","baCi;boccie",0.0128205128205128,2
"326","bak;bock",1.39922985511221,2
"327","bod;bode",0.00574712643678161,2
"328","bol;bole",0.00574712643678161,2
"329","bamX;bomber",0.0128205128205128,2
"330","band;bond",0.0087719298245614,2
"331","bon;bone",0.00574712643678161,2
"332","bUk;book",0.00595238095238095,2
"333","bum;boom",0.0128205128205128,2
"334","but;boot",0.00490196078431372,2
"335","born;born",0.0208986415882968,2
"336","baro;borrow",1.40355307460571,2
"337","baS;bosh",1.37740445828681,2
"338","baC;botch",1.38125061213296,2
"339","boT;both",0.00574712643678161,2
"340","batL;bottle",0.00490196078431372,2
"341","batM;bottom",0.00490196078431372,2
"342","bct;bought",0.00490196078431372,2
"343","bWt;bout",0.00490196078431372,2
"344","baks;box",0.00595238095238095,2
"345","b^k;buck",0.00595238095238095,2
"346","b^m;bum",0.0128205128205128,2
"347","bUS;bush",0.0166666666666667,2
"348","b^t;but",0.00490196078431372,2
"349","kam;calm",0.0197649572649573,2
"350","kar;car",1.40998806667666,2
"351","kard;card",0.0157163742690058,2
"352","kEr;care",0.0133547008547008,2
"353","karp;carp",0.00694444444444444,2
"354","kart;cart",0.00694444444444444,2
"355","karv;carve",0.00694444444444444,2
"356","CEr;chair",0.0151821862348178,2
"357","Car;char",1.40816058129655,2
"358","Card;chard",0.0175438596491228,2
"359","CarJ;charge",0.0272904483430799,2
"360","Carm;charm",0.0087719298245614,2
"361","Cart;chart",0.0087719298245614,2
"362","CIr;cheer",0.014519056261343,2
"363","Cak;chock",0.0147243107769424,2
"364","Can;chon",0.0087719298245614,2
"365","Cap;chop",0.0087719298245614,2
"366","Cor;chore",0.014519056261343,2
"367","kab;cob",0.014520202020202,2
"368","kak;cock",0.0128968253968254,2
"369","kad;cod",0.00694444444444444,2
"370","kag;cog",0.00694444444444444,2
"371","kan;con",0.00694444444444444,2
"372","kap;cop",0.00694444444444444,2
"373","kor;core",0.012691570881226,2
"374","kat;cot",0.0118464052287582,2
"375","zar;czar",1.39841399260259,2
"376","dEr;dare",0.00641025641025641,2
"377","dark;dark",0.0111111111111111,2
"378","darn;darn",0.0151515151515151,2
"379","dIr;dear",0.00574712643678161,2
"380","dak;dock",0.00595238095238095,2
"381","dat;dot",0.00490196078431372,2
"382","Ir;ear",0.014519056261343,2
"383","fEr;fair",0.0156695156695157,2
"384","far;far",1.40767325186185,2
"385","fars;farce",0.00925925925925926,2
"386","farm;farm",0.00925925925925926,2
"387","fIr;fear",0.0150063856960409,2
"388","fYr;fire",0.00925925925925926,2
"389","fab;fob",0.0168350168350168,2
"390","fap;fop",0.00925925925925926,2
"391","for;for",0.0150063856960409,2
"392","garb;garb",0.0166666666666667,2
"393","gIr;gear",0.00574712643678161,2
"394","gab;gob",0.00757575757575757,2
"395","gor;gore",0.00574712643678161,2
"396","gat;got",0.00490196078431372,2
"397","gard;guard",0.0087719298245614,2
"398","hEr;hair",0.00641025641025641,2
"399","hard;hard",0.0087719298245614,2
"400","hark;hark",0.0111111111111111,2
"401","hIr;hear",0.00574712643678161,2
"402","hab;hob",0.00757575757575757,2
"403","hak;hock",0.00595238095238095,2
"404","hat;hot",0.00490196078431372,2
"405","Wr;hour",0.0087719298245614,2
"406","Yr;ire",0.0087719298245614,2
"407","Jar;jar",1.40651584445444,2
"408","JIr;jeer",0.0161637931034483,2
"409","Jab;job",0.0179924242424242,2
"410","Jag;jog",0.0104166666666667,2
"411","JaS;josh",0.0270833333333333,2
"412","Jas;joss",0.0104166666666667,2
"413","Jat;jot",0.0153186274509804,2
"414","nab;knob",0.00757575757575757,2
"415","nak;knock",0.00595238095238095,2
"416","nat;knot",0.00490196078431372,2
"417","lEr;lair",0.00641025641025641,2
"418","lard;lard",0.0087719298245614,2
"419","larJ;large",0.0185185185185185,2
"420","lark;lark",0.0111111111111111,2
"421","lIr;leer",0.00574712643678161,2
"422","lab;lob",0.00757575757575757,2
"423","lak;loch",0.00595238095238095,2
"424","lor;lore",0.00574712643678161,2
"425","lat;lot",0.00490196078431372,2
"426","ma;ma",0.00641025641025641,2
"427","mar;mar",1.41052225471085,2
"428","marC;march",0.00641025641025641,2
"429","mEr;mare",0.0128205128205128,2
"430","marJ;marge",0.0249287749287749,2
"431","mark;mark",0.0175213675213675,2
"432","marl;marl",0.00641025641025641,2
"433","marz;mars",0.00641025641025641,2
"434","marS;marsh",0.00641025641025641,2
"435","mart;mart",0.00641025641025641,2
"436","mIr;mere",0.012157382847038,2
"437","mYr;mire",0.00641025641025641,2
"438","mab;mob",0.013986013986014,2
"439","mak;mock",0.0123626373626374,2
"440","mal;moll",0.00641025641025641,2
"441","mor;moor",0.012157382847038,2
"442","map;mop",0.00641025641025641,2
"443","maro;morrow",0.0249287749287749,2
"444","nard;nard",0.0087719298245614,2
"445","nIr;near",0.00574712643678161,2
"446","nor;nor",0.00574712643678161,2
"447","naC;notch",0.0128205128205128,2
"448","or;oar",0.014519056261343,2
"449","ad;odd",0.0087719298245614,2
"450","pa;pa",0.00617283950617284,2
"451","pEr;pair",0.0125830959164292,2
"452","pam;palm",0.0189933523266857,2
"453","par;par",1.41075967161493,2
"454","parx;para",0.00617283950617284,2
"455","parC;parch",0.00617283950617284,2
"456","pard;pard",0.0149447693307342,2
"457","park;park",0.0172839506172839,2
"458","pars;parse",0.00617283950617284,2
"459","part;part",0.00617283950617284,2
"460","pIr;peer",0.0119199659429544,2
"461","pak;pock",0.0121252204585538,2
"462","pad;pod",0.00617283950617284,2
"463","por;poor",0.0119199659429544,2
"464","pap;pop",0.00617283950617284,2
"465","paS;posh",0.0228395061728395,2
"466","pat;pot",0.0110748002904866,2
"467","sam;psalm",0.0128205128205128,2
"468","pYr;pyre",0.00617283950617284,2
"469","rEr;rare",0.00641025641025641,2
"470","rIr;rear",0.00574712643678161,2
"471","ror;roar",0.00574712643678161,2
"472","rab;rob",0.00757575757575757,2
"473","rak;rock",0.00595238095238095,2
"474","rat;rot",0.00490196078431372,2
"475","skar;scar",0.00694444444444444,2
"476","sIr;sear",0.00574712643678161,2
"477","Sard;shard",0.0087719298245614,2
"478","SEr;share",0.00641025641025641,2
"479","Sark;shark",0.0111111111111111,2
"480","SIr;shear",0.00574712643678161,2
"481","Sak;shock",0.00595238095238095,2
"482","Sor;shore",0.00574712643678161,2
"483","Sat;shot",0.00490196078431372,2
"484","sor;soar",0.00574712643678161,2
"485","sab;sob",0.00757575757575757,2
"486","sak;sock",0.00595238095238095,2
"487","saro;sorrow",0.0185185185185185,2
"488","sat;sot",0.00490196078431372,2
"489","spar;spar",0.00617283950617284,2
"490","star;star",0.00833333333333333,2
"491","tar;tar",1.40859917778777,2
"492","tEr;tare",0.0147435897435897,2
"493","tarn;tarn",0.0234848484848485,2
"494","tart;tart",0.00833333333333333,2
"495","DEr;their",0.00641025641025641,2
"496","tIr;tier",0.0140804597701149,2
"497","tYr;tire",0.00833333333333333,2
"498","tag;tog",0.00833333333333333,2
"499","tap;top",0.00833333333333333,2
"500","tor;tor",0.0140804597701149,2
"501","tat;tot",0.0132352941176471,2
"502","tUr;tour",0.00833333333333333,2
"503","vIr;veer",0.00574712643678161,2
"504","wor;war",0.00574712643678161,2
"505","wEr;ware",0.00641025641025641,2
"506","wat;watt",0.00490196078431372,2
"507","hor;whore",0.00574712643678161,2
"508","yat;yacht",0.00490196078431372,2
"509","yard;yard",0.0087719298245614,2
"510","yarn;yarn",0.0151515151515151,2
"511","yIr;year",0.00574712643678161,2
"512","yor;yore",0.00574712643678161,2
"513","xfar;afar",0.0240898879836502,3
"514","Er;air",0.0396648227548518,3
"515","xJar;ajar",0.0268407073149398,3
"516","ark;arc",0.0518299679485044,3
"517","arC;arch",0.0229716522064167,3
"518","ar;are",1.79091222463775,3
"519","arm;arm",0.023444486714339,3
"520","art;art",0.023530245961423,3
"521","beb;babe",0.019307151041431,3
"522","b@k;back",0.0167927389352729,3
"523","bat;baht",1.74271248519652,3
"524","bErn;bairn",0.0548652564079061,3
"525","bet;bait",0.0135125044078017,3
"526","bek;bake",0.0161331240403639,3
"527","bck;balk",0.0157473932134566,3
"528","bam;balm",1.72545739969715,3
"529","bar;bar",51.8217261947908,3
"530","barb;barb",1.80421303729741,3
"531","barbd;barbed",0.0645984405458089,3
"532","barbX;barber",0.0443999645578593,3
"533","bard;bard",1.80767126672013,3
"534","bEr;bare",1.63459672620964,3
"535","barJ;barge",1.77904006625464,3
"536","bark;bark",1.81294808901994,3
"537","barkX;barker",0.0288921715062066,3
"538","barn;barn",1.7895226159098,3
"539","b@ro;barrow",0.046004883139386,3
"540","b@S;bash",0.0425370870959106,3
"541","b@t;bat",0.014161247821251,3
"542","b@C;batch",0.0336962589083045,3
"543","biC;beach",0.0334569426689882,3
"544","bik;beak",0.0165534226959566,3
"545","bim;beam",0.0332048193134166,3
"546","bIrd;beard",0.0364670346677982,3
"547","bit;beat",0.0139219315819348,3
"548","bo;beau",0.0147544558710409,3
"549","boz;beaux",0.0147544558710409,3
"550","bEk;beck",0.0318021855876825,3
"551","bEd;bed",0.0164208909838103,3
"552","bIn;been",0.0151302053286735,3
"553","bIr;beer",1.63541543350013,3
"554","bEg;beg",0.0163146083775277,3
"555","bEl;bell",0.0164441116966862,3
"556","bEri;berry",0.0167628540042333,3
"557","bErL;beryl",0.0167628540042333,3
"558","bEt;bet",0.0291918836916825,3
"559","bIb;bib",0.0340582893023964,3
"560","bId;bid",0.0160575946362806,3
"561","bIg;big",0.0152289380136131,3
"562","bYt;bight",0.0131406594771333,3
"563","bYk;bike",0.0157473932134566,3
"564","bIl;bill",0.0153293197519259,3
"565","bRC;birch",0.0325766138474829,3
"566","bIt;bit",0.0280123782694298,3
"567","bIC;bitch",0.0477013935672826,3
"568","blEr;blare",0.0159315892581613,3
"569","blIr;blear",0.0143617691596288,3
"570","blab;blob",0.0200083739789622,3
"571","blak;bloc",0.0159759031817855,3
"572","blat;blot",0.0133329732551186,3
"573","blaC;blotch",0.0322436236463386,3
"574","box;boa",0.0147544558710409,3
"575","bor;boar",1.63542992989709,3
"576","bord;board",0.0374377215731493,3
"577","bot;boat",0.027764026413306,3
"578","bab;bob",1.77801298223235,3
"579","babL;bobble",0.0196484724425901,3
"580","babi;bobby",0.0206037263390204,3
"581","baCi;boccie",0.032011470178891,3
"582","bak;bock",1.76837510570205,3
"583","bod;bode",0.0156724957863585,3
"584","bol;bole",0.0150940556071923,3
"585","bamX;bomber",0.0315064196738405,3
"586","band;bond",0.0218943824206982,3
"587","bon;bone",0.0157628153276762,3
"588","bUk;book",0.0167768049781624,3
"589","bum;boom",0.0325282899604167,3
"590","but;boot",0.0136494099858838,3
"591","born;born",0.0531367002848322,3
"592","baro;borrow",1.78312047901926,3
"593","baS;bosh",1.71382964927658,3
"594","baC;botch",1.72442084259737,3
"595","boT;both",0.0147544558710409,3
"596","batL;bottle",0.013088398529575,3
"597","batM;bottom",0.012419949331714,3
"598","bct;bought",0.0131406594771333,3
"599","bWt;bout",0.0130009571315486,3
"600","baks;box",0.014756403726992,3
"601","b^k;buck",0.0162671566743965,3
"602","b^m;bum",0.0327692581425613,3
"603","bUS;bush",0.0416803642980113,3
"604","b^t;but",0.0136465370418344,3
"605","kam;calm",0.0505378759651227,3
"606","kar;car",1.79578260175923,3
"607","kard;card",0.0416028809897596,3
"608","kEr;care",0.0344478111118974,3
"609","karp;carp",0.0181152932039262,3
"610","kart;cart",0.0190576848319057,3
"611","karv;carve",0.0179466424102754,3
"612","CEr;chair",0.0391279669058981,3
"613","Car;char",1.79109214357143,3
"614","Card;chard",0.0464692308136445,3
"615","CarJ;charge",0.0697963961218039,3
"616","Carm;charm",0.0238402118469062,3
"617","Cart;chart",0.0239259710939902,3
"618","CIr;cheer",0.0374863572814868,3
"619","Cak;chock",0.0382726104282802,3
"620","Can;chon",0.0224242533507472,3
"621","Cap;chop",0.0232924063424382,3
"622","Cor;chore",0.037438764051768,3
"623","kab;cob",0.0386742916694117,3
"624","kak;cock",0.0342968657307296,3
"625","kad;cod",0.0193901107946735,3
"626","kag;cog",0.0190756651688244,3
"627","kan;con",0.0188678771803346,3
"628","kap;cop",0.0196854407354713,3
"629","kor;core",0.0327588773015998,3
"630","kat;cot",0.0317533116825551,3
"631","zar;czar",1.76415990828857,3
"632","dEr;dare",0.0171466581820895,3
"633","dark;dark",0.0301737011364204,3
"634","darn;darn",0.039645460452478,3
"635","dIr;dear",0.0154814280216204,3
"636","dak;dock",0.0162054741333821,3
"637","dat;dot",0.0132630611701172,3
"638","Ir;ear",0.0380120084765091,3
"639","fEr;fair",0.0405668501919249,3
"640","far;far",1.79025224403377,3
"641","fars;farce",0.02368755112298,3
"642","farm;farm",0.0242503005892382,3
"643","fIr;fear",0.0389207693226358,3
"644","fYr;fire",0.0242100032195902,3
"645","fab;fob",0.0434455491162721,3
"646","fap;fop",0.0240867286456955,3
"647","for;for",0.0388741675141332,3
"648","garb;garb",0.0418946482367535,3
"649","gIr;gear",0.0154635711883478,3
"650","gab;gob",0.0214635691106279,3
"651","gor;gore",0.0154237485921687,3
"652","gat;got",0.0132977487048048,3
"653","gard;guard",0.024567465510448,3
"654","hEr;hair",0.017212496130187,3
"655","hard;hard",0.0237032679795838,3
"656","hark;hark",0.0295850228973662,3
"657","hIr;hear",0.0155433039943403,3
"658","hab;hob",0.020433407045802,3
"659","hak;hock",0.0163341928702941,3
"660","hat;hot",0.0133868676857305,3
"661","Wr;hour",0.022465299228083,3
"662","Yr;ire",0.0233524887117637,3
"663","Jar;jar",1.78724631552248,3
"664","JIr;jeer",0.0411949985844234,3
"665","Jab;job",0.0477375874958757,3
"666","Jag;jog",0.0279786275016216,3
"667","JaS;josh",0.0684191818838971,3
"668","Jas;joss",0.0273873576603517,3
"669","Jat;jot",0.0407183724626641,3
"670","nab;knob",0.0210805408136105,3
"671","nak;knock",0.0167149880384307,3
"672","nat;knot",0.0140217851999733,3
"673","lEr;lair",0.0176415351779807,3
"674","lard;lard",0.0244352663256172,3
"675","larJ;large",0.0476195725435491,3
"676","lark;lark",0.0303288370985739,3
"677","lIr;leer",0.0159247571363491,3
"678","lab;lob",0.0207368765413748,3
"679","lak;loch",0.0165399487919629,3
"680","lor;lore",0.0154965339692137,3
"681","lat;lot",0.0135711690560798,3
"682","ma;ma",0.0168065006268051,3
"683","mar;mar",1.79736038726804,3
"684","marC;march",0.0181575203049562,3
"685","mEr;mare",0.0334018123202594,3
"686","marJ;marge",0.0649111073070812,3
"687","mark;mark",0.0471178792566722,3
"688","marl;marl",0.0179102318559134,3
"689","marz;mars",0.0176787503744319,3
"690","marS;marsh",0.0176787503744319,3
"691","mart;mart",0.0185803538837165,3
"692","mIr;mere",0.0317466869974813,3
"693","mYr;mire",0.0171241043159525,3
"694","mab;mob",0.0369062556285208,3
"695","mak;mock",0.0327787625294259,3
"696","mal;moll",0.0167946297816009,3
"697","mor;moor",0.0317027985250254,3
"698","map;mop",0.017631918575761,3
"699","maro;morrow",0.0651971662773507,3
"700","nard;nard",0.0234368612219489,3
"701","nIr;near",0.0154635711883478,3
"702","nor;nor",0.0154237485921687,3
"703","naC;notch",0.0317656739308703,3
"704","or;oar",0.0379671278524259,3
"705","ad;odd",0.0220900062370515,3
"706","pa;pa",0.0169440814391221,3
"707","pEr;pair",0.032803846509087,3
"708","pam;palm",0.0487979931271213,3
"709","par;par",1.79817006227144,3
"710","parx;para",0.0162556349325355,3
"711","parC;parch",0.0167276780507775,3
"712","pard;pard",0.0398430268020911,3
"713","park;park",0.0456666668559943,3
"714","pars;parse",0.0169023133569917,3
"715","part;part",0.0172949006929816,3
"716","pIr;peer",0.0311479674818515,3
"717","pak;pock",0.0328611491618068,3
"718","pad;pod",0.017659137987512,3
"719","por;poor",0.0311043051207328,3
"720","pap;pop",0.0177014398755741,3
"721","paS;posh",0.0580324146543617,3
"722","pat;pot",0.0300230934219222,3
"723","sam;psalm",0.0325049038367669,3
"724","pYr;pyre",0.0165327334187823,3
"725","rEr;rare",0.017212496130187,3
"726","rIr;rear",0.0155433039943403,3
"727","ror;roar",0.0155042721964326,3
"728","rab;rob",0.0204399481237716,3
"729","rak;rock",0.0160807382120776,3
"730","rat;rot",0.0133934087637001,3
"731","skar;scar",0.0182725343004948,3
"732","sIr;sear",0.0154635711883478,3
"733","Sard;shard",0.0237032679795838,3
"734","SEr;share",0.017212496130187,3
"735","Sark;shark",0.0295915639753359,3
"736","SIr;shear",0.0155433039943403,3
"737","Sak;shock",0.0162054741333821,3
"738","Sor;shore",0.0155042721964326,3
"739","Sat;shot",0.0132630611701172,3
"740","sor;soar",0.0154237485921687,3
"741","sab;sob",0.0208668655999353,3
"742","sak;sock",0.0165013128247555,3
"743","saro;sorrow",0.0465034586379615,3
"744","sat;sot",0.013808109986298,3
"745","spar;spar",0.0164068617650489,3
"746","star;star",0.0216271440412522,3
"747","tar;tar",1.79262575747622,3
"748","tEr;tare",0.0385463563852889,3
"749","tarn;tarn",0.0601777204682906,3
"750","tart;tart",0.0225693636319397,3
"751","DEr;their",0.0170766962155758,3
"752","tIr;tier",0.0368922829782633,3
"753","tYr;tire",0.0222442819092471,3
"754","tag;tog",0.0215445585379151,3
"755","tap;top",0.0220471912474191,3
"756","tor;tor",0.0368477820914019,3
"757","tat;tot",0.0345924451766813,3
"758","tUr;tour",0.0213551431078276,3
"759","vIr;veer",0.0153922016443616,3
"760","wor;war",0.0154453617172301,3
"761","wEr;ware",0.0171504144738783,3
"762","wat;watt",0.0131668175444619,3
"763","hor;whore",0.0155042721964326,3
"764","yat;yacht",0.0131668175444619,3
"765","yard;yard",0.0242139301569126,3
"766","yarn;yarn",0.0395739854687223,3
"767","yIr;year",0.0154635711883478,3
"768","yor;yore",0.0154237485921687,3
"769","xfar;afar",0.0418476727187893,4
"770","Er;air",0.0693194005477012,4
"771","xJar;ajar",0.0462221335943478,4
"772","ark;arc",0.0903919153024158,4
"773","arC;arch",0.0402571120490532,4
"774","ar;are",2.03193102867613,4
"775","arm;arm",0.0418454649054504,4
"776","art;art",0.042216648058269,4
"777","beb;babe",0.032896873254466,4
"778","b@k;back",0.0314429225428163,4
"779","bat;baht",1.950592573643,4
"780","bErn;bairn",0.0933633161438497,4
"781","bet;bait",0.0248307017639056,4
"782","bek;bake",0.0292045956287832,4
"783","bck;balk",0.0279145001326716,4
"784","bam;balm",1.92538966070775,4
"785","bar;bar",41.9890690207079,4
"786","barb;barb",2.05633809724816,4
"787","barbd;barbed",0.10975112941684,4
"788","barbX;barber",0.0788000122459101,4
"789","bard;bard",2.0666399627354,4
"790","bEr;bare",1.77436622681631,4
"791","barJ;barge",2.01160563379117,4
"792","bark;bark",2.06931079101468,4
"793","barkX;barker",0.0502463760290885,4
"794","barn;barn",2.03259811415851,4
"795","b@ro;barrow",0.0764288060452702,4
"796","b@S;bash",0.0725553299363833,4
"797","b@t;bat",0.0270368138691349,4
"798","b@C;batch",0.0591477095063736,4
"799","biC;beach",0.058360667940599,4
"800","bik;beak",0.0306509081720689,4
"801","bim;beam",0.0575023074376506,4
"802","bIrd;beard",0.0612991342145312,4
"803","bit;beat",0.0262429346965227,4
"804","bo;beau",0.0253833207870533,4
"805","boz;beaux",0.0253833207870533,4
"806","bEk;beck",0.0548215405913462,4
"807","bEd;bed",0.0281844551012762,4
"808","bIn;been",0.0266760721758725,4
"809","bIr;beer",1.77434335954549,4
"810","bEg;beg",0.0277993941395942,4
"811","bEl;bell",0.0282387945232558,4
"812","bEri;berry",0.0292962380308285,4
"813","bErL;beryl",0.0292962380308285,4
"814","bEt;bet",0.0504750770155189,4
"815","bIb;bib",0.0582537992441296,4
"816","bId;bid",0.0297373050719519,4
"817","bIg;big",0.0269811539793981,4
"818","bYt;bight",0.0235840215498136,4
"819","bYk;bike",0.0279145001326716,4
"820","bIl;bill",0.0273294238660012,4
"821","bRC;birch",0.0553768034696294,4
"822","bIt;bit",0.049362874948247,4
"823","bIC;bitch",0.0820057685477209,4
"824","blEr;blare",0.0264840911273631,4
"825","blIr;blear",0.0239894959771977,4
"826","blab;blob",0.0352740186767606,4
"827","blak;bloc",0.0285783410226827,4
"828","blat;blot",0.0241288415981869,4
"829","blaC;blotch",0.0542971403582805,4
"830","box;boa",0.0253833207870533,4
"831","bor;boar",1.77442091939179,4
"832","bord;board",0.0644908971719381,4
"833","bot;boat",0.0485158956863963,4
"834","bab;bob",2.01006824539413,4
"835","babL;bobble",0.0341286739959089,4
"836","babi;bobby",0.0371577806358752,4
"837","baCi;boccie",0.0535123093236224,4
"838","bak;bock",1.99420740730504,4
"839","bod;bode",0.0284894887167153,4
"840","bol;bole",0.0265324641734119,4
"841","bamX;bomber",0.0517506341959516,4
"842","band;bond",0.0365436245336125,4
"843","bon;bone",0.0287473365871942,4
"844","bUk;book",0.031274833689358,4
"845","bum;boom",0.0552132182277936,4
"846","but;boot",0.0252590152082788,4
"847","born;born",0.0903323375911237,4
"848","baro;borrow",2.02485538638176,4
"849","baS;bosh",1.9027573600642,4
"850","baC;botch",1.92206914241829,4
"851","boT;both",0.0253833207870533,4
"852","batL;bottle",0.0232738618325914,4
"853","batM;bottom",0.0210597692802636,4
"854","bct;bought",0.0235840215498136,4
"855","bWt;bout",0.0231049475544658,4
"856","baks;box",0.0244363737366082,4
"857","b^k;buck",0.0296566158974831,4
"858","b^m;bum",0.0560294366366047,4
"859","bUS;bush",0.0696951857961807,4
"860","b^t;but",0.0252839592569197,4
"861","kam;calm",0.0865015281595222,4
"862","kar;car",2.04071728411023,4
"863","kard;card",0.0737327278364906,4
"864","kEr;care",0.0594851413869843,4
"865","karp;carp",0.0316111228481707,4
"866","kart;cart",0.0348963059890232,4
"867","karv;carve",0.031022261238958,4
"868","CEr;chair",0.0674932494356971,4
"869","Car;char",2.03256072001451,4
"870","Card;chard",0.0823588695270095,4
"871","CarJ;charge",0.119351200174099,4
"872","Carm;charm",0.0431605511449002,4
"873","Cart;chart",0.0435405281895536,4
"874","CIr;cheer",0.0647746359260173,4
"875","Cak;chock",0.0665734452004948,4
"876","Can;chon",0.0383413520875467,4
"877","Cap;chop",0.0413237458098951,4
"878","Cor;chore",0.0646084820246806,4
"879","kab;cob",0.0689146154953025,4
"880","kak;cock",0.0610455801496199,4
"881","kad;cod",0.0359648606257841,4
"882","kag;cog",0.0349253332759255,4
"883","kan;con",0.0341813709977788,4
"884","kap;cop",0.0370462310363433,4
"885","kor;core",0.0566013358991928,4
"886","kat;cot",0.0569589966431407,4
"887","zar;czar",1.98314996456553,4
"888","dEr;dare",0.0306893678996155,4
"889","dark;dark",0.0546485196105728,4
"890","darn;darn",0.0693094779807942,4
"891","dIr;dear",0.0278941395462497,4
"892","dak;dock",0.0295074159256014,4
"893","dat;dot",0.0240252054696041,4
"894","Ir;ear",0.0665648138889178,4
"895","fEr;fair",0.0702877423193164,4
"896","far;far",2.03176406224291,4
"897","fars;farce",0.0405371707669923,4
"898","farm;farm",0.0424472587653393,4
"899","fIr;fear",0.0675547584872421,4
"900","fYr;fire",0.0423245351373721,4
"901","fab;fob",0.0750616987731427,4
"902","fap;fop",0.041947539893326,4
"903","for;for",0.0673917197204168,4
"904","garb;garb",0.0704490547974036,4
"905","gIr;gear",0.0278328862455859,4
"906","gab;gob",0.0402328771198406,4
"907","gor;gore",0.0276921293955205,4
"908","gat;got",0.0241609041620681,4
"909","gard;guard",0.0456798495342683,4
"910","hEr;hair",0.0309193717159814,4
"911","hard;hard",0.0428702438643521,4
"912","hark;hark",0.0526664817207082,4
"913","hIr;hear",0.0281108462486806,4
"914","hab;hob",0.0368563184290504,4
"915","hak;hock",0.0299443303652868,4
"916","hat;hot",0.0244583430614867,4
"917","Wr;hour",0.0384675710611335,4
"918","Yr;ire",0.0414979788232258,4
"919","Jar;jar",2.02653869090944,4
"920","JIr;jeer",0.0702912464918418,4
"921","Jab;job",0.0846219477708109,4
"922","Jag;jog",0.0500822202783338,4
"923","JaS;josh",0.115602125928412,4
"924","Jas;joss",0.0480698038111999,4
"925","Jat;jot",0.0723151634279576,4
"926","nab;knob",0.0389816161751453,4
"927","nak;knock",0.0311557508732633,4
"928","nat;knot",0.0265461335960666,4
"929","lEr;lair",0.0323278654985106,4
"930","lard;lard",0.0453395450216525,4
"931","larJ;large",0.08185512073829,4
"932","lark;lark",0.0551745834428114,4
"933","lIr;leer",0.0293701314852413,4
"934","lab;lob",0.0379004689033761,4
"935","lak;loch",0.0306807130325866,4
"936","lor;lore",0.027954607438575,4
"937","lat;lot",0.0251124372455154,4
"938","ma;ma",0.0294848269432149,4
"939","mar;mar",2.04386111877813,4
"940","marC;march",0.0341766921048588,4
"941","mEr;mare",0.0582522953302923,4
"942","marJ;marge",0.113011785812763,4
"943","mark;mark",0.0846803988838424,4
"944","marl;marl",0.0333199139006068,4
"945","marz;mars",0.0325309441156944,4
"946","marS;marsh",0.0325309441156944,4
"947","mart;mart",0.0356965628178229,4
"948","mIr;mere",0.0554895020587578,4
"949","mYr;mire",0.0305474712041373,4
"950","mab;mob",0.0651665468974102,4
"951","mak;mock",0.0581619437049508,4
"952","mal;moll",0.0294501290782672,4
"953","mor;moor",0.0553354121534063,4
"954","map;mop",0.0323270643490744,4
"955","maro;morrow",0.113958947669401,4
"956","nard;nard",0.0419529197262956,4
"957","nIr;near",0.0278328862455859,4
"958","nor;nor",0.0276921293955205,4
"959","naC;notch",0.0526701543040177,4
"960","or;oar",0.0664072314719932,4
"961","ad;odd",0.0372294428461513,4
"962","pa;pa",0.0309678799588746,4
"963","pEr;pair",0.0572480245550423,4
"964","pam;palm",0.0838863005186806,4
"965","par;par",2.04555900843383,4
"966","parx;para",0.0286640685101115,4
"967","parC;parch",0.0302942376974998,4
"968","pard;pard",0.0711571934802071,4
"969","park;park",0.0807243908538062,4
"970","pars;parse",0.0308195125835218,4
"971","part;part",0.0323078464711421,4
"972","pIr;peer",0.0544827443720548,4
"973","pak;pock",0.0594704708720026,4
"974","pad;pod",0.0333733801727444,4
"975","por;poor",0.0543294010426088,4
"976","pap;pop",0.0335976691987446,4
"977","paS;posh",0.0986437494185856,4
"978","pat;pot",0.0543791311750069,4
"979","sam;psalm",0.0551634619555994,4
"980","pYr;pyre",0.0295647567758105,4
"981","rEr;rare",0.0309193717159814,4
"982","rIr;rear",0.0281108462486806,4
"983","ror;roar",0.0279726869238855,4
"984","rab;rob",0.0368755743969953,4
"985","rak;rock",0.0290702621068188,4
"986","rat;rot",0.0244776535384147,4
"987","skar;scar",0.0321184828421428,4
"988","sIr;sear",0.0278328862455859,4
"989","Sard;shard",0.0428703892216404,4
"990","SEr;share",0.0309193717159814,4
"991","Sark;shark",0.0526875386000303,4
"992","SIr;shear",0.0281108462486806,4
"993","Sak;shock",0.029494479544244,4
"994","Sor;shore",0.0279726869238855,4
"995","Sat;shot",0.0240252054696041,4
"996","sor;soar",0.0276921293955205,4
"997","sab;sob",0.0383036100841044,4
"998","sak;sock",0.0304772751663682,4
"999","saro;sorrow",0.0781316097696776,4
"1000","sat;sot",0.025866580535153,4
"1001","spar;spar",0.0291052462072033,4
"1002","star;star",0.0375399325454669,4
"1003","tar;tar",2.035851004864,4
"1004","tEr;tare",0.0674210779080787,4
"1005","tarn;tarn",0.103130415170977,4
"1006","tart;tart",0.0407830540419723,4
"1007","DEr;their",0.0304460517655125,4
"1008","tIr;tier",0.0646622959313598,4
"1009","tYr;tire",0.0396335708124958,4
"1010","tag;tog",0.0372783473488085,4
"1011","tap;top",0.0390095387731348,4
"1012","tor;tor",0.0645059795304286,4
"1013","tat;tot",0.0605353317900892,4
"1014","tUr;tour",0.0365967562053553,4
"1015","vIr;veer",0.0275850674770273,4
"1016","wor;war",0.0277660203588468,4
"1017","wEr;ware",0.0307020171200988,4
"1018","wat;watt",0.0236876390045217,4
"1019","hor;whore",0.0279726869238855,4
"1020","yat;yacht",0.0236876390045217,4
"1021","yard;yard",0.04458981468283,4
"1022","yarn;yarn",0.0690696236541953,4
"1023","yIr;year",0.0278328862455859,4
"1024","yor;yore",0.0276921293955205,4
"1025","xfar;afar",0.0606755077816097,5
"1026","Er;air",0.101296613249685,5
"1027","xJar;ajar",0.0664942077837251,5
"1028","ark;arc",0.131838804995852,5
"1029","arC;arch",0.059011813027997,5
"1030","ar;are",2.16929327658732,5
"1031","arm;arm",0.0623497084097972,5
"1032","art;art",0.0633150198124635,5
"1033","beb;babe",0.0468514778700092,5
"1034","b@k;back",0.0488906271521276,5
"1035","bat;baht",2.05520649252728,5
"1036","bErn;bairn",0.132815411813348,5
"1037","bet;bait",0.0380350102866339,5
"1038","bek;bake",0.0441360297152842,5
"1039","bck;balk",0.0414339355725393,5
"1040","bam;balm",2.02419581097404,5
"1041","bar;bar",34.1907439435482,5
"1042","barb;barb",2.20651979230156,5
"1043","barbd;barbed",0.155935104499061,5
"1044","barbX;barber",0.116508151305723,5
"1045","bard;bard",2.22735067132963,5
"1046","bEr;bare",1.81513010367567,5
"1047","barJ;barge",2.14035720747621,5
"1048","bark;bark",2.22267715109612,5
"1049","barkX;barker",0.0730412455198605,5
"1050","barn;barn",2.17455020881504,5
"1051","b@ro;barrow",0.106139831200255,5
"1052","b@S;bash",0.10339362112637,5
"1053","b@t;bat",0.0427305722493144,5
"1054","b@C;batch",0.0866759068027282,5
"1055","biC;beach",0.0850575494434638,5
"1056","bik;beak",0.0472521182676991,5
"1057","bim;beam",0.0832246996845092,5
"1058","bIrd;beard",0.0862046449863265,5
"1059","bit;beat",0.041084453262896,5
"1060","bo;beau",0.0365820716976061,5
"1061","boz;beaux",0.0365820716976061,5
"1062","bEk;beck",0.0791620635779684,5
"1063","bEd;bed",0.0405170878133786,5
"1064","bIn;been",0.0393632699432082,5
"1065","bIr;beer",1.81317708755093,5
"1066","bEg;beg",0.0396494547625695,5
"1067","bEl;bell",0.040584239804493,5
"1068","bEri;berry",0.0427735765813155,5
"1069","bErL;beryl",0.0427735765813155,5
"1070","bEt;bet",0.0731037658563344,5
"1071","bIb;bib",0.0833410691464995,5
"1072","bId;bid",0.0456976827917031,5
"1073","bIg;big",0.0399514080805164,5
"1074","bYt;bight",0.0354179965357693,5
"1075","bYk;bike",0.0414339355725393,5
"1076","bIl;bill",0.0407080578217412,5
"1077","bRC;birch",0.078720133460812,5
"1078","bIt;bit",0.0728312385537112,5
"1079","bIC;bitch",0.11792448502474,5
"1080","blEr;blare",0.036815871438608,5
"1081","blIr;blear",0.0334877549272543,5
"1082","blab;blob",0.0518987910865335,5
"1083","blak;bloc",0.0426070590444333,5
"1084","blat;blot",0.0363415390852297,5
"1085","blaC;blotch",0.0765272548372725,5
"1086","box;boa",0.0365820716976061,5
"1087","bor;boar",1.8133962061493,5
"1088","bord;board",0.092780449177739,5
"1089","bot;boat",0.0710248514557267,5
"1090","bab;bob",2.13884369068064,5
"1091","babL;bobble",0.0496050630466927,5
"1092","babi;bobby",0.0556260480595242,5
"1093","baCi;boccie",0.0748573273333659,5
"1094","bak;bock",2.11695172585266,5
"1095","bod;bode",0.043163250491139,5
"1096","bol;bole",0.0390194633739211,5
"1097","bamX;bomber",0.0710218867522651,5
"1098","band;bond",0.0509890044977889,5
"1099","bon;bone",0.043613115933693,5
"1100","bUk;book",0.0483008070327661,5
"1101","bum;boom",0.0783708586112625,5
"1102","but;boot",0.0388704135877863,5
"1103","born;born",0.128348700336589,5
"1104","baro;borrow",2.16730167287936,5
"1105","baS;bosh",1.9883417908444,5
"1106","baC;botch",2.01754934133426,5
"1107","boT;both",0.0365820716976061,5
"1108","batL;bottle",0.034474385289766,5
"1109","batM;bottom",0.0298734801756562,5
"1110","bct;bought",0.0354179965357693,5
"1111","bWt;bout",0.0343873921846151,5
"1112","baks;box",0.033793437612894,5
"1113","b^k;buck",0.0450919125198113,5
"1114","b^m;bum",0.0801044495039499,5
"1115","bUS;bush",0.0974085053398918,5
"1116","b^t;but",0.0389960172969598,5
"1117","kam;calm",0.123889917109877,5
"1118","kar;car",2.18267464993569,5
"1119","kard;card",0.109347028024972,5
"1120","kEr;care",0.085962988338911,5
"1121","karp;carp",0.0461264713831763,5
"1122","kart;cart",0.0533001338171768,5
"1123","karv;carve",0.0448394820758374,5
"1124","CEr;chair",0.0974073313606481,5
"1125","Car;char",2.17066833674973,5
"1126","Card;chard",0.122072501131614,5
"1127","CarJ;charge",0.170580959991044,5
"1128","Carm;charm",0.065085689799496,5
"1129","Cart;chart",0.0660868696146475,5
"1130","CIr;cheer",0.0936436784702495,5
"1131","Cak;chock",0.0968737605985891,5
"1132","Can;chon",0.0548121865547603,5
"1133","Cap;chop",0.0612319633909754,5
"1134","Cor;chore",0.0932804411461085,5
"1135","kab;cob",0.10268259299245,5
"1136","kak;cock",0.0908953725854894,5
"1137","kad;cod",0.0554442992556791,5
"1138","kag;cog",0.053287376597196,5
"1139","kan;con",0.0516261405490683,5
"1140","kap;cop",0.0579090957343735,5
"1141","kor;core",0.0818382908448297,5
"1142","kat;cot",0.0854590145072464,5
"1143","zar;czar",2.09535867868584,5
"1144","dEr;dare",0.0459357960284071,5
"1145","dark;dark",0.0825289524386064,5
"1146","darn;darn",0.101197021069422,5
"1147","dIr;dear",0.042016780900565,5
"1148","dak;dock",0.0449072365208673,5
"1149","dat;dot",0.0364147086980447,5
"1150","Ir;ear",0.0974606845587825,5
"1151","fEr;fair",0.101883342812698,5
"1152","far;far",2.1703603216497,5
"1153","fars;farce",0.0580078133013906,5
"1154","farm;farm",0.0620689751788928,5
"1155","fIr;fear",0.0980908024503928,5
"1156","fYr;fire",0.0618387841459008,5
"1157","fab;fob",0.108530762420044,5
"1158","fap;fop",0.0611282829015074,5
"1159","for;for",0.0977336659943918,5
"1160","garb;garb",0.0990701507255688,5
"1161","gIr;gear",0.041885057037863,5
"1162","gab;gob",0.0624932771133253,5
"1163","gor;gore",0.0415737522732058,5
"1164","gat;got",0.0367380460431044,5
"1165","gard;guard",0.0705676887089749,5
"1166","hEr;hair",0.0464392749004084,5
"1167","hard;hard",0.0648499588937402,5
"1168","hark;hark",0.0783531142944698,5
"1169","hIr;hear",0.0424922857085765,5
"1170","hab;hob",0.0555630625332293,5
"1171","hak;hock",0.0458385720722659,5
"1172","hat;hot",0.037363913433094,5
"1173","Wr;hour",0.0550522442221269,5
"1174","Yr;ire",0.0615347610630518,5
"1175","Jar;jar",2.16275728804556,5
"1176","JIr;jeer",0.10038592955535,5
"1177","Jab;job",0.125277616405643,5
"1178","Jag;jog",0.074702365338177,5
"1179","JaS;josh",0.163303882516178,5
"1180","Jas;joss",0.070410920031932,5
"1181","Jat;jot",0.107268495534846,5
"1182","nab;knob",0.0599352474202579,5
"1183","nak;knock",0.0482455672900416,5
"1184","nat;knot",0.0416638266155206,5
"1185","lEr;lair",0.0493354371056041,5
"1186","lard;lard",0.0700657795707652,5
"1187","larJ;large",0.117579085073839,5
"1188","lark;lark",0.0836489256057232,5
"1189","lIr;leer",0.0450948507592832,5
"1190","lab;lob",0.057811542672209,5
"1191","lak;loch",0.0474811605427883,5
"1192","lor;lore",0.0421636925685553,5
"1193","lat;lot",0.0388127434831803,5
"1194","ma;ma",0.0432654248689866,5
"1195","mar;mar",2.18792468316243,5
"1196","marC;march",0.0534712332751792,5
"1197","mEr;mare",0.0850056678910058,5
"1198","marJ;marge",0.164455409201946,5
"1199","mark;mark",0.127130835205197,5
"1200","marl;marl",0.0516113133146197,5
"1201","marz;mars",0.0499256354456465,5
"1202","marS;marsh",0.0499256354456465,5
"1203","mart;mart",0.0568839077271482,5
"1204","mIr;mere",0.0811516400077604,5
"1205","mYr;mire",0.0454892144879681,5
"1206","mab;mob",0.0962404311416762,5
"1207","mak;mock",0.0863262539133216,5
"1208","mal;moll",0.0432050687046795,5
"1209","mor;moor",0.0808129743841169,5
"1210","map;mop",0.0493973303521399,5
"1211","maro;morrow",0.166412080279123,5
"1212","nard;nard",0.062870851095093,5
"1213","nIr;near",0.041885057037863,5
"1214","nor;nor",0.0415737522732058,5
"1215","naC;notch",0.0730635247232861,5
"1216","or;oar",0.0971143599689407,5
"1217","ad;odd",0.0524936761074834,5
"1218","pa;pa",0.0471270192652911,5
"1219","pEr;pair",0.0835994740400905,5
"1220","pam;palm",0.120608315655097,5
"1221","par;par",2.19074767194628,5
"1222","parx;para",0.0423025918142555,5
"1223","parC;parch",0.0458302777491313,5
"1224","pard;pard",0.106381900926204,5
"1225","park;park",0.119331026581845,5
"1226","pars;parse",0.0468043365720673,5
"1227","part;part",0.0503013701515834,5
"1228","pIr;peer",0.0797403158362334,5
"1229","pak;pock",0.0898421735060883,5
"1230","pad;pod",0.0522006555988753,5
"1231","por;poor",0.0794031913586407,5
"1232","pap;pop",0.0528448653513871,5
"1233","paS;posh",0.140225066031798,5
"1234","pat;pot",0.0822580624546184,5
"1235","sam;psalm",0.0783316186942011,5
"1236","pYr;pyre",0.0441270843076687,5
"1237","rEr;rare",0.0464392749004084,5
"1238","rIr;rear",0.0424922857085765,5
"1239","ror;roar",0.0421863219205597,5
"1240","rab;rob",0.0555978464093156,5
"1241","rak;rock",0.0439500548652242,5
"1242","rat;rot",0.0373989000200417,5
"1243","skar;scar",0.0471437755581441,5
"1244","sIr;sear",0.041885057037863,5
"1245","Sard;shard",0.0648505402030766,5
"1246","SEr;share",0.0464392749004084,5
"1247","Sark;shark",0.0783954798501038,5
"1248","SIr;shear",0.0424922857085765,5
"1249","Sak;shock",0.0448535090812431,5
"1250","Sor;shore",0.0421863219205597,5
"1251","Sat;shot",0.036414509676793,5
"1252","sor;soar",0.0415737522732058,5
"1253","sab;sob",0.0585908605083584,5
"1254","sak;sock",0.0468993279797776,5
"1255","saro;sorrow",0.109781253133169,5
"1256","sat;sot",0.040313329885631,5
"1257","spar;spar",0.0430803802762983,5
"1258","star;star",0.0544720380216366,5
"1259","tar;tar",2.17627393591639,5
"1260","tEr;tare",0.0986160331974239,5
"1261","tarn;tarn",0.147757702966557,5
"1262","tart;tart",0.0614740678315918,5
"1263","DEr;their",0.0454054562126222,5
"1264","tIr;tier",0.0947713748006153,5
"1265","tYr;tire",0.0589242106050098,5
"1266","tag;tog",0.0539584684395824,5
"1267","tap;top",0.0576972188560662,5
"1268","tor;tor",0.0944276861106728,5
"1269","tat;tot",0.0886610295476539,5
"1270","tUr;tour",0.0524285383040229,5
"1271","vIr;veer",0.0413457363514273,5
"1272","wor;war",0.0417321016750663,5
"1273","wEr;ware",0.0459624709277188,5
"1274","wat;watt",0.0356726365109758,5
"1275","hor;whore",0.0421863219205597,5
"1276","yat;yacht",0.0356726365109758,5
"1277","yard;yard",0.0684743390544025,5
"1278","yarn;yarn",0.100694515071228,5
"1279","yIr;year",0.041885057037863,5
"1280","yor;yore",0.0415737522732058,5
"1281","xfar;afar",0.0793049416886569,6
"1282","Er;air",0.133674776111906,6
"1283","xJar;ajar",0.0862973831057105,6
"1284","ark;arc",0.173677911618482,6
"1285","arC;arch",0.0781416913366493,6
"1286","ar;are",2.23172512602006,6
"1287","arm;arm",0.0837585346057254,6
"1288","art;art",0.0857140798348105,6
"1289","beb;babe",0.0602451142051761,6
"1290","b@k;back",0.0682326472333577,6
"1291","bat;baht",2.08808768356428,6
"1292","bErn;bairn",0.170589236791271,6
"1293","bet;bait",0.0524643774040129,6
"1294","bek;bake",0.0601402610096111,6
"1295","bck;balk",0.0556031242102392,6
"1296","bam;balm",2.0531171578264,6
"1297","bar;bar",27.989052117899,6
"1298","barb;barb",2.28269481533344,6
"1299","barbd;barbed",0.20009148607264,6
"1300","barbX;barber",0.155036715075866,6
"1301","bard;bard",2.31726326509122,6
"1302","bEr;bare",1.79280458166967,6
"1303","barJ;barge",2.19468705929883,6
"1304","bark;bark",2.3010102080863,6
"1305","barkX;barker",0.0958359018508848,6
"1306","barn;barn",2.24395212329104,6
"1307","b@ro;barrow",0.133074124357523,6
"1308","b@S;bash",0.132951444794148,6
"1309","b@t;bat",0.0604713695631499,6
"1310","b@C;batch",0.114525352080572,6
"1311","biC;beach",0.111862009729804,6
"1312","bik;beak",0.0655202882403229,6
"1313","bim;beam",0.108720220555646,6
"1314","bIrd;beard",0.109539353721634,6
"1315","bit;beat",0.0577403723183118,6
"1316","bo;beau",0.0477005614415114,6
"1317","boz;beaux",0.0477005614415114,6
"1318","bEk;beck",0.10341336850837,6
"1319","bEd;bed",0.0526878227133359,6
"1320","bIn;been",0.0524902514961995,6
"1321","bIr;beer",1.7879563353136,6
"1322","bEg;beg",0.0511297440345979,6
"1323","bEl;bell",0.0527258984241379,6
"1324","bEri;berry",0.0563455887687177,6
"1325","bErL;beryl",0.0563455887687177,6
"1326","bEt;bet",0.0957846907445836,6
"1327","bIb;bib",0.10771889397507,6
"1328","bId;bid",0.0630082972513325,6
"1329","bIg;big",0.0533954447260252,6
"1330","bYt;bight",0.0480610801014963,6
"1331","bYk;bike",0.0556031242102392,6
"1332","bIl;bill",0.0547132166979607,6
"1333","bRC;birch",0.101066079128928,6
"1334","bIt;bit",0.0971542025379574,6
"1335","bIC;bitch",0.153188858932842,6
"1336","blEr;blare",0.0462281703122051,6
"1337","blIr;blear",0.0422002134479535,6
"1338","blab;blob",0.0688367814367224,6
"1339","blak;bloc",0.0571957890809417,6
"1340","blat;blot",0.0492258984828957,6
"1341","blaC;blotch",0.0974949200743775,6
"1342","box;boa",0.0477005614415114,6
"1343","bor;boar",1.78841247704906,6
"1344","bord;board",0.120405303249913,6
"1345","bot;boat",0.0940703057011106,6
"1346","bab;bob",2.19408269654369,6
"1347","babL;bobble",0.0651347795456157,6
"1348","babi;bobby",0.074737608935711,6
"1349","baCi;boccie",0.0946334857065726,6
"1350","bak;bock",2.16673550751389,6
"1351","bod;bode",0.0588780725995376,6
"1352","bol;bole",0.0518488105233747,6
"1353","bamX;bomber",0.0879589834167973,6
"1354","band;bond",0.0642370001385431,6
"1355","bon;bone",0.059485716066191,6
"1356","bUk;book",0.06684762464859,6
"1357","bum;boom",0.100464335766767,6
"1358","but;boot",0.0537632622656385,6
"1359","born;born",0.164618514283562,6
"1360","baro;borrow",2.23861119541634,6
"1361","baS;bosh",2.00284314378071,6
"1362","baC;botch",2.04247724646806,6
"1363","boT;both",0.0477005614415114,6
"1364","batL;bottle",0.0459633104085341,6
"1365","batM;bottom",0.0382865264492188,6
"1366","bct;bought",0.0480610801014963,6
"1367","bWt;bout",0.0462809171265539,6
"1368","baks;box",0.0421558338464056,6
"1369","b^k;buck",0.0617622384070355,6
"1370","b^m;bum",0.1034195101829,6
"1371","bUS;bush",0.122902736201251,6
"1372","b^t;but",0.054099120031786,6
"1373","kam;calm",0.160354762413617,6
"1374","kar;car",2.25026381841793,6
"1375","kard;card",0.146527204247156,6
"1376","kEr;care",0.11228278886478,6
"1377","karp;carp",0.0607874824993693,6
"1378","kart;cart",0.0733472601443919,6
"1379","karv;carve",0.058533703008828,6
"1380","CEr;chair",0.127036038825339,6
"1381","Car;char",2.23412447815913,6
"1382","Card;chard",0.163402577630733,6
"1383","CarJ;charge",0.220086822206038,6
"1384","Carm;charm",0.0883198418945661,6
"1385","Cart;chart",0.090363287288411,6
"1386","CIr;cheer",0.122333728371207,6
"1387","Cak;chock",0.127362965418691,6
"1388","Can;chon",0.0707608471488731,6
"1389","Cap;chop",0.0818441512921724,6
"1390","Cor;chore",0.1216971760249,6
"1391","kab;cob",0.13814941200851,6
"1392","kak;cock",0.122260708671888,6
"1393","kad;cod",0.0767837315443657,6
"1394","kag;cog",0.0731875241673804,6
"1395","kan;con",0.0702249525878433,6
"1396","kap;cop",0.081264187322918,6
"1397","kor;core",0.106947987816224,6
"1398","kat;cot",0.115807993798043,6
"1399","zar;czar",2.13105284156536,6
"1400","dEr;dare",0.0620916784525011,6
"1401","dark;dark",0.112256803091357,6
"1402","darn;darn",0.133273903972529,6
"1403","dIr;dear",0.0571372628878562,6
"1404","dak;dock",0.0616817338311619,6
"1405","dat;dot",0.049867462928844,6
"1406","Ir;ear",0.128856129210708,6
"1407","fEr;fair",0.133435921963995,6
"1408","far;far",2.23468566446848,6
"1409","fars;farce",0.0749620808442557,6
"1410","farm;farm",0.0818853289885133,6
"1411","fIr;fear",0.128687115940833,6
"1412","fYr;fire",0.0815469874295586,6
"1413","fab;fob",0.141831895575087,6
"1414","fap;fop",0.0804957837618173,6
"1415","for;for",0.128060092397866,6
"1416","garb;garb",0.125839424819221,6
"1417","gIr;gear",0.0569099730837103,6
"1418","gab;gob",0.0870020790268256,6
"1419","gor;gore",0.056358465086001,6
"1420","gat;got",0.0504724956969868,6
"1421","gard;guard",0.0979090869156947,6
"1422","hEr;hair",0.0629756189013218,6
"1423","hard;hard",0.0885857612624287,6
"1424","hark;hark",0.105210033285684,6
"1425","hIr;hear",0.0579739832035025,6
"1426","hab;hob",0.075600779271941,6
"1427","hak;hock",0.0632776201978747,6
"1428","hat;hot",0.0515353144725275,6
"1429","Wr;hour",0.0711210856108791,6
"1430","Yr;ire",0.0822375536936416,6
"1431","Jar;jar",2.22468173472964,6
"1432","JIr;jeer",0.12960602453571,6
"1433","Jab;job",0.16728644300178,6
"1434","Jag;jog",0.100302216933667,6
"1435","JaS;josh",0.208310820882541,6
"1436","Jas;joss",0.0929628909132429,6
"1437","Jat;jot",0.143537448858184,6
"1438","nab;knob",0.0828131731245257,6
"1439","nak;knock",0.0670999700801097,6
"1440","nat;knot",0.058635722839772,6
"1441","lEr;lair",0.0677504239762126,6
"1442","lard;lard",0.0974164553144136,6
"1443","larJ;large",0.152437503398736,6
"1444","lark;lark",0.11417321702691,6
"1445","lIr;leer",0.0622845654832355,6
"1446","lab;lob",0.0794799747103375,6
"1447","lak;loch",0.0662024550340844,6
"1448","lor;lore",0.0574170107092913,6
"1449","lat;lot",0.0541000711856163,6
"1450","ma;ma",0.0573476295469385,6
"1451","mar;mar",2.25816606383498,6
"1452","marC;march",0.0751458061512888,6
"1453","mEr;mare",0.11209711541933,6
"1454","marJ;marge",0.216040054447539,6
"1455","mark;mark",0.172184313335896,6
"1456","marl;marl",0.0719077283535144,6
"1457","marz;mars",0.0690177942890302,6
"1458","marS;marsh",0.0690177942890302,6
"1459","mart;mart",0.0812742240425676,6
"1460","mIr;mere",0.107246710649904,6
"1461","mYr;mire",0.061073084136093,6
"1462","mab;mob",0.128379723041088,6
"1463","mak;mock",0.115745546601537,6
"1464","mal;moll",0.0572700990796623,6
"1465","mor;moor",0.106650226891835,6
"1466","map;mop",0.0679569851506046,6
"1467","maro;morrow",0.219267234147006,6
"1468","nard;nard",0.0851611638593955,6
"1469","nIr;near",0.0569099730837103,6
"1470","nor;nor",0.056358465086001,6
"1471","naC;notch",0.0915915062000056,6
"1472","or;oar",0.128246247357187,6
"1473","ad;odd",0.0668816982355895,6
"1474","pa;pa",0.0645181041908618,6
"1475","pEr;pair",0.110323763109825,6
"1476","pam;palm",0.156632041561181,6
"1477","par;par",2.26224804270815,6
"1478","parx;para",0.0564257165692098,6
"1479","parC;parch",0.0625486798669608,6
"1480","pard;pard",0.143745328849056,6
"1481","park;park",0.159311686210288,6
"1482","pars;parse",0.0639671195634919,6
"1483","part;part",0.070497858988371,6
"1484","pIr;peer",0.10546488769684,6
"1485","pak;pock",0.122366856014422,6
"1486","pad;pod",0.0731064251354459,6
"1487","por;poor",0.104870950150949,6
"1488","pap;pop",0.0744825992845869,6
"1489","paS;posh",0.180049084709885,6
"1490","pat;pot",0.1122320332865,6
"1491","sam;psalm",0.100517141953829,6
"1492","pYr;pyre",0.0593718405198541,6
"1493","rEr;rare",0.0629756189013218,6
"1494","rIr;rear",0.0579739832035025,6
"1495","ror;roar",0.0574312754931729,6
"1496","rab;rob",0.0756497819202234,6
"1497","rak;rock",0.0600053252318467,6
"1498","rat;rot",0.0515847640873616,6
"1499","skar;scar",0.0624074704158417,6
"1500","sIr;sear",0.0569099730837103,6
"1501","Sard;shard",0.0885871561405029,6
"1502","SEr;share",0.0629756189013218,6
"1503","Sark;shark",0.105278213141562,6
"1504","SIr;shear",0.0579739832035025,6
"1505","Sak;shock",0.061547720855429,6
"1506","Sor;shore",0.0574312754931729,6
"1507","Sat;shot",0.0498664797894651,6
"1508","sor;soar",0.056358465086001,6
"1509","sab;sob",0.080681104003914,6
"1510","sak;sock",0.0649635172699642,6
"1511","saro;sorrow",0.139315503509437,6
"1512","sat;sot",0.0564891765072773,6
"1513","spar;spar",0.0574664523259594,6
"1514","star;star",0.0713553134987693,6
"1515","tar;tar",2.24245585614993,6
"1516","tEr;tare",0.130273605882318,6
"1517","tarn;tarn",0.191137606759141,6
"1518","tart;tart",0.0834925177239464,6
"1519","DEr;their",0.0611643813846685,6
"1520","tIr;tier",0.125440438493194,6
"1521","tYr;tire",0.0789519983399719,6
"1522","tag;tog",0.0705571679600813,6
"1523","tap;top",0.0770372643446231,6
"1524","tor;tor",0.124834943558692,6
"1525","tat;tot",0.117374406209388,6
"1526","tUr;tour",0.067813929661082,6
"1527","vIr;veer",0.0559683826616208,6
"1528","wor;war",0.0566307250964098,6
"1529","wEr;ware",0.0621367754875685,6
"1530","wat;watt",0.0485588449736226,6
"1531","hor;whore",0.0574312754931729,6
"1532","yat;yacht",0.0485588449736226,6
"1533","yard;yard",0.0947063232236518,6
"1534","yarn;yarn",0.132432534534114,6
"1535","yIr;year",0.0569099730837103,6
"1536","yor;yore",0.056358465086001,6
"1537","xfar;afar",0.096903532377813,7
"1538","Er;air",0.165199773443358,7
"1539","xJar;ajar",0.104776922337555,7
"1540","ark;arc",0.214299502062471,7
"1541","arC;arch",0.0969263183152411,7
"1542","ar;are",2.24082930325611,7
"1543","arm;arm",0.105204192881077,7
"1544","art;art",0.108605229899854,7
"1545","beb;babe",0.0725460003837485,7
"1546","b@k;back",0.0886939429909485,7
"1547","bat;baht",2.07251023480165,7
"1548","bErn;bairn",0.205158809162286,7
"1549","bet;bait",0.0675970400173805,7
"1550","bek;bake",0.0766231349394341,7
"1551","bck;balk",0.0699422237613578,7
"1552","bam;balm",2.0346957288389,7
"1553","bar;bar",23.042820715479,7
"1554","barb;barb",2.30579791749087,7
"1555","barbd;barbed",0.240455111065536,7
"1556","barbX;barber",0.192606290957293,7
"1557","bard;bard",2.35664701955919,7
"1558","bEr;bare",1.73239225116647,7
"1559","barJ;barge",2.19657776674589,7
"1560","bark;bark",2.32551509145515,7
"1561","barkX;barker",0.117684638593583,7
"1562","barn;barn",2.26198695215787,7
"1563","b@ro;barrow",0.156206214939715,7
"1564","b@S;bash",0.159988157668377,7
"1565","b@t;bat",0.0795616446683629,7
"1566","b@C;batch",0.141500149976964,7
"1567","biC;beach",0.137663191287764,7
"1568","bik;beak",0.0847642112325736,7
"1569","bim;beam",0.132934789303432,7
"1570","bIrd;beard",0.130430839295017,7
"1571","bit;beat",0.0755963995651447,7
"1572","bo;beau",0.0583592851002992,7
"1573","boz;beaux",0.0583592851002992,7
"1574","bEk;beck",0.126738309794262,7
"1575","bEd;bed",0.0642708015772571,7
"1576","bIn;been",0.0655820465077595,7
"1577","bIr;beer",1.72390667476112,7
"1578","bEg;beg",0.0618295899585749,7
"1579","bEl;bell",0.0642223233829421,7
"1580","bEri;berry",0.0694472175455882,7
"1581","bErL;beryl",0.0694472175455882,7
"1582","bEt;bet",0.117745990172425,7
"1583","bIb;bib",0.130452211299966,7
"1584","bId;bid",0.0809117035931409,7
"1585","bIg;big",0.0667981817407039,7
"1586","bYt;bight",0.0611010924934284,7
"1587","bYk;bike",0.0699422237613578,7
"1588","bIl;bill",0.0688105418264521,7
"1589","bRC;birch",0.121529052489918,7
"1590","bIt;bit",0.121494388460099,7
"1591","bIC;bitch",0.186422463605182,7
"1592","blEr;blare",0.0543837520988279,7
"1593","blIr;blear",0.0497956277809992,7
"1594","blab;blob",0.0853700138295631,7
"1595","blak;bloc",0.0717132660622393,7
"1596","blat;blot",0.0622161077633038,7
"1597","blaC;blotch",0.116429001688264,7
"1598","box;boa",0.0583592851002992,7
"1599","bor;boar",1.72469823713049,7
"1600","bord;board",0.146182585316015,7
"1601","bot;boat",0.116884788487045,7
"1602","bab;bob",2.19802203576062,7
"1603","babL;bobble",0.0801007579249909,7
"1604","babi;bobby",0.0935419606878158,7
"1605","baCi;boccie",0.112112022696378,7
"1606","bak;bock",2.16599086673695,7
"1607","bod;bode",0.0750050420901186,7
"1608","bol;bole",0.0645557256920045,7
"1609","bamX;bomber",0.101953604546152,7
"1610","band;bond",0.0757818450065315,7
"1611","bon;bone",0.0756872053735043,7
"1612","bUk;book",0.086080444069578,7
"1613","bum;boom",0.120614728556392,7
"1614","but;boot",0.0693553936612284,7
"1615","born;born",0.197657316016266,7
"1616","baro;borrow",2.2593590075855,7
"1617","baS;bosh",1.96969591999345,7
"1618","baC;botch",2.01979737225972,7
"1619","boT;both",0.0583592851002992,7
"1620","batL;bottle",0.0572244883349722,7
"1621","batM;bottom",0.0459763105801261,7
"1622","bct;bought",0.0611010924934284,7
"1623","bWt;bout",0.0584008839122336,7
"1624","baks;box",0.0492013492736523,7
"1625","b^k;buck",0.0790379518930635,7
"1626","b^m;bum",0.125036789021703,7
"1627","bUS;bush",0.14518261239835,7
"1628","b^t;but",0.0700366484780236,7
"1629","kam;calm",0.194515902581338,7
"1630","kar;car",2.26500617533407,7
"1631","kard;card",0.183957551837396,7
"1632","kEr;care",0.137473260915989,7
"1633","karp;carp",0.075029977576356,7
"1634","kart;cart",0.0943139431783971,7
"1635","karv;carve",0.0715708511717004,7
"1636","CEr;chair",0.155265804608788,7
"1637","Car;char",2.24448994470253,7
"1638","Card;chard",0.204821176994073,7
"1639","CarJ;charge",0.265848835791181,7
"1640","Carm;charm",0.111869344669429,7
"1641","Cart;chart",0.11543815753022,7
"1642","CIr;cheer",0.149769895791241,7
"1643","Cak;chock",0.156897323016251,7
"1644","Can;chon",0.0855519067080037,7
"1645","Cap;chop",0.102337178560009,7
"1646","Cor;chore",0.148791768908479,7
"1647","kab;cob",0.174023769438478,7
"1648","kak;cock",0.154037836730106,7
"1649","kad;cod",0.099123075292111,7
"1650","kag;cog",0.0938523369384749,7
"1651","kan;con",0.089235453668605,7
"1652","kap;cop",0.106232367224119,7
"1653","kor;core",0.131005884931906,7
"1654","kat;cot",0.146972589544113,7
"1655","zar;czar",2.11303633797771,7
"1656","dEr;dare",0.078590367414922,7
"1657","dark;dark",0.142645169818108,7
"1658","darn;darn",0.16417997931373,7
"1659","dIr;dear",0.0727364269489134,7
"1660","dak;dock",0.0792811081496582,7
"1661","dat;dot",0.0639733182146106,7
"1662","Ir;ear",0.159539753869064,7
"1663","fEr;fair",0.163750879344886,7
"1664","far;far",2.2461829510786,7
"1665","fars;farce",0.090721403828675,7
"1666","farm;farm",0.101071521846754,7
"1667","fIr;fear",0.158189424922594,7
"1668","fYr;fire",0.100649357681076,7
"1669","fab;fob",0.17372759480854,7
"1670","fap;fop",0.0993238013624528,7
"1671","for;for",0.157224273638951,7
"1672","garb;garb",0.149733652550807,7
"1673","gIr;gear",0.0723922722675493,7
"1674","gab;gob",0.112710113190608,7
"1675","gor;gore",0.0715361366443839,7
"1676","gat;got",0.0649503622247481,7
"1677","gard;guard",0.126614021010439,7
"1678","hEr;hair",0.0799517328452448,7
"1679","hard;hard",0.113290532752625,7
"1680","hark;hark",0.132227385136341,7
"1681","hIr;hear",0.0740278406966791,7
"1682","hab;hob",0.0962649908857741,7
"1683","hak;hock",0.0816855110199342,7
"1684","hat;hot",0.0665433367638125,7
"1685","Wr;hour",0.0860161282085607,7
"1686","Yr;ire",0.102730931560151,7
"1687","Jar;jar",2.23383490331114,7
"1688","JIr;jeer",0.15688686044253,7
"1689","Jab;job",0.208950364718211,7
"1690","Jag;jog",0.125747992229823,7
"1691","JaS;josh",0.248840831721291,7
"1692","Jas;joss",0.114737756201879,7
"1693","Jat;jot",0.179689374791774,7
"1694","nab;knob",0.106700691049228,7
"1695","nak;knock",0.0869900369296601,7
"1696","nat;knot",0.0768262389928583,7
"1697","lEr;lair",0.0868560210532127,7
"1698","lard;lard",0.126398558677824,7
"1699","larJ;large",0.184991694788072,7
"1700","lark;lark",0.145528195115237,7
"1701","lIr;leer",0.0802867709612234,7
"1702","lab;lob",0.102130076032563,7
"1703","lak;loch",0.0862349765040066,7
"1704","lor;lore",0.0731956235551288,7
"1705","lat;lot",0.0705133873302523,7
"1706","ma;ma",0.0712031493848429,7
"1707","mar;mar",2.27609433777825,7
"1708","marC;march",0.0984204546461965,7
"1709","mEr;mare",0.138527458853179,7
"1710","marJ;marge",0.265698846971134,7
"1711","mark;mark",0.218164518974641,7
"1712","marl;marl",0.0934755222734622,7
"1713","marz;mars",0.0891270763809607,7
"1714","marS;marsh",0.0891270763809607,7
"1715","mart;mart",0.108049345206414,7
"1716","mIr;mere",0.132818918405091,7
"1717","mYr;mire",0.0766673592540095,7
"1718","mab;mob",0.160400222968213,7
"1719","mak;mock",0.145374173072102,7
"1720","mal;moll",0.0711287062741266,7
"1721","mor;moor",0.131898007587279,7
"1722","map;mop",0.0873043377550277,7
"1723","maro;morrow",0.270345194246267,7
"1724","nard;nard",0.108092099007779,7
"1725","nIr;near",0.0723922722675493,7
"1726","nor;nor",0.0715361366443839,7
"1727","naC;notch",0.107618383680598,7
"1728","or;oar",0.158598387673133,7
"1729","ad;odd",0.0798553983692318,7
"1730","pa;pa",0.082429064053478,7
"1731","pEr;pair",0.136438072045504,7
"1732","pam;palm",0.190541468417685,7
"1733","par;par",2.28146460633066,7
"1734","parx;para",0.070536977307181,7
"1735","parC;parch",0.0798601273352623,7
"1736","pard;pard",0.181997657859763,7
"1737","park;park",0.199184597963839,7
"1738","pars;parse",0.0816207969903357,7
"1739","part;part",0.0922383365607868,7
"1740","pIr;peer",0.130717286738289,7
"1741","pak;pock",0.15583434306597,7
"1742","pad;pod",0.0951906215988903,7
"1743","por;poor",0.129800058940217,7
"1744","pap;pop",0.0976526200186618,7
"1745","paS;posh",0.216562723265688,7
"1746","pat;pot",0.143231251802282,7
"1747","sam;psalm",0.120882189889558,7
"1748","pYr;pyre",0.0746813137526586,7
"1749","rEr;rare",0.0799517328452448,7
"1750","rIr;rear",0.0740278406966791,7
"1751","ror;roar",0.0731844151093584,7
"1752","rab;rob",0.0963231872606748,7
"1753","rak;rock",0.0767119162915261,7
"1754","rat;rot",0.0666022878931931,7
"1755","skar;scar",0.077266292541138,7
"1756","sIr;sear",0.0723922722675493,7
"1757","Sard;shard",0.113293135865432,7
"1758","SEr;share",0.0799517328452448,7
"1759","Sark;shark",0.132323363821029,7
"1760","SIr;shear",0.0740278406966791,7
"1761","Sak;shock",0.0790208666219729,7
"1762","Sor;shore",0.0731844151093584,7
"1763","Sat;shot",0.0639704830735443,7
"1764","sor;soar",0.0715361366443839,7
"1765","sab;sob",0.103743058663898,7
"1766","sak;sock",0.0840243369747764,7
"1767","saro;sorrow",0.165584662944186,7
"1768","sat;sot",0.0738419296837631,7
"1769","spar;spar",0.0716480736973575,7
"1770","star;star",0.0875004042099681,7
"1771","tar;tar",2.25580075640585,7
"1772","tEr;tare",0.161178515260702,7
"1773","tarn;tarn",0.231506408351626,7
"1774","tart;tart",0.10597334965747,7
"1775","DEr;their",0.0771677834532337,7
"1776","tIr;tier",0.155497379179878,7
"1777","tYr;tire",0.0988765863768343,7
"1778","tag;tog",0.0864299127171969,7
"1779","tap;top",0.0962882334624616,7
"1780","tor;tor",0.15456239626678,7
"1781","tat;tot",0.145650752356139,7
"1782","tUr;tour",0.0821307641039488,7
"1783","vIr;veer",0.0709498406376985,7
"1784","wor;war",0.0719468988993358,7
"1785","wEr;ware",0.0786572290973069,7
"1786","wat;watt",0.0619486758195653,7
"1787","hor;whore",0.0731844151093584,7
"1788","yat;yacht",0.0619486758195653,7
"1789","yard;yard",0.122348197069403,7
"1790","yarn;yarn",0.162948483075139,7
"1791","yIr;year",0.0723922722675493,7
"1792","yor;yore",0.0715361366443839,7
"1793","xfar;afar",0.112958106481324,8
"1794","Er;air",0.195093338890161,8
"1795","xJar;ajar",0.121434827399214,8
"1796","ark;arc",0.252717192513425,8
"1797","arC;arch",0.114910254370532,8
"1798","ar;are",2.2127857640505,8
"1799","arm;arm",0.126074266842686,8
"1800","art;art",0.131406407308233,8
"1801","beb;babe",0.0834901740033962,8
"1802","b@k;back",0.109631151784747,8
"1803","bat;baht",2.02549590058785,8
"1804","bErn;bairn",0.23574609871008,8
"1805","bet;bait",0.0830292510809599,8
"1806","bek;bake",0.0931429316125483,8
"1807","bck;balk",0.0841274907902985,8
"1808","bam;balm",1.98512340869002,8
"1809","bar;bar",19.0857509816553,8
"1810","barb;barb",2.2914583934196,8
"1811","barbd;barbed",0.276127277331601,8
"1812","barbX;barber",0.227999795712712,8
"1813","bard;bard",2.36043250643418,8
"1814","bEr;bare",1.65104053444442,8
"1815","barJ;barge",2.16237660670813,8
"1816","bark;bark",2.31217429552688,8
"1817","barkX;barker",0.137994998158088,8
"1818","barn;barn",2.24429284632472,8
"1819","b@ro;barrow",0.175172949898116,8
"1820","b@S;bash",0.183855358858164,8
"1821","b@t;bat",0.0993995365016802,8
"1822","b@C;batch",0.166821850084068,8
"1823","biC;beach",0.161765447833589,8
"1824","bik;beak",0.104424175633357,8
"1825","bim;beam",0.155237400723305,8
"1826","bIrd;beard",0.148506031202796,8
"1827","bit;beat",0.0941345430549816,8
"1828","bo;beau",0.0683577979175746,8
"1829","boz;beaux",0.0683577979175746,8
"1830","bEk;beck",0.148680597154095,8
"1831","bEd;bed",0.0750422524964284,8
"1832","bIn;been",0.0783240796475546,8
"1833","bIr;beer",1.6384281036938,8
"1834","bEg;beg",0.0715525979196758,8
"1835","bEl;bell",0.0748431305879165,8
"1836","bEri;berry",0.0817200351457433,8
"1837","bErL;beryl",0.0817200351457433,8
"1838","bEt;bet",0.138564910935765,8
"1839","bIb;bib",0.151056399033757,8
"1840","bId;bid",0.0988169569184669,8
"1841","bIg;big",0.0798138266775689,8
"1842","bYt;bight",0.0742486049032121,8
"1843","bYk;bike",0.0841274907902985,8
"1844","bIl;bill",0.0826295978451006,8
"1845","bRC;birch",0.13966264252199,8
"1846","bIt;bit",0.145311695776422,8
"1847","bIC;bitch",0.216859074858716,8
"1848","blEr;blare",0.0611746399793402,8
"1849","blIr;blear",0.0561539649577435,8
"1850","blab;blob",0.101027886546963,8
"1851","blak;bloc",0.0857166708184747,8
"1852","blat;blot",0.074898473428741,8
"1853","blaC;blotch",0.132988982583888,8
"1854","box;boa",0.0683577979175746,8
"1855","bor;boar",1.63964484176694,8
"1856","bord;board",0.169438912229318,8
"1857","bot;boat",0.139008261176163,8
"1858","bab;bob",2.16715851290992,8
"1859","babL;bobble",0.0941137214484266,8
"1860","babi;bobby",0.111366839855138,8
"1861","baCi;boccie",0.126999554596696,8
"1862","bak;bock",2.13130301030583,8
"1863","bod;bode",0.0910715036999319,8
"1864","bol;bole",0.076846864681532,8
"1865","bamX;bomber",0.112865894849827,8
"1866","band;bond",0.0854322867374272,8
"1867","bon;bone",0.0917112159595207,8
"1868","bUk;book",0.105339929203914,8
"1869","bum;boom",0.138383348490023,8
"1870","but;boot",0.0851909389400004,8
"1871","born;born",0.226714758794294,8
"1872","baro;borrow",2.2445868369209,8
"1873","baS;bosh",1.90580228755705,8
"1874","baC;botch",1.96605857086449,8
"1875","boT;both",0.0683577979175746,8
"1876","batL;bottle",0.0679085089296269,8
"1877","batM;bottom",0.0527872510284028,8
"1878","bct;bought",0.0742486049032121,8
"1879","bWt;bout",0.0704906836877224,8
"1880","baks;box",0.0548324427527572,8
"1881","b^k;buck",0.096438192815916,8
"1882","b^m;bum",0.144452584439059,8
"1883","bUS;bush",0.163852433382385,8
"1884","b^t;but",0.0863658732923716,8
"1885","kam;calm",0.225643991104965,8
"1886","kar;car",2.24301411599279,8
"1887","kard;card",0.220753347665851,8
"1888","kEr;care",0.160991276666496,8
"1889","karp;carp",0.0885094252166624,8
"1890","kart;cart",0.115639614121731,8
"1891","karv;carve",0.0836471753913482,8
"1892","CEr;chair",0.181476536501125,8
"1893","Car;char",2.21789028749218,8
"1894","Card;chard",0.245293969579906,8
"1895","CarJ;charge",0.306794039332359,8
"1896","Carm;charm",0.134994136644331,8
"1897","Cart;chart",0.140601155563585,8
"1898","CIr;cheer",0.175348529492567,8
"1899","Cak;chock",0.184798949665295,8
"1900","Can;chon",0.0988505651849684,8
"1901","Cap;chop",0.122151202857217,8
"1902","Cor;chore",0.1739713849014,8
"1903","kab;cob",0.209409378882655,8
"1904","kak;cock",0.185472289298836,8
"1905","kad;cod",0.121776368087136,8
"1906","kag;cog",0.114679494001882,8
"1907","kan;con",0.108107623091948,8
"1908","kap;cop",0.132071251158189,8
"1909","kor;core",0.153496187718468,8
"1910","kat;cot",0.178222491252285,8
"1911","zar;czar",2.05838820263458,8
"1912","dEr;dare",0.0950330161784091,8
"1913","dark;dark",0.172810086823844,8
"1914","darn;darn",0.19304859209521,8
"1915","dIr;dear",0.0884400468050429,8
"1916","dak;dock",0.0972882942398571,8
"1917","dat;dot",0.0784348972374298,8
"1918","Ir;ear",0.188753295312021,8
"1919","fEr;fair",0.192134291526693,8
"1920","far;far",2.22084407040939,8
"1921","fars;farce",0.104920310271748,8
"1922","farm;farm",0.119098683996316,8
"1923","fIr;fear",0.185921709427143,8
"1924","fYr;fire",0.118639221283588,8
"1925","fab;fob",0.203514910479838,8
"1926","fap;fop",0.117168960317454,8
"1927","for;for",0.184560652122766,8
"1928","garb;garb",0.170313662697182,8
"1929","gIr;gear",0.0879622770429044,8
"1930","gab;gob",0.138770720304121,8
"1931","gor;gore",0.08674529978274,8
"1932","gat;got",0.0798622977224329,8
"1933","gard;guard",0.155813141394805,8
"1934","hEr;hair",0.0969548015022474,8
"1935","hard;hard",0.138376963386686,8
"1936","hark;hark",0.158711403609622,8
"1937","hIr;hear",0.0902668051594391,8
"1938","hab;hob",0.117039187080212,8
"1939","hak;hock",0.100616314342367,8
"1940","hat;hot",0.0820637409737662,8
"1941","Wr;hour",0.0993832562508604,8
"1942","Yr;ire",0.122410042712484,8
"1943","Jar;jar",2.20625088128933,8
"1944","JIr;jeer",0.181700453509197,8
"1945","Jab;job",0.249113621686464,8
"1946","Jag;jog",0.150232293585941,8
"1947","JaS;josh",0.284061807021802,8
"1948","Jas;joss",0.135093151046048,8
"1949","Jat;jot",0.214750532845684,8
"1950","nab;knob",0.13087935915452,8
"1951","nak;knock",0.1073358679508,8
"1952","nat;knot",0.0957118470646517,8
"1953","lEr;lair",0.106105128480152,8
"1954","lard;lard",0.156202884527038,8
"1955","larJ;large",0.21444148375546,8
"1956","lark;lark",0.176794750590599,8
"1957","lIr;leer",0.0985925940281049,8
"1958","lab;lob",0.125159881694793,8
"1959","lak;loch",0.107078324100411,8
"1960","lor;lore",0.089121550883413,8
"1961","lat;lot",0.0876803274234954,8
"1962","ma;ma",0.0844976617516854,8
"1963","mar;mar",2.25779092651288,8
"1964","marC;march",0.122632895925187,8
"1965","mEr;mare",0.163692208505816,8
"1966","marJ;marge",0.312173938365905,8
"1967","mark;mark",0.263860482745175,8
"1968","marl;marl",0.115711701706872,8
"1969","marz;mars",0.109711045035842,8
"1970","marS;marsh",0.109711045035842,8
"1971","mart;mart",0.13646639954441,8
"1972","mIr;mere",0.157284684873449,8
"1973","mYr;mire",0.0918288553804057,8
"1974","mab;mob",0.191523576355815,8
"1975","mak;mock",0.174513926959459,8
"1976","mal;moll",0.0844570959270984,8
"1977","mor;moor",0.15598229751958,8
"1978","map;mop",0.106893844513892,8
"1979","maro;morrow",0.318273256593449,8
"1980","nard;nard",0.131143594064881,8
"1981","nIr;near",0.0879622770429044,8
"1982","nor;nor",0.08674529978274,8
"1983","naC;notch",0.120956614683695,8
"1984","or;oar",0.18742242077496,8
"1985","ad;odd",0.0911780457363272,8
"1986","pa;pa",0.10031358160412,8
"1987","pEr;pair",0.161344588146724,8
"1988","pam;palm",0.221549034332405,8
"1989","par;par",2.26438532930263,8
"1990","parx;para",0.0843156162141702,8
"1991","parC;parch",0.0973281520002583,8
"1992","pard;pard",0.220261225721901,8
"1993","park;park",0.237969453619255,8
"1994","pars;parse",0.0992499753550258,8
"1995","part;part",0.114969385040181,8
"1996","pIr;peer",0.154920868888474,8
"1997","pak;pock",0.189350111184793,8
"1998","pad;pod",0.117707205177427,8
"1999","por;poor",0.153623355843971,8
"2000","pap;pop",0.12161932119559,8
"2001","paS;posh",0.248998948749986,8
"2002","pat;pot",0.174465232008583,8
"2003","sam;psalm",0.139021368579063,8
"2004","pYr;pyre",0.0896167795234921,8
"2005","rEr;rare",0.0969548015022474,8
"2006","rIr;rear",0.0902668051594391,8
"2007","ror;roar",0.0890666425026199,8
"2008","rab;rob",0.117098758585516,8
"2009","rak;rock",0.0936875115961281,8
"2010","rat;rot",0.0821243823835836,8
"2011","skar;scar",0.0912979840211827,8
"2012","sIr;sear",0.0879622770429044,8
"2013","Sard;shard",0.138381126674335,8
"2014","SEr;share",0.0969548015022474,8
"2015","Sark;shark",0.158834875528595,8
"2016","SIr;shear",0.0902668051594391,8
"2017","Sak;shock",0.0968546934650368,8
"2018","Sor;shore",0.0890666425026199,8
"2019","Sat;shot",0.0784286632106472,8
"2020","sor;soar",0.08674529978274,8
"2021","sab;sob",0.12712976576508,8
"2022","sak;sock",0.103573550716747,8
"2023","saro;sorrow",0.188082612186619,8
"2024","sat;sot",0.0919201271053711,8
"2025","spar;spar",0.0852026432326313,8
"2026","star;star",0.102485955347933,8
"2027","tar;tar",2.23228852662236,8
"2028","tEr;tare",0.190572738511643,8
"2029","tarn;tarn",0.267895926600019,8
"2030","tart;tart",0.128279909351311,8
"2031","DEr;their",0.0930322411464614,8
"2032","tIr;tier",0.184204641382896,8
"2033","tYr;tire",0.118109618896803,8
"2034","tag;tog",0.101197331783988,8
"2035","tap;top",0.114951620563769,8
"2036","tor;tor",0.182882251777268,8
"2037","tat;tot",0.172863514728597,8
"2038","tUr;tour",0.0950421276319583,8
"2039","vIr;veer",0.085936384704691,8
"2040","wor;war",0.0873134815634646,8
"2041","wEr;ware",0.095123865618262,8
"2042","wat;watt",0.0755634704583032,8
"2043","hor;whore",0.0890666425026199,8
"2044","yat;yacht",0.0755634704583032,8
"2045","yard;yard",0.150650979371166,8
"2046","yarn;yarn",0.19140204119503,8
"2047","yIr;year",0.0879622770429044,8
"2048","yor;yore",0.08674529978274,8
"2049","xfar;afar",0.127186013151751,9
"2050","Er;air",0.222912273626041,9
"2051","xJar;ajar",0.13602180858362,9
"2052","ark;arc",0.288378708904763,9
"2053","arC;arch",0.131824022933532,9
"2054","ar;are",2.15965084386658,9
"2055","arm;arm",0.1459519761983,9
"2056","art;art",0.153705182620009,9
"2057","beb;babe",0.0929906208223918,9
"2058","b@k;back",0.130526585237721,9
"2059","bat;baht",1.95935588824973,9
"2060","bErn;bairn",0.262067110287985,9
"2061","bet;bait",0.0984552601855353,9
"2062","bek;bake",0.109377779623495,9
"2063","bck;balk",0.0979443807572696,9
"2064","bam;balm",1.91596214233421,9
"2065","bar;bar",15.9096846885043,9
"2066","barb;barb",2.25129229034301,9
"2067","barbd;barbed",0.306777634076985,9
"2068","barbX;barber",0.260436989409811,9
"2069","bard;bard",2.33958717117515,9
"2070","bEr;bare",1.56028084646763,9
"2071","barJ;barge",2.10415815173689,9
"2072","bark;bark",2.27294950614167,9
"2073","barkX;barker",0.156424975514343,9
"2074","barn;barn",2.20235634234301,9
"2075","b@ro;barrow",0.190018067405624,9
"2076","b@S;bash",0.204303454017738,9
"2077","b@t;bat",0.119485347501619,9
"2078","b@C;batch",0.190019930739727,9
"2079","biC;beach",0.183769756759099,9
"2080","bik;beak",0.12405635945223,9
"2081","bim;beam",0.175292822014155,9
"2082","bIrd;beard",0.16370488271565,9
"2083","bit;beat",0.11292979167675,9
"2084","bo;beau",0.0776112206274633,9
"2085","boz;beaux",0.0776112206274633,9
"2086","bEk;beck",0.169031394397023,9
"2087","bEd;bed",0.0849092154067926,9
"2088","bIn;been",0.090515165826486,9
"2089","bIr;beer",1.54329433964247,9
"2090","bEg;beg",0.0802396305118618,9
"2091","bEl;bell",0.0844965729962602,9
"2092","bEri;berry",0.092954186211466,9
"2093","bErL;beryl",0.092954186211466,9
"2094","bEt;bet",0.158046964163622,9
"2095","bIb;bib",0.169344039866653,9
"2096","bId;bid",0.116282217615842,9
"2097","bIg;big",0.0922205820528791,9
"2098","bYt;bight",0.0873027720514226,9
"2099","bYk;bike",0.0979443807572696,9
"2100","bIl;bill",0.09592255722436,9
"2101","bRC;birch",0.15530826973606,9
"2102","bIt;bit",0.168271852688447,9
"2103","bIC;bitch",0.244142542971664,9
"2104","blEr;blare",0.0666319170799185,9
"2105","blIr;blear",0.0612869114018374,9
"2106","blab;blob",0.115523341804565,9
"2107","blak;bloc",0.0989111441017637,9
"2108","blat;blot",0.0869842251987743,9
"2109","blaC;blotch",0.147103962235254,9
"2110","box;boa",0.0776112206274633,9
"2111","bor;boar",1.54500943472635,9
"2112","bord;board",0.189855420640109,9
"2113","bot;boat",0.160185911555201,9
"2114","bab;bob",2.11362067659855,9
"2115","babL;bobble",0.106944108104179,9
"2116","babi;bobby",0.127769116466796,9
"2117","baCi;boccie",0.139271154604076,9
"2118","bak;bock",2.07482971004003,9
"2119","bod;bode",0.106733244664054,9
"2120","bol;bole",0.0885490701380394,9
"2121","bamX;bomber",0.120833076013555,9
"2122","band;bond",0.0931924873524068,9
"2123","bon;bone",0.10719536803273,9
"2124","bUk;book",0.124128962778298,9
"2125","bum;boom",0.153619571309717,9
"2126","but;boot",0.100923934676068,9
"2127","born;born",0.251526651731295,9
"2128","baro;borrow",2.20528866511292,9
"2129","baS;bosh",1.82324395720278,9
"2130","baC;botch",1.89310237138017,9
"2131","boT;both",0.0776112206274633,9
"2132","batL;bottle",0.0777944621112674,9
"2133","batM;bottom",0.0586717165195279,9
"2134","bct;bought",0.0873027720514226,9
"2135","bWt;bout",0.0823827632377556,9
"2136","baks;box",0.0590895471329616,9
"2137","b^k;buck",0.11360301068892,9
"2138","b^m;bum",0.161453644732829,9
"2139","bUS;bush",0.178893094127018,9
"2140","b^t;but",0.102742725206718,9
"2141","kam;calm",0.253438064627991,9
"2142","kar;car",2.1962796894224,9
"2143","kard;card",0.25633658169165,9
"2144","kEr;care",0.182580194846656,9
"2145","karp;carp",0.101034826937044,9
"2146","kart;cart",0.136896841150722,9
"2147","karv;carve",0.0946163131564889,9
"2148","CEr;chair",0.205379454682675,9
"2149","Car;char",2.16632394107909,9
"2150","Card;chard",0.284143549165019,9
"2151","CarJ;charge",0.342485835696127,9
"2152","Carm;charm",0.157162700111965,9
"2153","Cart;chart",0.1653218118054,9
"2154","CIr;cheer",0.198783901562765,9
"2155","Cak;chock",0.210710118651872,9
"2156","Can;chon",0.110522822391438,9
"2157","Cap;chop",0.140922761923656,9
"2158","Cor;chore",0.196962084446761,9
"2159","kab;cob",0.243699406622696,9
"2160","kak;cock",0.21606167702045,9
"2161","kad;cod",0.144213381749112,9
"2162","kag;cog",0.135210353162607,9
"2163","kan;con",0.126446338433008,9
"2164","kap;cop",0.158170869843176,9
"2165","kor;core",0.174177149573659,9
"2166","kat;cot",0.209049715661431,9
"2167","zar;czar",1.97980688021638,9
"2168","dEr;dare",0.11114424022205,9
"2169","dark;dark",0.202111389354973,9
"2170","darn;darn",0.219370361430192,9
"2171","dIr;dear",0.10398253103849,9
"2172","dak;dock",0.115388337216681,9
"2173","dat;dot",0.0930372107881151,9
"2174","Ir;ear",0.216059375777928,9
"2175","fEr;fair",0.218233189961939,9
"2176","far;far",2.17053961668421,9
"2177","fars;farce",0.117402941225557,9
"2178","farm;farm",0.135651959891508,9
"2179","fIr;fear",0.211535196235085,9
"2180","fYr;fire",0.135219559424895,9
"2181","fab;fob",0.23084908496153,9
"2182","fap;fop",0.133782296977197,9
"2183","for;for",0.209731986681665,9
"2184","garb;garb",0.187509206192435,9
"2185","gIr;gear",0.103359049837934,9
"2186","gab;gob",0.16452814766606,9
"2187","gor;gore",0.101734602858868,9
"2188","gat;got",0.0949762015197473,9
"2189","gard;guard",0.184834589135087,9
"2190","hEr;hair",0.113693979415554,9
"2191","hard;hard",0.163407046189156,9
"2192","hark;hark",0.184201489448867,9
"2193","hIr;hear",0.106410885509854,9
"2194","hab;hob",0.137549211172568,9
"2195","hak;hock",0.119727467546734,9
"2196","hat;hot",0.0978515736937192,9
"2197","Wr;hour",0.111073838476748,9
"2198","Yr;ire",0.140877154327086,9
"2199","Jar;jar",2.15381739964727,9
"2200","JIr;jeer",0.203865658794394,9
"2201","Jab;job",0.287025521195563,9
"2202","Jag;jog",0.173207278587813,9
"2203","JaS;josh",0.313755061524587,9
"2204","Jas;joss",0.153643106607973,9
"2205","Jat;jot",0.248090022879839,9
"2206","nab;knob",0.154802522672804,9
"2207","nak;knock",0.127691127916847,9
"2208","nat;knot",0.114876533439963,9
"2209","lEr;lair",0.12509254885642,9
"2210","lard;lard",0.186181904205041,9
"2211","larJ;large",0.240423381713924,9
"2212","lark;lark",0.20729969969931,9
"2213","lIr;leer",0.116816335928291,9
"2214","lab;lob",0.14810807037312,9
"2215","lak;loch",0.128325002073765,9
"2216","lor;lore",0.104922760159416,9
"2217","lat;lot",0.105300263881302,9
"2218","ma;ma",0.0970334575820666,9
"2219","mar;mar",2.21520082312005,9
"2220","marC;march",0.147233502289547,9
"2221","mEr;mare",0.187258347713991,9
"2222","marJ;marge",0.354775575573342,9
"2223","mark;mark",0.308415648460579,9
"2224","marl;marl",0.138129524602903,9
"2225","marz;mars",0.130342357758321,9
"2226","marS;marsh",0.130342357758321,9
"2227","mart;mart",0.165870493362974,9
"2228","mIr;mere",0.180317821605887,9
"2229","mYr;mire",0.106258562876909,9
"2230","mab;mob",0.221260985025889,9
"2231","mak;mock",0.202715686953076,9
"2232","mal;moll",0.0970658887254885,9
"2233","mor;moor",0.17858764797058,9
"2234","map;mop",0.126310252098527,9
"2235","maro;morrow",0.362257406704226,9
"2236","nard;nard",0.153946667828901,9
"2237","nIr;near",0.103359049837934,9
"2238","nor;nor",0.101734602858868,9
"2239","naC;notch",0.131685266558037,9
"2240","or;oar",0.214292086811644,9
"2241","ad;odd",0.10080317820286,9
"2242","pa;pa",0.117765308747683,9
"2243","pEr;pair",0.184710534400868,9
"2244","pam;palm",0.249290964831794,9
"2245","par;par",2.2228791936045,9
"2246","parx;para",0.097563620376408,9
"2247","parC;parch",0.114633965476599,9
"2248","pard;pard",0.257924336650893,9
"2249","park;park",0.27504561411426,9
"2250","pars;parse",0.116480601999443,9
"2251","part;part",0.138230932718461,9
"2252","pIr;peer",0.177749907517125,9
"2253","pak;pock",0.222267450751821,9
"2254","pad;pod",0.140063231805175,9
"2255","por;poor",0.176025787096443,9
"2256","pap;pop",0.145774026765016,9
"2257","paS;posh",0.277103640687535,9
"2258","pat;pot",0.205360289815905,9
"2259","sam;psalm",0.154807931667073,9
"2260","pYr;pyre",0.103877619617061,9
"2261","rEr;rare",0.113693979415554,9
"2262","rIr;rear",0.106410885509854,9
"2263","ror;roar",0.104807333893635,9
"2264","rab;rob",0.137600603949084,9
"2265","rak;rock",0.110655285732501,9
"2266","rat;rot",0.0979042920754436,9
"2267","skar;scar",0.10424274475559,9
"2268","sIr;sear",0.103359049837934,9
"2269","Sard;shard",0.163413037373944,9
"2270","SEr;share",0.113693979415554,9
"2271","Sark;shark",0.184350302717354,9
"2272","SIr;shear",0.106410885509854,9
"2273","Sak;shock",0.114737484006613,9
"2274","Sor;shore",0.104807333893635,9
"2275","Sat;shot",0.093025635905895,9
"2276","sor;soar",0.101734602858868,9
"2277","sab;sob",0.150348393039347,9
"2278","sak;sock",0.123218941881526,9
"2279","saro;sorrow",0.206711262368295,9
"2280","sat;sot",0.110362547386562,9
"2281","spar;spar",0.0978542685388803,9
"2282","star;star",0.116078358028157,9
"2283","tar;tar",2.18379253103414,9
"2284","tEr;tare",0.218019980907211,9
"2285","tarn;tarn",0.299874480423165,9
"2286","tart;tart",0.149956399808427,9
"2287","DEr;their",0.10849902787577,9
"2288","tIr;tier",0.21113217248304,9
"2289","tYr;tire",0.136256962271606,9
"2290","tag;tog",0.114661188052065,9
"2291","tap;top",0.132705843096008,9
"2292","tor;tor",0.209375448072671,9
"2293","tat;tot",0.198660021488829,9
"2294","tUr;tour",0.106403597776083,9
"2295","vIr;veer",0.100684145371909,9
"2296","wor;war",0.102473423366343,9
"2297","wEr;ware",0.111260258691504,9
"2298","wat;watt",0.0892096468569363,9
"2299","hor;whore",0.104807333893635,9
"2300","yat;yacht",0.0892096468569363,9
"2301","yard;yard",0.179023960636589,9
"2302","yarn;yarn",0.21730824369084,9
"2303","yIr;year",0.103359049837934,9
"2304","yor;yore",0.101734602858868,9
"2305","xfar;afar",0.13946809823181,10
"2306","Er;air",0.248445566152381,10
"2307","xJar;ajar",0.148458765677662,10
"2308","ark;arc",0.321028814704848,10
"2309","arC;arch",0.147526890158054,10
"2310","ar;are",2.09034974466923,10
"2311","arm;arm",0.164569156476645,10
"2312","art;art",0.175216129578457,10
"2313","beb;babe",0.101072682870479,10
"2314","b@k;back",0.150976866932589,10
"2315","bat;baht",1.8828713335589,10
"2316","bErn;bairn",0.28415364874,10
"2317","bet;bait",0.113649259435271,10
"2318","bek;bake",0.125099492266365,10
"2319","bck;balk",0.11125460582044,10
"2320","bam;balm",1.83540340124821,10
"2321","bar;bar",13.3516605417357,10
"2322","barb;barb",2.19388574761714,10
"2323","barbd;barbed",0.332437652409894,10
"2324","barbX;barber",0.289469777157942,10
"2325","bard;bard",2.30213758986399,10
"2326","bEr;bare",1.46766187809209,10
"2327","barJ;barge",2.03076826696856,10
"2328","bark;bark",2.2167194929566,10
"2329","barkX;barker",0.172808439787351,10
"2330","barn;barn",2.14456299698745,10
"2331","b@ro;barrow",0.201020868704786,10
"2332","b@S;bash",0.221343133688081,10
"2333","b@t;bat",0.139418495109032,10
"2334","b@C;batch",0.210847812088694,10
"2335","biC;beach",0.203485913943741,10
"2336","bik;beak",0.143317055482508,10
"2337","bim;beam",0.192969140006348,10
"2338","bIrd;beard",0.176154409970146,10
"2339","bit;beat",0.13164244028479,10
"2340","bo;beau",0.0861067162318093,10
"2341","boz;beaux",0.0861067162318093,10
"2342","bEk;beck",0.187737796478097,10
"2343","bEd;bed",0.0938606936766889,10
"2344","bIn;been",0.102034064011936,10
"2345","bIr;beer",1.44626559318698,10
"2346","bEg;beg",0.0879156147439678,10
"2347","bEl;bell",0.0931787145161912,10
"2348","bEri;berry",0.103045139485567,10
"2349","bErL;beryl",0.103045139485567,10
"2350","bEt;bet",0.176142108324159,10
"2351","bIb;bib",0.185317198607895,10
"2352","bId;bid",0.132992859043383,10
"2353","bIg;big",0.103886508577132,10
"2354","bYt;bight",0.100126374198687,10
"2355","bYk;bike",0.11125460582044,10
"2356","bIl;bill",0.108532505735133,10
"2357","bRC;birch",0.168489928340102,10
"2358","bIt;bit",0.190181671746125,10
"2359","bIC;bitch",0.268185752897629,10
"2360","blEr;blare",0.0708651651602036,10
"2361","blIr;blear",0.0652832295249943,10
"2362","blab;blob",0.128703005449108,10
"2363","blak;bloc",0.111115628315529,10
"2364","blat;blot",0.0982844072129903,10
"2365","blaC;blotch",0.158864570099795,10
"2366","box;boa",0.0861067162318093,10
"2367","bor;boar",1.4485313253091,10
"2368","bord;board",0.207353722027222,10
"2369","bot;boat",0.180297075473377,10
"2370","bab;bob",2.04622960404391,10
"2371","babL;bobble",0.118474258478838,10
"2372","babi;bobby",0.142486749264413,10
"2373","baCi;boccie",0.149059516648435,10
"2374","bak;bock",2.00538906898382,10
"2375","bod;bode",0.121749850289304,10
"2376","bol;bole",0.0995720951358527,10
"2377","bamX;bomber",0.126142801462139,10
"2378","band;bond",0.0991812232627166,10
"2379","bon;bone",0.121894352525968,10
"2380","bUk;book",0.142091551911073,10
"2381","bum;boom",0.166355303133455,10
"2382","but;boot",0.116300721692206,10
"2383","born;born",0.27214021005174,10
"2384","baro;borrow",2.14949251090943,10
"2385","baS;bosh",1.73055806597576,10
"2386","baC;botch",1.80931504221802,10
"2387","boT;both",0.0861067162318093,10
"2388","batL;bottle",0.0867579714199693,10
"2389","batM;bottom",0.063649293561764,10
"2390","bct;bought",0.100126374198687,10
"2391","bWt;bout",0.0939710031315001,10
"2392","baks;box",0.062091849920941,10
"2393","b^k;buck",0.130269748245917,10
"2394","b^m;bum",0.176016046594834,10
"2395","bUS;bush",0.190509914001453,10
"2396","b^t;but",0.118906389821394,10
"2397","kam;calm",0.277870906062225,10
"2398","kar;car",2.13366310143162,10
"2399","kard;card",0.290346265210586,10
"2400","kEr;care",0.20216995117915,10
"2401","karp;carp",0.112520479797587,10
"2402","kart;cart",0.157765888565448,10
"2403","karv;carve",0.104436662337898,10
"2404","CEr;chair",0.226902284218975,10
"2405","Car;char",2.09866062360022,10
"2406","Card;chard",0.32094910755646,10
"2407","CarJ;charge",0.372902562709019,10
"2408","Carm;charm",0.178011800712881,10
"2409","Cart;chart",0.189214584995857,10
"2410","CIr;cheer",0.219999101128723,10
"2411","Cak;chock",0.234488416713808,10
"2412","Can;chon",0.120564800051352,10
"2413","Cap;chop",0.158433258545991,10
"2414","Cor;chore",0.217698534273803,10
"2415","kab;cob",0.276498301754149,10
"2416","kak;cock",0.245484515836856,10
"2417","kad;cod",0.166038066430676,10
"2418","kag;cog",0.155105297211555,10
"2419","kan;con",0.14397928806855,10
"2420","kap;cop",0.184043338553954,10
"2421","kor;core",0.192985675193259,10
"2422","kat;cot",0.239108903524653,10
"2423","zar;czar",1.88664864513361,10
"2424","dEr;dare",0.126739245760955,10
"2425","dark;dark",0.230102529895908,10
"2426","darn;darn",0.242890887341565,10
"2427","dIr;dear",0.119179481587754,10
"2428","dak;dock",0.133345171207846,10
"2429","dat;dot",0.107625324241572,10
"2430","Ir;ear",0.241244265237786,10
"2431","fEr;fair",0.241921690699055,10
"2432","far;far",2.10402857704553,10
"2433","fars;farce",0.128150075027052,10
"2434","farm;farm",0.150569360057299,10
"2435","fIr;fear",0.234900160007813,10
"2436","fYr;fire",0.150241448883868,10
"2437","fab;fob",0.255619565405087,10
"2438","fap;fop",0.149046500318278,10
"2439","for;for",0.232619973469999,10
"2440","garb;garb",0.201472038337945,10
"2441","gIr;gear",0.118402578673935,10
"2442","gab;gob",0.189495669429142,10
"2443","gor;gore",0.116333912508981,10
"2444","gat;got",0.110117594223608,10
"2445","gard;guard",0.213176006505965,10
"2446","hEr;hair",0.129969064636507,10
"2447","hard;hard",0.188055275694174,10
"2448","hark;hark",0.208407417804564,10
"2449","hIr;hear",0.122261189508399,10
"2450","hab;hob",0.157528743140844,10
"2451","hak;hock",0.138758425870827,10
"2452","hat;hot",0.113721840097177,10
"2453","Wr;hour",0.121074339134659,10
"2454","Yr;ire",0.157891167967405,10
"2455","Jar;jar",2.0852948213331,10
"2456","JIr;jeer",0.223416965554486,10
"2457","Jab;job",0.322234859400603,10
"2458","Jag;jog",0.194327830419094,10
"2459","JaS;josh",0.338082489068128,10
"2460","Jas;joss",0.170188893373792,10
"2461","Jat;jot",0.279330049372474,10
"2462","nab;knob",0.178068675784171,10
"2463","nak;knock",0.147723918862454,10
"2464","nat;knot",0.13400058426027,10
"2465","lEr;lair",0.143528876980885,10
"2466","lard;lard",0.215827740330011,10
"2467","larJ;large",0.262864669536466,10
"2468","lark;lark",0.236567885953029,10
"2469","lIr;leer",0.134675079978375,10
"2470","lab;lob",0.170626954925148,10
"2471","lak;loch",0.149646699992085,10
"2472","lor;lore",0.12040691410146,10
"2473","lat;lot",0.123131185771766,10
"2474","ma;ma",0.108707676683945,10
"2475","mar;mar",2.15712501859356,10
"2476","marC;march",0.171776116771433,10
"2477","mEr;mare",0.209076104663596,10
"2478","marJ;marge",0.393205312097609,10
"2479","mark;mark",0.351242079102937,10
"2480","marl;marl",0.160343606066217,10
"2481","marz;mars",0.150689329013586,10
"2482","marS;marsh",0.150689329013586,10
"2483","mart;mart",0.195698727159096,10
"2484","mIr;mere",0.201766834899225,10
"2485","mYr;mire",0.119766659408046,10
"2486","mab;mob",0.249328045563325,10
"2487","mak;mock",0.229707037055123,10
"2488","mal;moll",0.108857952833052,10
"2489","mor;moor",0.199573347210521,10
"2490","map;mop",0.14524544055787,10
"2491","maro;morrow",0.4019123199973,10
"2492","nard;nard",0.176240710434691,10
"2493","nIr;near",0.118402578673935,10
"2494","nor;nor",0.116333912508981,10
"2495","naC;notch",0.140030089984652,10
"2496","or;oar",0.239004811322629,10
"2497","ad;odd",0.108799035462282,10
"2498","pa;pa",0.134493546218062,10
"2499","pEr;pair",0.206382330007803,10
"2500","pam;palm",0.273682505772954,10
"2501","par;par",2.16569076899579,10
"2502","parx;para",0.110167660588056,10
"2503","parC;parch",0.131549012354082,10
"2504","pard;pard",0.294565923741123,10
"2505","park;park",0.310047646876694,10
"2506","pars;parse",0.133052212114083,10
"2507","part;part",0.16164488331515,10
"2508","pIr;peer",0.199049274198606,10
"2509","pak;pock",0.254132698530821,10
"2510","pad;pod",0.161806631735249,10
"2511","por;poor",0.196862953649773,10
"2512","pap;pop",0.169629493016371,10
"2513","paS;posh",0.300945346693951,10
"2514","pat;pot",0.235510087199678,10
"2515","sam;psalm",0.168288175802351,10
"2516","pYr;pyre",0.11726880988424,10
"2517","rEr;rare",0.129969064636507,10
"2518","rIr;rear",0.122261189508399,10
"2519","ror;roar",0.120217304525256,10
"2520","rab;rob",0.157561656413298,10
"2521","rak;rock",0.127416832895547,10
"2522","rat;rot",0.113756208986805,10
"2523","skar;scar",0.115958701654128,10
"2524","sIr;sear",0.118402578673935,10
"2525","Sard;shard",0.18806325577983,10
"2526","SEr;share",0.129969064636507,10
"2527","Sark;shark",0.208578080949643,10
"2528","SIr;shear",0.122261189508399,10
"2529","Sak;shock",0.132439656620168,10
"2530","Sor;shore",0.120217304525256,10
"2531","Sat;shot",0.10760620554125,10
"2532","sor;soar",0.116333912508981,10
"2533","sab;sob",0.173032904119482,10
"2534","sak;sock",0.142664428677571,10
"2535","saro;sorrow",0.221620572809007,10
"2536","sat;sot",0.128886088753607,10
"2537","spar;spar",0.109437260154499,10
"2538","star;star",0.128173745952499,10
"2539","tar;tar",2.11908128135835,10
"2540","tEr;tare",0.243306889877542,10
"2541","tarn;tarn",0.32736319248819,10
"2542","tart;tart",0.170688486156818,10
"2543","DEr;their",0.123399651518398,10
"2544","tIr;tier",0.236064250380367,10
"2545","tYr;tire",0.153072518456192,10
"2546","tag;tog",0.126744841852967,10
"2547","tap;top",0.149357157281249,10
"2548","tor;tor",0.233837312857184,10
"2549","tat;tot",0.222872459090973,10
"2550","tUr;tour",0.116197118466192,10
"2551","vIr;veer",0.115029691950195,10
"2552","wor;war",0.117251313137789,10
"2553","wEr;ware",0.126880721854272,10
"2554","wat;watt",0.102754140525994,10
"2555","hor;whore",0.120217304525256,10
"2556","yat;yacht",0.102754140525994,10
"2557","yard;yard",0.207008514715516,10
"2558","yarn;yarn",0.240433414041895,10
"2559","yIr;year",0.118402578673935,10
"2560","yor;yore",0.116333912508981,10
