"","node","activation","time"
"1","xfar;afar",0,1
"2","Er;air",0,1
"3","xJar;ajar",0,1
"4","ark;arc",0,1
"5","arC;arch",0,1
"6","ar;are",1.25,1
"7","arm;arm",0,1
"8","art;art",0,1
"9","beb;babe",0,1
"10","b@k;back",0,1
"11","bat;baht",1.25,1
"12","bErn;bairn",0,1
"13","bet;bait",0,1
"14","bek;bake",0,1
"15","bck;balk",0,1
"16","bam;balm",1.25,1
"17","bar;bar",70,1
"18","barb;barb",1.25,1
"19","barbd;barbed",0,1
"20","barbX;barber",0,1
"21","bard;bard",1.25,1
"22","bEr;bare",1.25,1
"23","barJ;barge",1.25,1
"24","bark;bark",1.25,1
"25","barkX;barker",0,1
"26","barn;barn",1.25,1
"27","b@ro;barrow",0,1
"28","b@S;bash",0,1
"29","b@t;bat",0,1
"30","b@C;batch",0,1
"31","biC;beach",0,1
"32","bik;beak",0,1
"33","bim;beam",0,1
"34","bIrd;beard",0,1
"35","bit;beat",0,1
"36","bo;beau",0,1
"37","boz;beaux",0,1
"38","bEk;beck",0,1
"39","bEd;bed",0,1
"40","bIn;been",0,1
"41","bIr;beer",1.25,1
"42","bEg;beg",0,1
"43","bEl;bell",0,1
"44","bEri;berry",0,1
"45","bErL;beryl",0,1
"46","bEt;bet",0,1
"47","bIb;bib",0,1
"48","bId;bid",0,1
"49","bIg;big",0,1
"50","bYt;bight",0,1
"51","bYk;bike",0,1
"52","bIl;bill",0,1
"53","bRC;birch",0,1
"54","bIt;bit",0,1
"55","bIC;bitch",0,1
"56","blEr;blare",0,1
"57","blIr;blear",0,1
"58","blab;blob",0,1
"59","blak;bloc",0,1
"60","blat;blot",0,1
"61","blaC;blotch",0,1
"62","box;boa",0,1
"63","bor;boar",1.25,1
"64","bord;board",0,1
"65","bot;boat",0,1
"66","bab;bob",1.25,1
"67","babL;bobble",0,1
"68","babi;bobby",0,1
"69","baCi;boccie",0,1
"70","bak;bock",1.25,1
"71","bod;bode",0,1
"72","bol;bole",0,1
"73","bamX;bomber",0,1
"74","band;bond",0,1
"75","bon;bone",0,1
"76","bUk;book",0,1
"77","bum;boom",0,1
"78","but;boot",0,1
"79","born;born",0,1
"80","baro;borrow",1.25,1
"81","baS;bosh",1.25,1
"82","baC;botch",1.25,1
"83","boT;both",0,1
"84","batL;bottle",0,1
"85","batM;bottom",0,1
"86","bct;bought",0,1
"87","bWt;bout",0,1
"88","baks;box",0,1
"89","b^k;buck",0,1
"90","b^m;bum",0,1
"91","bUS;bush",0,1
"92","b^t;but",0,1
"93","kam;calm",0,1
"94","kar;car",1.25,1
"95","kard;card",0,1
"96","kEr;care",0,1
"97","karp;carp",0,1
"98","kart;cart",0,1
"99","karv;carve",0,1
"100","CEr;chair",0,1
"101","Car;char",1.25,1
"102","Card;chard",0,1
"103","CarJ;charge",0,1
"104","Carm;charm",0,1
"105","Cart;chart",0,1
"106","CIr;cheer",0,1
"107","Cak;chock",0,1
"108","Can;chon",0,1
"109","Cap;chop",0,1
"110","Cor;chore",0,1
"111","kab;cob",0,1
"112","kak;cock",0,1
"113","kad;cod",0,1
"114","kag;cog",0,1
"115","kan;con",0,1
"116","kap;cop",0,1
"117","kor;core",0,1
"118","kat;cot",0,1
"119","zar;czar",1.25,1
"120","dEr;dare",0,1
"121","dark;dark",0,1
"122","darn;darn",0,1
"123","dIr;dear",0,1
"124","dak;dock",0,1
"125","dat;dot",0,1
"126","Ir;ear",0,1
"127","fEr;fair",0,1
"128","far;far",1.25,1
"129","fars;farce",0,1
"130","farm;farm",0,1
"131","fIr;fear",0,1
"132","fYr;fire",0,1
"133","fab;fob",0,1
"134","fap;fop",0,1
"135","for;for",0,1
"136","garb;garb",0,1
"137","gIr;gear",0,1
"138","gab;gob",0,1
"139","gor;gore",0,1
"140","gat;got",0,1
"141","gard;guard",0,1
"142","hEr;hair",0,1
"143","hard;hard",0,1
"144","hark;hark",0,1
"145","hIr;hear",0,1
"146","hab;hob",0,1
"147","hak;hock",0,1
"148","hat;hot",0,1
"149","Wr;hour",0,1
"150","Yr;ire",0,1
"151","Jar;jar",1.25,1
"152","JIr;jeer",0,1
"153","Jab;job",0,1
"154","Jag;jog",0,1
"155","JaS;josh",0,1
"156","Jas;joss",0,1
"157","Jat;jot",0,1
"158","nab;knob",0,1
"159","nak;knock",0,1
"160","nat;knot",0,1
"161","lEr;lair",0,1
"162","lard;lard",0,1
"163","larJ;large",0,1
"164","lark;lark",0,1
"165","lIr;leer",0,1
"166","lab;lob",0,1
"167","lak;loch",0,1
"168","lor;lore",0,1
"169","lat;lot",0,1
"170","ma;ma",0,1
"171","mar;mar",1.25,1
"172","marC;march",0,1
"173","mEr;mare",0,1
"174","marJ;marge",0,1
"175","mark;mark",0,1
"176","marl;marl",0,1
"177","marz;mars",0,1
"178","marS;marsh",0,1
"179","mart;mart",0,1
"180","mIr;mere",0,1
"181","mYr;mire",0,1
"182","mab;mob",0,1
"183","mak;mock",0,1
"184","mal;moll",0,1
"185","mor;moor",0,1
"186","map;mop",0,1
"187","maro;morrow",0,1
"188","nard;nard",0,1
"189","nIr;near",0,1
"190","nor;nor",0,1
"191","naC;notch",0,1
"192","or;oar",0,1
"193","ad;odd",0,1
"194","pa;pa",0,1
"195","pEr;pair",0,1
"196","pam;palm",0,1
"197","par;par",1.25,1
"198","parx;para",0,1
"199","parC;parch",0,1
"200","pard;pard",0,1
"201","park;park",0,1
"202","pars;parse",0,1
"203","part;part",0,1
"204","pIr;peer",0,1
"205","pak;pock",0,1
"206","pad;pod",0,1
"207","por;poor",0,1
"208","pap;pop",0,1
"209","paS;posh",0,1
"210","pat;pot",0,1
"211","sam;psalm",0,1
"212","pYr;pyre",0,1
"213","rEr;rare",0,1
"214","rIr;rear",0,1
"215","ror;roar",0,1
"216","rab;rob",0,1
"217","rak;rock",0,1
"218","rat;rot",0,1
"219","skar;scar",0,1
"220","sIr;sear",0,1
"221","Sard;shard",0,1
"222","SEr;share",0,1
"223","Sark;shark",0,1
"224","SIr;shear",0,1
"225","Sak;shock",0,1
"226","Sor;shore",0,1
"227","Sat;shot",0,1
"228","sor;soar",0,1
"229","sab;sob",0,1
"230","sak;sock",0,1
"231","saro;sorrow",0,1
"232","sat;sot",0,1
"233","spar;spar",0,1
"234","star;star",0,1
"235","tar;tar",1.25,1
"236","tEr;tare",0,1
"237","tarn;tarn",0,1
"238","tart;tart",0,1
"239","DEr;their",0,1
"240","tIr;tier",0,1
"241","tYr;tire",0,1
"242","tag;tog",0,1
"243","tap;top",0,1
"244","tor;tor",0,1
"245","tat;tot",0,1
"246","tUr;tour",0,1
"247","vIr;veer",0,1
"248","wor;war",0,1
"249","wEr;ware",0,1
"250","wat;watt",0,1
"251","hor;whore",0,1
"252","yat;yacht",0,1
"253","yard;yard",0,1
"254","yarn;yarn",0,1
"255","yIr;year",0,1
"256","yor;yore",0,1
"257","xfar;afar",0.0208333333333333,2
"258","Er;air",0.0341599190283401,2
"259","xJar;ajar",0.0234375,2
"260","ark;arc",0.0447368421052632,2
"261","arC;arch",0.0197368421052632,2
"262","ar;are",1.91836130791723,2
"263","arm;arm",0.0197368421052632,2
"264","art;art",0.0197368421052632,2
"265","beb;babe",0.0170454545454546,2
"266","b@k;back",0.0133928571428571,2
"267","bat;baht",1.87563061938062,2
"268","bErn;bairn",0.048513986013986,2
"269","bet;bait",0.0110294117647059,2
"270","bek;bake",0.0133928571428571,2
"271","bck;balk",0.0133928571428571,2
"272","bam;balm",1.85781387729917,2
"273","bar;bar",49.5647044115859,2
"274","barb;barb",1.92920653907496,2
"275","barbd;barbed",0.0572368421052632,2
"276","barbX;barber",0.0375,2
"277","bard;bard",1.92992424242424,2
"278","bEr;bare",1.77586206896552,2
"279","barJ;barge",1.90799441786284,2
"280","bark;bark",1.93805394167236,2
"281","barkX;barker",0.025,2
"282","barn;barn",1.9155701754386,2
"283","b@ro;barrow",0.0416666666666667,2
"284","b@S;bash",0.0375,2
"285","b@t;bat",0.0110294117647059,2
"286","b@C;batch",0.0288461538461539,2
"287","biC;beach",0.0288461538461539,2
"288","bik;beak",0.0133928571428571,2
"289","bim;beam",0.0288461538461539,2
"290","bIrd;beard",0.0326678765880218,2
"291","bit;beat",0.0110294117647059,2
"292","bo;beau",0.0129310344827586,2
"293","boz;beaux",0.0129310344827586,2
"294","bEk;beck",0.0278159340659341,2
"295","bEd;bed",0.0144230769230769,2
"296","bIn;been",0.0129310344827586,2
"297","bIr;beer",1.77735411140584,2
"298","bEg;beg",0.0144230769230769,2
"299","bEl;bell",0.0144230769230769,2
"300","bEri;berry",0.0144230769230769,2
"301","bErL;beryl",0.0144230769230769,2
"302","bEt;bet",0.0254524886877828,2
"303","bIb;bib",0.0299764890282132,2
"304","bId;bid",0.0129310344827586,2
"305","bIg;big",0.0129310344827586,2
"306","bYt;bight",0.0110294117647059,2
"307","bYk;bike",0.0133928571428571,2
"308","bIl;bill",0.0129310344827586,2
"309","bRC;birch",0.0288461538461539,2
"310","bIt;bit",0.0239604462474645,2
"311","bIC;bitch",0.0417771883289125,2
"312","blEr;blare",0.0144230769230769,2
"313","blIr;blear",0.0129310344827586,2
"314","blab;blob",0.0170454545454546,2
"315","blak;bloc",0.0133928571428571,2
"316","blat;blot",0.0110294117647059,2
"317","blaC;blotch",0.0288461538461539,2
"318","box;boa",0.0129310344827586,2
"319","bor;boar",1.77735411140584,2
"320","bord;board",0.0326678765880218,2
"321","bot;boat",0.0239604462474645,2
"322","bab;bob",1.90711457659987,2
"323","babL;bobble",0.0170454545454546,2
"324","babi;bobby",0.0170454545454546,2
"325","baCi;boccie",0.0288461538461539,2
"326","bak;bock",1.89826717400247,2
"327","bod;bode",0.0129310344827586,2
"328","bol;bole",0.0129310344827586,2
"329","bamX;bomber",0.0288461538461539,2
"330","band;bond",0.0197368421052632,2
"331","bon;bone",0.0129310344827586,2
"332","bUk;book",0.0133928571428571,2
"333","bum;boom",0.0288461538461539,2
"334","but;boot",0.0110294117647059,2
"335","born;born",0.0470219435736677,2
"336","baro;borrow",1.90799441786284,2
"337","baS;bosh",1.84916003114533,2
"338","baC;botch",1.85781387729917,2
"339","boT;both",0.0129310344827586,2
"340","batL;bottle",0.0110294117647059,2
"341","batM;bottom",0.0110294117647059,2
"342","bct;bought",0.0110294117647059,2
"343","bWt;bout",0.0110294117647059,2
"344","baks;box",0.0133928571428571,2
"345","b^k;buck",0.0133928571428571,2
"346","b^m;bum",0.0288461538461539,2
"347","bUS;bush",0.0375,2
"348","b^t;but",0.0110294117647059,2
"349","kam;calm",0.0444711538461539,2
"350","kar;car",1.92247315002249,2
"351","kard;card",0.0353618421052632,2
"352","kEr;care",0.0300480769230769,2
"353","karp;carp",0.015625,2
"354","kart;cart",0.015625,2
"355","karv;carve",0.015625,2
"356","CEr;chair",0.0341599190283401,2
"357","Car;char",1.91836130791723,2
"358","Card;chard",0.0394736842105263,2
"359","CarJ;charge",0.0614035087719298,2
"360","Carm;charm",0.0197368421052632,2
"361","Cart;chart",0.0197368421052632,2
"362","CIr;cheer",0.0326678765880218,2
"363","Cak;chock",0.0331296992481203,2
"364","Can;chon",0.0197368421052632,2
"365","Cap;chop",0.0197368421052632,2
"366","Cor;chore",0.0326678765880218,2
"367","kab;cob",0.0326704545454546,2
"368","kak;cock",0.0290178571428572,2
"369","kad;cod",0.015625,2
"370","kag;cog",0.015625,2
"371","kan;con",0.015625,2
"372","kap;cop",0.015625,2
"373","kor;core",0.0285560344827586,2
"374","kat;cot",0.0266544117647059,2
"375","zar;czar",1.89643148335583,2
"376","dEr;dare",0.0144230769230769,2
"377","dark;dark",0.025,2
"378","darn;darn",0.0340909090909091,2
"379","dIr;dear",0.0129310344827586,2
"380","dak;dock",0.0133928571428571,2
"381","dat;dot",0.0110294117647059,2
"382","Ir;ear",0.0326678765880218,2
"383","fEr;fair",0.0352564102564103,2
"384","far;far",1.91726481668916,2
"385","fars;farce",0.0208333333333333,2
"386","farm;farm",0.0208333333333333,2
"387","fIr;fear",0.033764367816092,2
"388","fYr;fire",0.0208333333333333,2
"389","fab;fob",0.0378787878787879,2
"390","fap;fop",0.0208333333333333,2
"391","for;for",0.033764367816092,2
"392","garb;garb",0.0375,2
"393","gIr;gear",0.0129310344827586,2
"394","gab;gob",0.0170454545454546,2
"395","gor;gore",0.0129310344827586,2
"396","gat;got",0.0110294117647059,2
"397","gard;guard",0.0197368421052632,2
"398","hEr;hair",0.0144230769230769,2
"399","hard;hard",0.0197368421052632,2
"400","hark;hark",0.025,2
"401","hIr;hear",0.0129310344827586,2
"402","hab;hob",0.0170454545454546,2
"403","hak;hock",0.0133928571428571,2
"404","hat;hot",0.0110294117647059,2
"405","Wr;hour",0.0197368421052632,2
"406","Yr;ire",0.0197368421052632,2
"407","Jar;jar",1.91466065002249,2
"408","JIr;jeer",0.0363685344827586,2
"409","Jab;job",0.0404829545454546,2
"410","Jag;jog",0.0234375,2
"411","JaS;josh",0.0609375,2
"412","Jas;joss",0.0234375,2
"413","Jat;jot",0.0344669117647059,2
"414","nab;knob",0.0170454545454546,2
"415","nak;knock",0.0133928571428571,2
"416","nat;knot",0.0110294117647059,2
"417","lEr;lair",0.0144230769230769,2
"418","lard;lard",0.0197368421052632,2
"419","larJ;large",0.0416666666666667,2
"420","lark;lark",0.025,2
"421","lIr;leer",0.0129310344827586,2
"422","lab;lob",0.0170454545454546,2
"423","lak;loch",0.0133928571428571,2
"424","lor;lore",0.0129310344827586,2
"425","lat;lot",0.0110294117647059,2
"426","ma;ma",0.0144230769230769,2
"427","mar;mar",1.92367507309942,2
"428","marC;march",0.0144230769230769,2
"429","mEr;mare",0.0288461538461539,2
"430","marJ;marge",0.0560897435897436,2
"431","mark;mark",0.0394230769230769,2
"432","marl;marl",0.0144230769230769,2
"433","marz;mars",0.0144230769230769,2
"434","marS;marsh",0.0144230769230769,2
"435","mart;mart",0.0144230769230769,2
"436","mIr;mere",0.0273541114058356,2
"437","mYr;mire",0.0144230769230769,2
"438","mab;mob",0.0314685314685315,2
"439","mak;mock",0.0278159340659341,2
"440","mal;moll",0.0144230769230769,2
"441","mor;moor",0.0273541114058356,2
"442","map;mop",0.0144230769230769,2
"443","maro;morrow",0.0560897435897436,2
"444","nard;nard",0.0197368421052632,2
"445","nIr;near",0.0129310344827586,2
"446","nor;nor",0.0129310344827586,2
"447","naC;notch",0.0288461538461539,2
"448","or;oar",0.0326678765880218,2
"449","ad;odd",0.0197368421052632,2
"450","pa;pa",0.0138888888888889,2
"451","pEr;pair",0.0283119658119658,2
"452","pam;palm",0.0427350427350427,2
"453","par;par",1.9242092611336,2
"454","parx;para",0.0138888888888889,2
"455","parC;parch",0.0138888888888889,2
"456","pard;pard",0.0336257309941521,2
"457","park;park",0.0388888888888889,2
"458","pars;parse",0.0138888888888889,2
"459","part;part",0.0138888888888889,2
"460","pIr;peer",0.0268199233716475,2
"461","pak;pock",0.027281746031746,2
"462","pad;pod",0.0138888888888889,2
"463","por;poor",0.0268199233716475,2
"464","pap;pop",0.0138888888888889,2
"465","paS;posh",0.0513888888888889,2
"466","pat;pot",0.0249183006535948,2
"467","sam;psalm",0.0288461538461539,2
"468","pYr;pyre",0.0138888888888889,2
"469","rEr;rare",0.0144230769230769,2
"470","rIr;rear",0.0129310344827586,2
"471","ror;roar",0.0129310344827586,2
"472","rab;rob",0.0170454545454546,2
"473","rak;rock",0.0133928571428571,2
"474","rat;rot",0.0110294117647059,2
"475","skar;scar",0.015625,2
"476","sIr;sear",0.0129310344827586,2
"477","Sard;shard",0.0197368421052632,2
"478","SEr;share",0.0144230769230769,2
"479","Sark;shark",0.025,2
"480","SIr;shear",0.0129310344827586,2
"481","Sak;shock",0.0133928571428571,2
"482","Sor;shore",0.0129310344827586,2
"483","Sat;shot",0.0110294117647059,2
"484","sor;soar",0.0129310344827586,2
"485","sab;sob",0.0170454545454546,2
"486","sak;sock",0.0133928571428571,2
"487","saro;sorrow",0.0416666666666667,2
"488","sat;sot",0.0110294117647059,2
"489","spar;spar",0.0138888888888889,2
"490","star;star",0.01875,2
"491","tar;tar",1.91934815002249,2
"492","tEr;tare",0.0331730769230769,2
"493","tarn;tarn",0.0528409090909091,2
"494","tart;tart",0.01875,2
"495","DEr;their",0.0144230769230769,2
"496","tIr;tier",0.0316810344827586,2
"497","tYr;tire",0.01875,2
"498","tag;tog",0.01875,2
"499","tap;top",0.01875,2
"500","tor;tor",0.0316810344827586,2
"501","tat;tot",0.0297794117647059,2
"502","tUr;tour",0.01875,2
"503","vIr;veer",0.0129310344827586,2
"504","wor;war",0.0129310344827586,2
"505","wEr;ware",0.0144230769230769,2
"506","wat;watt",0.0110294117647059,2
"507","hor;whore",0.0129310344827586,2
"508","yat;yacht",0.0110294117647059,2
"509","yard;yard",0.0197368421052632,2
"510","yarn;yarn",0.0340909090909091,2
"511","yIr;year",0.0129310344827586,2
"512","yor;yore",0.0129310344827586,2
"513","xfar;afar",0.0500533719448193,3
"514","Er;air",0.0826288982551148,3
"515","xJar;ajar",0.0554311371879217,3
"516","ark;arc",0.107820878668308,3
"517","arC;arch",0.0479240630387618,3
"518","ar;are",2.22928679627657,3
"519","arm;arm",0.0495198795029993,3
"520","art;art",0.0498093169619079,3
"521","beb;babe",0.0395934529466477,3
"522","b@k;back",0.0365862081922602,3
"523","bat;baht",2.13070870846732,3
"524","bErn;bairn",0.112399261355704,3
"525","bet;bait",0.029060584729272,3
"526","bek;bake",0.0343600079219423,3
"527","bck;balk",0.0330581663811302,3
"528","bam;balm",2.09919790802912,3
"529","bar;bar",35.5512692900401,3
"530","barb;barb",2.2579091922663,3
"531","barbd;barbed",0.132164473684211,3
"532","barbX;barber",0.0935998803827752,3
"533","bard;bard",2.26850416154407,3
"534","bEr;bare",1.91547084750927,3
"535","barJ;barge",2.20476859681514,3
"536","bark;bark",2.27411888793377,3
"537","barkX;barker",0.0600110788334473,3
"538","barn;barn",2.22878356553769,3
"539","b@ro;barrow",0.092766480595428,3
"540","b@S;bash",0.0873126689486984,3
"541","b@t;bat",0.0312500937496634,3
"542","b@C;batch",0.0704556430462968,3
"543","biC;beach",0.0696479507386045,3
"544","bik;beak",0.0357785158845679,3
"545","bim;beam",0.0687970344135503,3
"546","bIrd;beard",0.0740744271217862,3
"547","bit;beat",0.0304424014419711,3
"548","bo;beau",0.030399736840625,3
"549","boz;beaux",0.030399736840625,3
"550","bEk;beck",0.0656084752595275,3
"551","bEd;bed",0.0337858916857444,3
"552","bIn;been",0.0316678912601353,3
"553","bIr;beer",1.91599592095417,3
"554","bEg;beg",0.0334271878895406,3
"555","bEl;bell",0.0338642615917006,3
"556","bEri;berry",0.0349400168796721,3
"557","bErL;beryl",0.0349400168796721,3
"558","bEt;bet",0.0603438744277542,3
"559","bIb;bib",0.0699819928532683,3
"560","bId;bid",0.0347978301733092,3
"561","bIg;big",0.0320011140718064,3
"562","bYt;bight",0.027805608088266,3
"563","bYk;bike",0.0330581663811302,3
"564","bIl;bill",0.032339902438612,3
"565","bRC;birch",0.0666768409660242,3
"566","bIt;bit",0.0586011072881289,3
"567","bIC;bitch",0.0983264207962101,3
"568","blEr;blare",0.0321344983616789,3
"569","blIr;blear",0.0290744191896094,3
"570","blab;blob",0.0419600803608157,3
"571","blak;bloc",0.0338293875242405,3
"572","blat;blot",0.0284546670889664,3
"573","blaC;blotch",0.065552999037162,3
"574","box;boa",0.030399736840625,3
"575","bor;boar",1.91604484629394,3
"576","bord;board",0.0773504954273463,3
"577","bot;boat",0.057762919773711,3
"578","bab;bob",2.20262195013437,3
"579","babL;bobble",0.0407454126755597,3
"580","babi;bobby",0.0439693945760122,3
"581","baCi;boccie",0.0647694810845264,3
"582","bak;bock",2.18336522074071,3
"583","bod;bode",0.0334981215548219,3
"584","bol;bole",0.0315458859501362,3
"585","bamX;bomber",0.0630649356299809,3
"586","band;bond",0.0442882775119617,3
"587","bon;bone",0.0338029500067692,3
"588","bUk;book",0.0365324310870125,3
"589","bum;boom",0.0665137478471755,3
"590","but;boot",0.0295226410552989,3
"591","born;born",0.108803448100807,3
"592","baro;borrow",2.21853998989575,3
"593","baS;bosh",2.07293501959047,3
"594","baC;botch",2.09569952781738,3
"595","boT;both",0.030399736840625,3
"596","batL;bottle",0.0276292273902568,3
"597","batM;bottom",0.0253732113474761,3
"598","bct;bought",0.027805608088266,3
"599","bWt;bout",0.0273341126719176,3
"600","baks;box",0.0297135768643122,3
"601","b^k;buck",0.0348123680618025,3
"602","b^m;bum",0.0673270154619137,3
"603","bUS;bush",0.0844212295057884,3
"604","b^t;but",0.0295129448691322,3
"605","kam;calm",0.103858600613058,3
"606","kar;car",2.23955655590365,3
"607","kard;card",0.0873669601825441,3
"608","kEr;care",0.0711892471180385,3
"609","karp;carp",0.0377016145632511,3
"610","kart;cart",0.0408821863076817,3
"611","karv;carve",0.0371324181346797,3
"612","CEr;chair",0.0808170097648959,3
"613","Car;char",2.22989402267772,3
"614","Card;chard",0.0976231276802607,3
"615","CarJ;charge",0.143457573753194,3
"616","Carm;charm",0.0508554518254137,3
"617","Cart;chart",0.0511448892843224,3
"618","CIr;cheer",0.0775146409429852,3
"619","Cak;chock",0.0794755113232652,3
"620","Can;chon",0.0460765919008771,3
"621","Cap;chop",0.0490066082478343,3
"622","Cor;chore",0.0773540137926843,3
"623","kab;cob",0.0815200525660826,3
"624","kak;cock",0.0722251361269269,3
"625","kad;cod",0.0420041239320232,3
"626","kag;cog",0.0409428699447823,3
"627","kan;con",0.0402415854836294,3
"628","kap;cop",0.0430008624822157,3
"629","kor;core",0.0677271591687613,3
"630","kat;cot",0.0671858092815647,3
"631","zar;czar",2.1718924654402,3
"632","dEr;dare",0.0362353559799368,3
"633","dark;dark",0.064336241335419,3
"634","darn;darn",0.0826670653907496,3
"635","dIr;dear",0.032853267848831,3
"636","dak;dock",0.034604189485879,3
"637","dat;dot",0.0282187138020869,3
"638","Ir;ear",0.0792887137261858,3
"639","fEr;fair",0.0840285040131314,3
"640","far;far",2.22870409858024,3
"641","fars;farce",0.0486954850400574,3
"642","farm;farm",0.050594764488679,3
"643","fIr;fear",0.0807110447397579,3
"644","fYr;fire",0.0504587608661168,3
"645","fab;fob",0.0898105464492365,3
"646","fap;fop",0.0500427091792223,3
"647","for;for",0.0805537636360617,3
"648","garb;garb",0.0851444377990431,3
"649","gIr;gear",0.0327930010365358,3
"650","gab;gob",0.0468713639301875,3
"651","gor;gore",0.0326585997744315,3
"652","gat;got",0.0283357842316573,3
"653","gard;guard",0.0533099329398672,3
"654","hEr;hair",0.0364575590547658,3
"655","hard;hard",0.0503932662732005,3
"656","hark;hark",0.0623494522786111,3
"657","hIr;hear",0.0330620992567607,3
"658","hab;hob",0.0433945669614,3
"659","hak;hock",0.0350386152229571,3
"660","hat;hot",0.0286365607922816,3
"661","Wr;hour",0.0462151217368854,3
"662","Yr;ire",0.0492093862443078,3
"663","Jar;jar",2.22246533985462,3
"664","JIr;jeer",0.0844803184982912,3
"665","Jab;job",0.100389925980399,3
"666","Jag;jog",0.0592716178179728,3
"667","JaS;josh",0.139508488858153,3
"668","Jas;joss",0.0572760821036871,3
"669","Jat;jot",0.0857241394144325,3
"670","nab;knob",0.0455786434277537,3
"671","nak;knock",0.036323798915418,3
"672","nat;knot",0.0307794074028509,3
"673","lEr;lair",0.0379055658410696,3
"674","lard;lard",0.0528637606910633,3
"675","larJ;large",0.0982160573344784,3
"676","lark;lark",0.0648598252076871,3
"677","lIr;leer",0.0343495036110404,3
"678","lab;lob",0.0444187765089582,3
"679","lak;loch",0.0357330414585891,3
"680","lor;lore",0.0329042504219584,3
"681","lat;lot",0.0292585779172105,3
"682","ma;ma",0.0350873242308517,3
"683","mar;mar",2.2430786973805,3
"684","marC;march",0.0396470156446118,3
"685","mEr;mare",0.0694618858116448,3
"686","marJ;marge",0.134940371776784,3
"687","mark;mark",0.0998882271066534,3
"688","marl;marl",0.0388124171290922,3
"689","marz;mars",0.0380311671290922,3
"690","marS;marsh",0.0380311671290922,3
"691","mart;mart",0.0410740789729277,3
"692","mIr;mere",0.0661139015077462,3
"693","mYr;mire",0.0361592366817242,3
"694","mab;mob",0.0773558155434607,3
"695","mak;mock",0.0689044224379115,3
"696","mal;moll",0.0350472601282876,3
"697","mor;moor",0.0659657779132076,3
"698","map;mop",0.0378731098085781,3
"699","maro;morrow",0.135905820801443,3
"700","nard;nard",0.049494143466183,3
"701","nIr;near",0.0327930010365358,3
"702","nor;nor",0.0326585997744315,3
"703","naC;notch",0.0639399187474566,3
"704","or;oar",0.0791372416199048,3
"705","ad;odd",0.044948507892154,3
"706","pa;pa",0.0363529415237039,3
"707","pEr;pair",0.0682450332502198,3
"708","pam;palm",0.10059066270147,3
"709","par;par",2.24501006846569,3
"710","parx;para",0.034029434563974,3
"711","parC;parch",0.0356225800880406,3
"712","pard;pard",0.0840316189658295,3
"713","park;park",0.0957916673056476,3
"714","pars;parse",0.0362119742465137,3
"715","part;part",0.0375369565054795,3
"716","pIr;peer",0.0648945051937776,3
"717","pak;pock",0.0699837593734791,3
"718","pad;pod",0.0387662573745198,3
"719","por;poor",0.064747144725002,3
"720","pap;pop",0.0389090262467294,3
"721","paS;posh",0.118776066125137,3
"722","pat;pot",0.0639504893185954,3
"723","sam;psalm",0.0664348196798575,3
"724","pYr;pyre",0.0349646419550571,3
"725","rEr;rare",0.0364575590547658,3
"726","rIr;rear",0.0330620992567607,3
"727","ror;roar",0.032930366938822,3
"728","rab;rob",0.0434166430995475,3
"729","rak;rock",0.0341832057514762,3
"730","rat;rot",0.0286586369304291,3
"731","skar;scar",0.03823230326417,3
"732","sIr;sear",0.0327930010365358,3
"733","Sard;shard",0.0503932662732005,3
"734","SEr;share",0.0364575590547658,3
"735","Sark;shark",0.0623715284167587,3
"736","SIr;shear",0.0330620992567607,3
"737","Sak;shock",0.034604189485879,3
"738","Sor;shore",0.032930366938822,3
"739","Sat;shot",0.0282187138020869,3
"740","sor;soar",0.0326585997744315,3
"741","sab;sob",0.0448574895815998,3
"742","sak;sock",0.0356026450692642,3
"743","saro;sorrow",0.0944491729031203,3
"744","sat;sot",0.0300582535566971,3
"745","spar;spar",0.0345398251237067,3
"746","star;star",0.0448666111392263,3
"747","tar;tar",2.23358970644851,3
"748","tEr;tare",0.0803343374157349,3
"749","tarn;tarn",0.123838442944117,3
"750","tart;tart",0.0480466022577965,3
"751","DEr;their",0.0359992343429531,3
"752","tIr;tier",0.0769899033275009,3
"753","tYr;tire",0.0469494514437091,3
"754","tag;tog",0.0445878850654634,3
"755","tap;top",0.0462842704600396,3
"756","tor;tor",0.0768397128343436,3
"757","tat;tot",0.0720803848242407,3
"758","tUr;tour",0.0439486079889182,3
"759","vIr;veer",0.0325521288255825,3
"760","wor;war",0.0327315440715137,3
"761","wEr;ware",0.0362480334647238,3
"762","wat;watt",0.0278938915655,3
"763","hor;whore",0.032930366938822,3
"764","yat;yacht",0.0278938915655,3
"765","yard;yard",0.0521167511216854,3
"766","yarn;yarn",0.0824258373205742,3
"767","yIr;year",0.0327930010365358,3
"768","yor;yore",0.0326585997744315,3
"769","xfar;afar",0.0804970992492325,4
"770","Er;air",0.134431790219998,4
"771","xJar;ajar",0.0879810269455422,4
"772","ark;arc",0.17486205072397,4
"773","arC;arch",0.0783482405129135,4
"774","ar;are",2.32553527824392,4
"775","arm;arm",0.0831976439199496,4
"776","art;art",0.0844978837132763,4
"777","beb;babe",0.061785333139257,4
"778","b@k;back",0.0659180932742016,4
"779","bat;baht",2.17501155806213,4
"780","bErn;bairn",0.175082286245852,4
"781","bet;bait",0.0510401405741694,4
"782","bek;bake",0.0590389638125448,4
"783","bck;balk",0.0551115384451038,4
"784","bam;balm",2.13716852532598,4
"785","bar;bar",25.8700667198747,4
"786","barb;barb",2.37558342417376,4
"787","barbd;barbed",0.205430882146436,4
"788","barbX;barber",0.15547530122937,4
"789","bard;bard",2.40547012462344,4
"790","bEr;bare",1.86299422479078,4
"791","barJ;barge",2.28722470064325,4
"792","bark;bark",2.39556719113575,4
"793","barkX;barker",0.096850120980366,4
"794","barn;barn",2.33410555869419,4
"795","b@ro;barrow",0.138887869413324,4
"796","b@S;bash",0.136436019905544,4
"797","b@t;bat",0.0578295650661097,4
"798","b@C;batch",0.115254762514192,4
"799","biC;beach",0.112885749202843,4
"800","bik;beak",0.0635239051376775,4
"801","bim;beam",0.110242131806775,4
"802","bIrd;beard",0.113176197835459,4
"803","bit;beat",0.0554259363701451,4
"804","bo;beau",0.0483070360790696,4
"805","boz;beaux",0.0483070360790696,4
"806","bEk;beck",0.104593197625734,4
"807","bEd;bed",0.0534774051941066,4
"808","bIn;been",0.0523152811459463,4
"809","bIr;beer",1.85959024868196,4
"810","bEg;beg",0.052245441667999,4
"811","bEl;bell",0.0535957587059659,4
"812","bEri;berry",0.0567975558871099,4
"813","bErL;beryl",0.0567975558871099,4
"814","bEt;bet",0.0966635955038819,4
"815","bIb;bib",0.10998113942455,4
"816","bId;bid",0.061552894856,4
"817","bIg;big",0.0531933121529524,4
"818","bYt;bight",0.0472387752723405,4
"819","bYk;bike",0.0551115384451038,4
"820","bIl;bill",0.0542788517202695,4
"821","bRC;birch",0.10372215486372,4
"822","bIt;bit",0.0967566704780461,4
"823","bIC;bitch",0.155835579187048,4
"824","blEr;blare",0.0481720992243027,4
"825","blIr;blear",0.0439014332812067,4
"826","blab;blob",0.0690863770112874,4
"827","blak;bloc",0.0569297906645646,4
"828","blat;blot",0.0486988087658294,4
"829","blaC;blotch",0.10050404422024,4
"830","box;boa",0.0483070360790696,4
"831","bor;boar",1.85988504472433,4
"832","bord;board",0.122782361196211,4
"833","bot;boat",0.0941452129937627,4
"834","bab;bob",2.28505472713925,4
"835","babL;bobble",0.0657174049349874,4
"836","babi;bobby",0.0746042934989121,4
"837","baCi;boccie",0.0980978730125553,4
"838","bak;bock",2.25654379699667,4
"839","bod;bode",0.0578352417945895,4
"840","bol;bole",0.0518322762534877,4
"841","bamX;bomber",0.0925884835878125,4
"842","band;bond",0.0668202810195954,4
"843","bon;bone",0.0585309397349944,4
"844","bUk;book",0.0651746976640642,4
"845","bum;boom",0.103220190814623,4
"846","but;boot",0.0522843647342549,4
"847","born;born",0.169167647492948,4
"848","baro;borrow",2.3267587869719,4
"849","baS;bosh",2.08809904942607,4
"850","baC;botch",2.12735516190908,4
"851","boT;both",0.0483070360790696,4
"852","batL;bottle",0.0460213530999217,4
"853","batM;bottom",0.0393245416393235,4
"854","bct;bought",0.0472387752723405,4
"855","bWt;bout",0.045756454003589,4
"856","baks;box",0.0441927025986689,4
"857","b^k;buck",0.0604225961431179,4
"858","b^m;bum",0.105725761279754,4
"859","bUS;bush",0.127739419081588,4
"860","b^t;but",0.0524300363528329,4
"861","kam;calm",0.163490054312234,4
"862","kar;car",2.34330841396698,4
"863","kard;card",0.145495251149251,4
"864","kEr;care",0.113692918650916,4
"865","karp;carp",0.061190580292362,4
"866","kart;cart",0.0714606764540665,4
"867","karv;carve",0.0593478612528657,4
"868","CEr;chair",0.128810677195915,4
"869","Car;char",2.32750863784216,4
"870","Card;chard",0.162484995304175,4
"871","CarJ;charge",0.225195040217093,4
"872","Carm;charm",0.0871841233623352,4
"873","Cart;chart",0.0885288822330758,4
"874","CIr;cheer",0.12389049760746,4
"875","Cak;chock",0.128382494808795,4
"876","Can;chon",0.0723446479835565,4
"877","Cap;chop",0.0815829835090306,4
"878","Cor;chore",0.123370597782545,4
"879","kab;cob",0.136834453994622,4
"880","kak;cock",0.121066191539311,4
"881","kad;cod",0.0746263590539859,4
"882","kag;cog",0.0714862598198086,4
"883","kan;con",0.0691225197089965,4
"884","kap;cop",0.0781073196570567,4
"885","kor;core",0.108255892928003,4
"886","kat;cot",0.114001684295712,4
"887","zar;czar",2.22626453969888,4
"888","dEr;dare",0.0612595976473144,4
"889","dark;dark",0.110485647857687,4
"890","darn;darn",0.134408737859908,4
"891","dIr;dear",0.0561109940310894,4
"892","dak;dock",0.0600836284373134,4
"893","dat;dot",0.0486460574386385,4
"894","Ir;ear",0.129405127978243,4
"895","fEr;fair",0.134890072080661,4
"896","far;far",2.32750014291053,4
"897","fars;farce",0.0765784569277839,4
"898","farm;farm",0.0824497185221724,4
"899","fIr;fear",0.129927323638009,4
"900","fYr;fire",0.0821004374007125,4
"901","fab;fob",0.14356057532238,4
"902","fap;fop",0.0810240023515185,4
"903","for;for",0.129416502088349,4
"904","garb;garb",0.13010946431377,4
"905","gIr;gear",0.0559214328210691,4
"906","gab;gob",0.0843680307406366,4
"907","gor;gore",0.0554776537918215,4
"908","gat;got",0.0490988912100961,4
"909","gard;guard",0.0950291092296044,4
"910","hEr;hair",0.0619795858180092,4
"911","hard;hard",0.0866388138589871,4
"912","hark;hark",0.104425159153863,4
"913","hIr;hear",0.0567904088962864,4
"914","hab;hob",0.0742277963060863,4
"915","hak;hock",0.0614266563140645,4
"916","hat;hot",0.0500031225171547,4
"917","Wr;hour",0.0727065718653227,4
"918","Yr;ire",0.0820594821460702,4
"919","Jar;jar",2.31743046798605,4
"920","JIr;jeer",0.132335996644229,4
"921","Jab;job",0.166894326810752,4
"922","Jag;jog",0.0998417545231193,4
"923","JaS;josh",0.21481253479628,4
"924","Jas;joss",0.0936449675868256,4
"925","Jat;jot",0.142946868378112,4
"926","nab;knob",0.0806189632129843,4
"927","nak;knock",0.064989105250774,4
"928","nat;knot",0.0562868688773268,4
"929","lEr;lair",0.0662140720194552,4
"930","lard;lard",0.0941986621320947,4
"931","larJ;large",0.155459434068637,4
"932","lark;lark",0.112101678263859,4
"933","lIr;leer",0.0605907316978156,4
"934","lab;lob",0.0774653889872437,4
"935","lak;loch",0.0637657410960057,4
"936","lor;lore",0.0563151475897311,4
"937","lat;lot",0.052070440073942,4
"938","ma;ma",0.0574576725537065,4
"939","mar;mar",2.35037690940413,4
"940","marC;march",0.072090857107009,4
"941","mEr;mare",0.112709242717084,4
"942","marJ;marge",0.218106806738933,4
"943","mark;mark",0.16978344975153,4
"944","marl;marl",0.069422614479022,4
"945","marz;mars",0.0669909549429031,4
"946","marS;marsh",0.0669909549429031,4
"947","mart;mart",0.0769310759347576,4
"948","mIr;mere",0.107656634048216,4
"949","mYr;mire",0.0606934842228813,4
"950","mab;mob",0.127991215378421,4
"951","mak;mock",0.11491209403159,4
"952","mal;moll",0.0573621428175374,4
"953","mor;moor",0.107172801091451,4
"954","map;mop",0.0662749282654176,4
"955","maro;morrow",0.220970915588839,4
"956","nard;nard",0.0837931060241111,4
"957","nIr;near",0.0559214328210691,4
"958","nor;nor",0.0554776537918215,4
"959","naC;notch",0.0954935878999456,4
"960","or;oar",0.128910311205124,4
"961","ad;odd",0.0689717754664382,4
"962","pa;pa",0.0632356759110614,4
"963","pEr;pair",0.110860109091513,4
"964","pam;palm",0.159390506870316,4
"965","par;par",2.35430845156449,4
"966","parx;para",0.0562196443711582,4
"967","parC;parch",0.0612860848341784,4
"968","pard;pard",0.141731457570662,4
"969","park;park",0.158750560752766,4
"970","pars;parse",0.0627665006277184,4
"971","part;part",0.0676512264158647,4
"972","pIr;peer",0.105799997938501,4
"973","pak;pock",0.120179120994936,4
"974","pad;pod",0.0705868890421458,4
"975","por;poor",0.105318418270732,4
"976","pap;pop",0.0714368144918527,4
"977","paS;posh",0.184748515847982,4
"978","pat;pot",0.11001592195589,4
"979","sam;psalm",0.103126156021276,4
"980","pYr;pyre",0.0589089639340932,4
"981","rEr;rare",0.0619795858180092,4
"982","rIr;rear",0.0567904088962864,4
"983","ror;roar",0.0563544419503887,4
"984","rab;rob",0.0742811273675122,4
"985","rak;rock",0.0587125046985321,4
"986","rat;rot",0.0500567295303075,4
"987","skar;scar",0.062697712860008,4
"988","sIr;sear",0.0559214328210691,4
"989","Sard;shard",0.0866395497302587,4
"990","SEr;share",0.0619795858180092,4
"991","Sark;shark",0.104487607329136,4
"992","SIr;shear",0.0567904088962864,4
"993","Sak;shock",0.0600181380066914,4
"994","Sor;shore",0.0563544419503887,4
"995","Sat;shot",0.0486460574386385,4
"996","sor;soar",0.0554776537918215,4
"997","sab;sob",0.0786288650693974,4
"998","sak;sock",0.062996629676925,4
"999","saro;sorrow",0.144142928652752,4
"1000","sat;sot",0.054288939198759,4
"1001","spar;spar",0.0574323253432198,4
"1002","star;star",0.0721876862329737,4
"1003","tar;tar",2.33529407419326,4
"1004","tEr;tare",0.130890916693563,4
"1005","tarn;tarn",0.195159477278472,4
"1006","tart;tart",0.0822460065718917,4
"1007","DEr;their",0.0605000529923855,4
"1008","tIr;tier",0.125851514773369,4
"1009","tYr;tire",0.0786210493508422,4
"1010","tag;tog",0.0714208633224165,4
"1011","tap;top",0.0767922491189159,4
"1012","tor;tor",0.12536054397997,4
"1013","tat;tot",0.117630229891787,4
"1014","tUr;tour",0.0692488623117749,4
"1015","vIr;veer",0.0551485947271477,4
"1016","wor;war",0.0557058381994965,4
"1017","wEr;ware",0.0612982793564374,4
"1018","wat;watt",0.0475867716823323,4
"1019","hor;whore",0.0563544419503887,4
"1020","yat;yacht",0.0475867716823323,4
"1021","yard;yard",0.0918971714305614,4
"1022","yarn;yarn",0.133676931471852,4
"1023","yIr;year",0.0559214328210691,4
"1024","yor;yore",0.0554776537918215,4
"1025","xfar;afar",0.108336792564803,5
"1026","Er;air",0.183869536891587,5
"1027","xJar;ajar",0.117113105024003,5
"1028","ark;arc",0.238522549324978,5
"1029","arC;arch",0.107769143670585,5
"1030","ar;are",2.29743899788721,5
"1031","arm;arm",0.117003237047946,5
"1032","art;art",0.120359377381355,5
"1033","beb;babe",0.0810246266788026,5
"1034","b@k;back",0.0982613748417435,5
"1035","bat;baht",2.10726036207964,5
"1036","bErn;bairn",0.229220681936243,5
"1037","bet;bait",0.0747897813996403,5
"1038","bek;bake",0.0849194748856509,5
"1039","bck;balk",0.0774736147598139,5
"1040","bam;balm",2.06742850957244,5
"1041","bar;bar",19.1267412820497,5
"1042","barb;barb",2.36989495784609,5
"1043","barbd;barbed",0.268597757581552,5
"1044","barbX;barber",0.21517081994747,5
"1045","bard;bard",2.42597814196033,5
"1046","bEr;bare",1.72702895783013,5
"1047","barJ;barge",2.2477362782979,5
"1048","bark;bark",2.39104699137191,5
"1049","barkX;barker",0.131253958631908,5
"1050","barn;barn",2.32068011831128,5
"1051","b@ro;barrow",0.174780134821724,5
"1052","b@S;bash",0.178898588292766,5
"1053","b@t;bat",0.0879993712729159,5
"1054","b@C;batch",0.157861461074303,5
"1055","biC;beach",0.153513823924993,5
"1056","bik;beak",0.0938236491111556,5
"1057","bim;beam",0.148331955370737,5
"1058","bIrd;beard",0.145655114736777,5
"1059","bit;beat",0.0835274577289441,5
"1060","bo;beau",0.0648643815510119,5
"1061","boz;beaux",0.0648643815510119,5
"1062","bEk;beck",0.140862820499626,5
"1063","bEd;bed",0.0714895472293699,5
"1064","bIn;been",0.0727931070125851,5
"1065","bIr;beer",1.71753044524224,5
"1066","bEg;beg",0.0688776270555674,5
"1067","bEl;bell",0.0715076741173569,5
"1068","bEri;berry",0.0774390690935635,5
"1069","bErL;beryl",0.0774390690935635,5
"1070","bEt;bet",0.130797436282721,5
"1071","bIb;bib",0.145492801851419,5
"1072","bId;bid",0.0899761730227745,5
"1073","bIg;big",0.0742311464460767,5
"1074","bYt;bight",0.0675576880860998,5
"1075","bYk;bike",0.0774736147598139,5
"1076","bIl;bill",0.0764161355831953,5
"1077","bRC;birch",0.135725831585989,5
"1078","bIt;bit",0.134717215542476,5
"1079","bIC;bitch",0.207862572787333,5
"1080","blEr;blare",0.0607751836181297,5
"1081","blIr;blear",0.0556942146983487,5
"1082","blab;blob",0.095183483201288,5
"1083","blak;bloc",0.0799083377180818,5
"1084","blat;blot",0.069298108085591,5
"1085","blaC;blotch",0.12992854096934,5
"1086","box;boa",0.0648643815510119,5
"1087","bor;boar",1.71833507364331,5
"1088","bord;board",0.163384548649535,5
"1089","bot;boat",0.12962407601391,5
"1090","bab;bob",2.24813436217225,5
"1091","babL;bobble",0.0892245853026371,5
"1092","babi;bobby",0.104669264082883,5
"1093","baCi;boccie",0.125221751887351,5
"1094","bak;bock",2.21237065634709,5
"1095","bod;bode",0.0832737319401107,5
"1096","bol;bole",0.0716948513832059,5
"1097","bamX;bomber",0.114131212172837,5
"1098","band;bond",0.0847553039446132,5
"1099","bon;bone",0.0841885816636244,5
"1100","bUk;book",0.0957753600988045,5
"1101","bum;boom",0.134736168617085,5
"1102","but;boot",0.0768679240024854,5
"1103","born;born",0.220942774729499,5
"1104","baro;borrow",2.31908211392996,5
"1105","baS;bosh",1.99431026275166,5
"1106","baC;botch",2.05023623981691,5
"1107","boT;both",0.0648643815510119,5
"1108","batL;bottle",0.0638766473628319,5
"1109","batM;bottom",0.051320592911008,5
"1110","bct;bought",0.0675576880860998,5
"1111","bWt;bout",0.0646160780072719,5
"1112","baks;box",0.0551121467868897,5
"1113","b^k;buck",0.087588228756445,5
"1114","b^m;bum",0.13960352925876,5
"1115","bUS;bush",0.162419215956362,5
"1116","b^t;but",0.0774817885879937,5
"1117","kam;calm",0.216828478432204,5
"1118","kar;car",2.32380676074446,5
"1119","kard;card",0.203996163103566,5
"1120","kEr;care",0.153015932122374,5
"1121","karp;carp",0.0835111549269627,5
"1122","kart;cart",0.104359484269816,5
"1123","karv;carve",0.0797678685445266,5
"1124","CEr;chair",0.172917806332469,5
"1125","Car;char",2.30142939599702,5
"1126","Card;chard",0.227375642743947,5
"1127","CarJ;charge",0.296963244041364,5
"1128","Carm;charm",0.124474466313972,5
"1129","Cart;chart",0.127991684711156,5
"1130","CIr;cheer",0.166758991272318,5
"1131","Cak;chock",0.174577980155237,5
"1132","Can;chon",0.095505889307548,5
"1133","Cap;chop",0.113835189976478,5
"1134","Cor;chore",0.165701975280162,5
"1135","kab;cob",0.193021605952834,5
"1136","kak;cock",0.170736094976894,5
"1137","kad;cod",0.109922690007791,5
"1138","kag;cog",0.10404694162348,5
"1139","kan;con",0.099094491812923,5
"1140","kap;cop",0.117445490384718,5
"1141","kor;core",0.145806847757566,5
"1142","kat;cot",0.162667642765329,5
"1143","zar;czar",2.15507309922811,5
"1144","dEr;dare",0.0870587208687427,5
"1145","dark;dark",0.158399509597904,5
"1146","darn;darn",0.183161734255646,5
"1147","dIr;dear",0.0804904821604165,5
"1148","dak;dock",0.0875537110937835,5
"1149","dat;dot",0.0705755013680813,5
"1150","Ir;ear",0.177522623372157,5
"1151","fEr;fair",0.18230968142893,5
"1152","far;far",2.303457067939,5
"1153","fars;farce",0.101270310671166,5
"1154","farm;farm",0.112683406070922,5
"1155","fIr;fear",0.176075650393138,5
"1156","fYr;fire",0.112148604774194,5
"1157","fab;fob",0.193379187849679,5
"1158","fap;fop",0.110484452789804,5
"1159","for;for",0.175033902063771,5
"1160","garb;garb",0.167304201790256,5
"1161","gIr;gear",0.0801147741338121,5
"1162","gab;gob",0.125153018220436,5
"1163","gor;gore",0.079196254305576,5
"1164","gat;got",0.0716060838295581,5
"1165","gard;guard",0.14035472807852,5
"1166","hEr;hair",0.0885265354391928,5
"1167","hard;hard",0.125203122387292,5
"1168","hark;hark",0.146807433092445,5
"1169","hIr;hear",0.081880731113437,5
"1170","hab;hob",0.106569279761176,5
"1171","hak;hock",0.0901824064026439,5
"1172","hat;hot",0.0733462446530848,5
"1173","Wr;hour",0.0960776929246775,5
"1174","Yr;ire",0.114436368215026,5
"1175","Jar;jar",2.28974782396615,5
"1176","JIr;jeer",0.174804196601188,5
"1177","Jab;job",0.232512574420657,5
"1178","Jag;jog",0.140190780934051,5
"1179","JaS;josh",0.278114423721142,5
"1180","Jas;joss",0.128083424766202,5
"1181","Jat;jot",0.199808978780496,5
"1182","nab;knob",0.11833245031392,5
"1183","nak;knock",0.0963414447647025,5
"1184","nat;knot",0.0849322279552835,5
"1185","lEr;lair",0.096313034715523,5
"1186","lard;lard",0.139734903926024,5
"1187","larJ;large",0.206594115438341,5
"1188","lark;lark",0.161555270139597,5
"1189","lIr;leer",0.0889246415777184,5
"1190","lab;lob",0.112989170244765,5
"1191","lak;loch",0.0950720350567401,5
"1192","lor;lore",0.080968252309795,5
"1193","lat;lot",0.0776249611416368,5
"1194","ma;ma",0.0791554819836253,5
"1195","mar;mar",2.33569520442885,5
"1196","marC;march",0.108673649650494,5
"1197","mEr;mare",0.15402627691781,5
"1198","marJ;marge",0.296103137850804,5
"1199","mark;mark",0.241941741540159,5
"1200","marl;marl",0.103306985308762,5
"1201","marz;mars",0.0985386428315437,5
"1202","marS;marsh",0.0985386428315437,5
"1203","mart;mart",0.118920440879972,5
"1204","mIr;mere",0.147626288161731,5
"1205","mYr;mire",0.0852730741026479,5
"1206","mab;mob",0.178122532341736,5
"1207","mak;mock",0.161228781898116,5
"1208","mal;moll",0.0790361369577513,5
"1209","mor;moor",0.146634437460448,5
"1210","map;mop",0.0967120360227273,5
"1211","maro;morrow",0.301387714156702,5
"1212","nard;nard",0.119536349146049,5
"1213","nIr;near",0.0801147741338121,5
"1214","nor;nor",0.079196254305576,5
"1215","naC;notch",0.120184681941256,5
"1216","or;oar",0.176508443216545,5
"1217","ad;odd",0.0891520919131426,5
"1218","pa;pa",0.0915381478477802,5
"1219","pEr;pair",0.151680692872647,5
"1220","pam;palm",0.212497669657622,5
"1221","par;par",2.34180725734959,5
"1222","parx;para",0.0782514981405614,5
"1223","parC;parch",0.0883908982408077,5
"1224","pard;pard",0.201397705074445,5
"1225","park;park",0.221203301848742,5
"1226","pars;parse",0.0906131325474447,5
"1227","part;part",0.101644461174115,5
"1228","pIr;peer",0.145266861336141,5
"1229","pak;pock",0.172729621601138,5
"1230","pad;pod",0.105654751301184,5
"1231","por;poor",0.144279172675783,5
"1232","pap;pop",0.10806498330453,5
"1233","paS;posh",0.241786529135056,5
"1234","pat;pot",0.158583257761552,5
"1235","sam;psalm",0.134870597898563,5
"1236","pYr;pyre",0.0830449206273728,5
"1237","rEr;rare",0.0885265354391928,5
"1238","rIr;rear",0.081880731113437,5
"1239","ror;roar",0.0809765667577755,5
"1240","rab;rob",0.106644901821273,5
"1241","rak;rock",0.0847653815792041,5
"1242","rat;rot",0.0734227161694681,5
"1243","skar;scar",0.0861417553342121,5
"1244","sIr;sear",0.0801147741338121,5
"1245","Sard;shard",0.125205697026886,5
"1246","SEr;share",0.0885265354391928,5
"1247","Sark;shark",0.146917835746988,5
"1248","SIr;shear",0.081880731113437,5
"1249","Sak;shock",0.0873094444256928,5
"1250","Sor;shore",0.0809765667577755,5
"1251","Sat;shot",0.0705739900504515,5
"1252","sor;soar",0.079196254305576,5
"1253","sab;sob",0.114901642176036,5
"1254","sak;sock",0.0929025135523919,5
"1255","saro;sorrow",0.185087803756989,5
"1256","sat;sot",0.0814746022244879,5
"1257","spar;spar",0.079850150444713,5
"1258","star;star",0.0975737952963033,5
"1259","tar;tar",2.31406056173253,5
"1260","tEr;tare",0.179336020665847,5
"1261","tarn;tarn",0.258489119982181,5
"1262","tart;tart",0.11764968052193,5
"1263","DEr;their",0.0855206186224076,5
"1264","tIr;tier",0.172965289036549,5
"1265","tYr;tire",0.110091972295416,5
"1266","tag;tog",0.096287748743379,5
"1267","tap;top",0.107009456740864,5
"1268","tor;tor",0.17195830626369,5
"1269","tat;tot",0.161768891631547,5
"1270","tUr;tour",0.0916980369944411,5
"1271","vIr;veer",0.0785535834333776,5
"1272","wor;war",0.0796458983140612,5
"1273","wEr;ware",0.0871328854006153,5
"1274","wat;watt",0.0684006606797595,5
"1275","hor;whore",0.0809765667577755,5
"1276","yat;yacht",0.0684006606797595,5
"1277","yard;yard",0.135271153182173,5
"1278","yarn;yarn",0.181778415477438,5
"1279","yIr;year",0.0801147741338121,5
"1280","yor;yore",0.079196254305576,5
"1281","xfar;afar",0.131793671681279,6
"1282","Er;air",0.228314252923077,6
"1283","xJar;ajar",0.141162464100888,6
"1284","ark;arc",0.295506637694993,6
"1285","arC;arch",0.134655922875752,6
"1286","ar;are",2.2016140096321,6
"1287","arm;arm",0.148758194168509,6
"1288","art;art",0.155365162671082,6
"1289","beb;babe",0.09649687868173,6
"1290","b@k;back",0.1312141990369,6
"1291","bat;baht",1.98699886478988,6
"1292","bErn;bairn",0.272417390817529,6
"1293","bet;bait",0.0988406421629372,6
"1294","bek;bake",0.110424798232322,6
"1295","bck;balk",0.0990640037344212,6
"1296","bam;balm",1.9455498471358,6
"1297","bar;bar",14.387239123802,6
"1298","barb;barb",2.29541880566906,6
"1299","barbd;barbed",0.318937279068168,6
"1300","barbX;barber",0.268264292251553,6
"1301","bard;bard",2.38169010457789,6
"1302","bEr;bare",1.56592666319691,6
"1303","barJ;barge",2.14351456373557,6
"1304","bark;bark",2.31682867045597,6
"1305","barkX;barker",0.161215792864521,6
"1306","barn;barn",2.24290000100708,6
"1307","b@ro;barrow",0.199648831506205,6
"1308","b@S;bash",0.212631288962514,6
"1309","b@t;bat",0.119482403210026,6
"1310","b@C;batch",0.195543219045131,6
"1311","biC;beach",0.189152027215623,6
"1312","bik;beak",0.124629348354823,6
"1313","bim;beam",0.180951546614396,6
"1314","bIrd;beard",0.170533412786444,6
"1315","bit;beat",0.112823216729055,6
"1316","bo;beau",0.0794724907910208,6
"1317","boz;beaux",0.0794724907910208,6
"1318","bEk;beck",0.173031321734639,6
"1319","bEd;bed",0.0871519555983366,6
"1320","bIn;been",0.0920425726359197,6
"1321","bIr;beer",1.54925108181901,6
"1322","bEg;beg",0.0827568488831578,6
"1323","bEl;bell",0.0868915306433674,6
"1324","bEri;berry",0.0956317533967577,6
"1325","bErL;beryl",0.0956317533967577,6
"1326","bEt;bet",0.161445306810622,6
"1327","bIb;bib",0.175019907691348,6
"1328","bId;bid",0.117834590839277,6
"1329","bIg;big",0.0939134976634775,6
"1330","bYt;bight",0.0877731752514532,6
"1331","bYk;bike",0.0990640037344212,6
"1332","bIl;bill",0.097451032325496,6
"1333","bRC;birch",0.161334860435202,6
"1334","bIt;bit",0.1706922407865,6
"1335","bIC;bitch",0.251963539919592,6
"1336","blEr;blare",0.0697389489973555,6
"1337","blIr;blear",0.064164894604415,6
"1338","blab;blob",0.118589285618072,6
"1339","blak;bloc",0.10115478447171,6
"1340","blat;blot",0.0887221515262727,6
"1341","blaC;blotch",0.152926518414611,6
"1342","box;boa",0.0794724907910208,6
"1343","bor;boar",1.55080513756301,6
"1344","bord;board",0.196901784027012,6
"1345","bot;boat",0.162732581317098,6
"1346","bab;bob",2.14976511113067,6
"1347","babL;bobble",0.109968178522403,6
"1348","babi;bobby",0.13163058383737,6
"1349","baCi;boccie",0.145435296725209,6
"1350","bak;bock",2.10890690501761,6
"1351","bod;bode",0.108086544439425,6
"1352","bol;bole",0.0901472075646928,6
"1353","bamX;bomber",0.127601737203427,6
"1354","band;bond",0.0976336307921819,6
"1355","bon;bone",0.108892495724846,6
"1356","bUk;book",0.125818146687232,6
"1357","bum;boom",0.159739714338525,6
"1358","but;boot",0.101580343315968,6
"1359","born;born",0.26180906962182,6
"1360","baro;borrow",2.24711911336901,6
"1361","baS;bosh",1.85003288284946,6
"1362","baC;botch",1.92147747942907,6
"1363","boT;both",0.0794724907910208,6
"1364","batL;bottle",0.0799276744039528,6
"1365","batM;bottom",0.0609055535570444,6
"1366","bct;bought",0.0877731752514532,6
"1367","bWt;bout",0.0830582799001734,6
"1368","baks;box",0.0622824740688273,6
"1369","b^k;buck",0.114574351323177,6
"1370","b^m;bum",0.167369857716192,6
"1371","bUS;bush",0.187449186352863,6
"1372","b^t;but",0.103042351322716,6
"1373","kam;calm",0.261629618386707,6
"1374","kar;car",2.23749950415194,6
"1375","kard;card",0.259871627327324,6
"1376","kEr;care",0.187431710694351,6
"1377","karp;carp",0.103506803059005,6
"1378","kart;cart",0.137561242300813,6
"1379","karv;carve",0.0973978926664059,6
"1380","CEr;chair",0.211158972761485,6
"1381","Car;char",2.2080547712655,6
"1382","Card;chard",0.288747427054552,6
"1383","CarJ;charge",0.355345602395791,6
"1384","Carm;charm",0.160012418492401,6
"1385","Cart;chart",0.166970444077566,6
"1386","CIr;cheer",0.204178548224623,6
"1387","Cak;chock",0.215827610620315,6
"1388","Can;chon",0.114505407468275,6
"1389","Cap;chop",0.143794467630833,6
"1390","Cor;chore",0.202450059350612,6
"1391","kab;cob",0.24698544326953,6
"1392","kak;cock",0.218652300123883,6
"1393","kad;cod",0.145339028316664,6
"1394","kag;cog",0.136431730912388,6
"1395","kan;con",0.128160775014323,6
"1396","kap;cop",0.158260370151458,6
"1397","kor;core",0.178735101716977,6
"1398","kat;cot",0.210663150717611,6
"1399","zar;czar",2.01830177265374,6
"1400","dEr;dare",0.112253346524137,6
"1401","dark;dark",0.204877336113906,6
"1402","darn;darn",0.225927201945898,6
"1403","dIr;dear",0.104685446534489,6
"1404","dak;dock",0.115552482213177,6
"1405","dat;dot",0.0929854923900964,6
"1406","Ir;ear",0.221066828139108,6
"1407","fEr;fair",0.224027589383648,6
"1408","far;far",2.21239864500809,6
"1409","fars;farce",0.121614844023771,6
"1410","farm;farm",0.139470251617175,6
"1411","fIr;fear",0.216940558514625,6
"1412","fYr;fire",0.13887054694927,6
"1413","fab;fob",0.237026484767554,6
"1414","fap;fop",0.136965896776289,6
"1415","for;for",0.215232397029076,6
"1416","garb;garb",0.195549257286428,6
"1417","gIr;gear",0.104085119257268,6
"1418","gab;gob",0.166010363014409,6
"1419","gor;gore",0.102558832470507,6
"1420","gat;got",0.0947946436634012,6
"1421","gard;guard",0.186044227479156,6
"1422","hEr;hair",0.114663073660458,6
"1423","hard;hard",0.164055812590089,6
"1424","hark;hark",0.187080258593901,6
"1425","hIr;hear",0.106975582756523,6
"1426","hab;hob",0.138611519923237,6
"1427","hak;hock",0.119722120551922,6
"1428","hat;hot",0.0975375225049337,6
"1429","Wr;hour",0.11518979870153,6
"1430","Yr;ire",0.144178217264342,6
"1431","Jar;jar",2.19537494877607,6
"1432","JIr;jeer",0.210324748684339,6
"1433","Jab;job",0.2931781061775,6
"1434","Jag;jog",0.177374316701266,6
"1435","JaS;josh",0.327000039070337,6
"1436","Jas;joss",0.158323665050238,6
"1437","Jat;jot",0.252880482325359,6
"1438","nab;knob",0.156048614925351,6
"1439","nak;knock",0.128211816849266,6
"1440","nat;knot",0.114736496279413,6
"1441","lEr;lair",0.126192249666463,6
"1442","lard;lard",0.186521925340972,6
"1443","larJ;large",0.249000569742617,6
"1444","lark;lark",0.209870133269673,6
"1445","lIr;leer",0.117474356252328,6
"1446","lab;lob",0.148836812589722,6
"1447","lak;loch",0.127861297874475,6
"1448","lor;lore",0.105545606337163,6
"1449","lat;lot",0.10460807132403,6
"1450","ma;ma",0.0990526795883069,6
"1451","mar;mar",2.25540667283632,6
"1452","marC;march",0.146956861362345,6
"1453","mEr;mare",0.191419730620922,6
"1454","marJ;marge",0.364686242310745,6
"1455","mark;mark",0.312094080520964,6
"1456","marl;marl",0.138265530616017,6
"1457","marz;mars",0.130724251104852,6
"1458","marS;marsh",0.130724251104852,6
"1459","mart;mart",0.164304518791911,6
"1460","mIr;mere",0.184086588118226,6
"1461","mYr;mire",0.108321084524241,6
"1462","mab;mob",0.225099340960203,6
"1463","mak;mock",0.205468924163728,6
"1464","mal;moll",0.0989859909541558,6
"1465","mor;moor",0.182452499989537,6
"1466","map;mop",0.127201035780778,6
"1467","maro;morrow",0.372438076408492,6
"1468","nard;nard",0.154967038918222,6
"1469","nIr;near",0.104085119257268,6
"1470","nor;nor",0.102558832470507,6
"1471","naC;notch",0.137736433761465,6
"1472","or;oar",0.219396676283076,6
"1473","ad;odd",0.104849351022121,6
"1474","pa;pa",0.119250115196622,6
"1475","pEr;pair",0.188734075387472,6
"1476","pam;palm",0.257388679353504,6
"1477","par;par",2.26349429257992,6
"1478","parx;para",0.0990515972393603,6
"1479","parC;parch",0.115395760205575,6
"1480","pard;pard",0.260059885086373,6
"1481","park;park",0.279797665772519,6
"1482","pars;parse",0.117860927332004,6
"1483","part;part",0.137525967860544,6
"1484","pIr;peer",0.181380468998655,6
"1485","pak;pock",0.224438365416389,6
"1486","pad;pod",0.141126309227206,6
"1487","por;poor",0.179752540047137,6
"1488","pap;pop",0.146026954267804,6
"1489","paS;posh",0.287587835042255,6
"1490","pat;pot",0.206846393375565,6
"1491","sam;psalm",0.160487872861945,6
"1492","pYr;pyre",0.10580655606552,6
"1493","rEr;rare",0.114663073660458,6
"1494","rIr;rear",0.106975582756523,6
"1495","ror;roar",0.105470502652498,6
"1496","rab;rob",0.138687642707824,6
"1497","rak;rock",0.111016302411777,6
"1498","rat;rot",0.097615153330062,6
"1499","skar;scar",0.107089207817356,6
"1500","sIr;sear",0.104085119257268,6
"1501","Sard;shard",0.164061217687102,6
"1502","SEr;share",0.114663073660458,6
"1503","Sark;shark",0.187236290798485,6
"1504","SIr;shear",0.106975582756523,6
"1505","Sak;shock",0.115004379780574,6
"1506","Sor;shore",0.105470502652498,6
"1507","Sat;shot",0.0929788277709984,6
"1508","sor;soar",0.102558832470507,6
"1509","sab;sob",0.151321192165873,6
"1510","sak;sock",0.123467745712953,6
"1511","saro;sorrow",0.215905831185592,6
"1512","sat;sot",0.109953990063241,6
"1513","spar;spar",0.100286741011568,6
"1514","star;star",0.119611755711293,6
"1515","tar;tar",2.22570111626806,6
"1516","tEr;tare",0.223113189250155,6
"1517","tarn;tarn",0.310726942617012,6
"1518","tart;tart",0.151965762844454,6
"1519","DEr;their",0.109743756648305,6
"1520","tIr;tier",0.215830219055417,6
"1521","tYr;tire",0.139256000530065,6
"1522","tag;tog",0.117950919942444,6
"1523","tap;top",0.135214483606846,6
"1524","tor;tor",0.214170818343825,6
"1525","tat;tot",0.20242864814996,6
"1526","tUr;tour",0.110216052920988,6
"1527","vIr;veer",0.101543711336546,6
"1528","wor;war",0.103273059854628,6
"1529","wEr;ware",0.112367786222405,6
"1530","wat;watt",0.0893884152364847,6
"1531","hor;whore",0.105470502652498,6
"1532","yat;yacht",0.0893884152364847,6
"1533","yard;yard",0.179541193280386,6
"1534","yarn;yarn",0.22384077865172,6
"1535","yIr;year",0.104085119257268,6
"1536","yor;yore",0.102558832470507,6
"1537","xfar;afar",0.150303250542163,7
"1538","Er;air",0.266870806147877,7
"1539","xJar;ajar",0.159746055912365,7
"1540","ark;arc",0.344753085996027,7
"1541","arC;arch",0.158433539730745,7
"1542","ar;are",2.0730405834894,7
"1543","arm;arm",0.177324859018367,7
"1544","art;art",0.188368944909791,7
"1545","beb;babe",0.108290472631439,7
"1546","b@k;back",0.163084201028404,7
"1547","bat;baht",1.84896520198601,7
"1548","bErn;bairn",0.304765453031746,7
"1549","bet;bait",0.12226150542571,7
"1550","bek;bake",0.134617011157313,7
"1551","bck;balk",0.119351191082027,7
"1552","bam;balm",1.80324308513538,7
"1553","bar;bar",11.0231851627942,7
"1554","barb;barb",2.18569037723488,7
"1555","barbd;barbed",0.356550721973122,7
"1556","barbX;barber",0.312723665582654,7
"1557","bard;bard",2.30370689173912,7
"1558","bEr;bare",1.40907993397233,7
"1559","barJ;barge",2.00929454480164,7
"1560","bark;bark",2.20790027881453,7
"1561","barkX;barker",0.186014057639439,7
"1562","barn;barn",2.13345951919354,7
"1563","b@ro;barrow",0.214658152499977,7
"1564","b@S;bash",0.237607137344179,7
"1565","b@t;bat",0.150598199070753,7
"1566","b@C;batch",0.22719718782409,7
"1567","biC;beach",0.21896467806772,7
"1568","bik;beak",0.154527487306274,7
"1569","bim;beam",0.207509194871547,7
"1570","bIrd;beard",0.188354902276649,7
"1571","bit;beat",0.141915670322158,7
"1572","bo;beau",0.0921026782929016,7
"1573","boz;beaux",0.0921026782929016,7
"1574","bEk;beck",0.20093542033256,7
"1575","bEd;bed",0.100439501257995,7
"1576","bIn;been",0.109579073187511,7
"1577","bIr;beer",1.38509227623217,7
"1578","bEg;beg",0.0939990715134235,7
"1579","bEl;bell",0.099738296256613,7
"1580","bEri;berry",0.110918830741807,7
"1581","bErL;beryl",0.110918830741807,7
"1582","bEt;bet",0.18844686329865,7
"1583","bIb;bib",0.198566277094643,7
"1584","bId;bid",0.143756174425473,7
"1585","bIg;big",0.111689628590681,7
"1586","bYt;bight",0.107353010712167,7
"1587","bYk;bike",0.119351191082027,7
"1588","bIl;bill",0.116729787796932,7
"1589","bRC;birch",0.180634862323825,7
"1590","bIt;bit",0.203932905095091,7
"1591","bIC;bitch",0.287765680626211,7
"1592","blEr;blare",0.0755290603868769,7
"1593","blIr;blear",0.0696781717957731,7
"1594","blab;blob",0.138624279436918,7
"1595","blak;bloc",0.119869181322632,7
"1596","blat;blot",0.106138006867561,7
"1597","blaC;blotch",0.169898324174015,7
"1598","box;boa",0.0921026782929016,7
"1599","bor;boar",1.3875566103269,7
"1600","bord;board",0.222926058801619,7
"1601","bot;boat",0.193030020404901,7
"1602","bab;bob",2.02477119822022,7
"1603","babL;bobble",0.12744852957796,7
"1604","babi;bobby",0.154268499835326,7
"1605","baCi;boccie",0.159309554078208,7
"1606","bak;bock",1.98091734608468,7
"1607","bod;bode",0.131249147981256,7
"1608","bol;bole",0.106823072698236,7
"1609","bamX;bomber",0.134218520207071,7
"1610","band;bond",0.105949174784704,7
"1611","bon;bone",0.131570265930653,7
"1612","bUk;book",0.153737875637901,7
"1613","bum;boom",0.17834438157823,7
"1614","but;boot",0.12535119427329,7
"1615","born;born",0.291905085893051,7
"1616","baro;borrow",2.14170279112247,7
"1617","baS;bosh",1.68864869656144,7
"1618","baC;botch",1.77378957062297,7
"1619","boT;both",0.0921026782929016,7
"1620","batL;bottle",0.0936143658931805,7
"1621","batM;bottom",0.0681589978549429,7
"1622","bct;bought",0.107353010712167,7
"1623","bWt;bout",0.100679554074284,7
"1624","baks;box",0.0661931629733678,7
"1625","b^k;buck",0.1402990998091,7
"1626","b^m;bum",0.188899391426951,7
"1627","bUS;bush",0.203667232493146,7
"1628","b^t;but",0.128035151473051,7
"1629","kam;calm",0.297789506969659,7
"1630","kar;car",2.11917415858472,7
"1631","kard;card",0.31169352334853,7
"1632","kEr;care",0.216662865209854,7
"1633","karp;carp",0.120815156536753,7
"1634","kart;cart",0.169766349770671,7
"1635","karv;carve",0.112053191849391,7
"1636","CEr;chair",0.243235577067125,7
"1637","Car;char",2.08213206266452,7
"1638","Card;chard",0.344896658181025,7
"1639","CarJ;charge",0.400172157006982,7
"1640","Carm;charm",0.19222907510617,7
"1641","Cart;chart",0.203870637960699,7
"1642","CIr;cheer",0.235826957798506,7
"1643","Cak;chock",0.251539361047191,7
"1644","Can;chon",0.129307003672387,7
"1645","Cap;chop",0.170531441692507,7
"1646","Cor;chore",0.233339721655706,7
"1647","kab;cob",0.297130928434282,7
"1648","kak;cock",0.263533259931376,7
"1649","kad;cod",0.17920169938709,7
"1650","kag;cog",0.167228840477219,7
"1651","kan;con",0.155169191375654,7
"1652","kap;cop",0.198541650389006,7
"1653","kor;core",0.206786965471114,7
"1654","kat;cot",0.256620042816508,7
"1655","zar;czar",1.85284279039515,7
"1656","dEr;dare",0.136104383214133,7
"1657","dark;dark",0.248041867102805,7
"1658","darn;darn",0.261579960882624,7
"1659","dIr;dear",0.127957836924909,7
"1660","dak;dock",0.143149786373711,7
"1661","dat;dot",0.115280521927987,7
"1662","Ir;ear",0.259128801989778,7
"1663","fEr;fair",0.25952146259973,7
"1664","far;far",2.08856952465628,7
"1665","fars;farce",0.137515153038006,7
"1666","farm;farm",0.16210250191758,7
"1667","fIr;fear",0.251980190359403,7
"1668","fYr;fire",0.161621717344307,7
"1669","fab;fob",0.27406935208821,7
"1670","fap;fop",0.15999593486036,7
"1671","for;for",0.249516316471728,7
"1672","garb;garb",0.215478630170307,7
"1673","gIr;gear",0.127112408104471,7
"1674","gab;gob",0.204841010751915,7
"1675","gor;gore",0.124884297221258,7
"1676","gat;got",0.117994408125814,7
"1677","gard;guard",0.229981997201715,7
"1678","hEr;hair",0.139588498926328,7
"1679","hard;hard",0.201930842117194,7
"1680","hark;hark",0.224053161256341,7
"1681","hIr;hear",0.131279308985313,7
"1682","hab;hob",0.169290275622257,7
"1683","hak;hock",0.1490108257223,7
"1684","hat;hot",0.121861990575735,7
"1685","Wr;hour",0.129954873911741,7
"1686","Yr;ire",0.170231512969373,7
"1687","Jar;jar",2.06855911680583,7
"1688","JIr;jeer",0.239062906753042,7
"1689","Jab;job",0.346965903048253,7
"1690","Jag;jog",0.209865428240576,7
"1691","JaS;josh",0.362108143469892,7
"1692","Jas;joss",0.183462301487977,7
"1693","Jat;jot",0.300549585401064,7
"1694","nab;knob",0.192068495986631,7
"1695","nak;knock",0.159197682016132,7
"1696","nat;knot",0.144353327546226,7
"1697","lEr;lair",0.154630106531538,7
"1698","lard;lard",0.232491963383157,7
"1699","larJ;large",0.282309035548173,7
"1700","lark;lark",0.255043051503814,7
"1701","lIr;leer",0.145050153847703,7
"1702","lab;lob",0.183602878135581,7
"1703","lak;loch",0.16083248426719,7
"1704","lor;lore",0.129280092647546,7
"1705","lat;lot",0.132078667222304,7
"1706","ma;ma",0.116725917811259,7
"1707","mar;mar",2.14411827532002,7
"1708","marC;march",0.185129570576679,7
"1709","mEr;mare",0.224283392445744,7
"1710","marJ;marge",0.422562334391219,7
"1711","mark;mark",0.377842427319552,7
"1712","marl;marl",0.172734656270796,7
"1713","marz;mars",0.162213152669375,7
"1714","marS;marsh",0.162213152669375,7
"1715","mart;mart",0.210838079522557,7
"1716","mIr;mere",0.216421598304891,7
"1717","mYr;mire",0.129028805683162,7
"1718","mab;mob",0.267768558907998,7
"1719","mak;mock",0.246538653484051,7
"1720","mal;moll",0.116819541899722,7
"1721","mor;moor",0.214054287809736,7
"1722","map;mop",0.156469260911017,7
"1723","maro;morrow",0.432431692629573,7
"1724","nard;nard",0.189088798340852,7
"1725","nIr;near",0.127112408104471,7
"1726","nor;nor",0.124884297221258,7
"1727","naC;notch",0.149130571277133,7
"1728","or;oar",0.256710823929446,7
"1729","ad;odd",0.11635445314154,7
"1730","pa;pa",0.145134432184872,7
"1731","pEr;pair",0.221400755078094,7
"1732","pam;palm",0.29368606309104,7
"1733","par;par",2.15370346913048,7
"1734","parx;para",0.118174514567863,7
"1735","parC;parch",0.14138216948313,7
"1736","pard;pard",0.316091878570854,7
"1737","park;park",0.333047618005281,7
"1738","pars;parse",0.143403927297115,7
"1739","part;part",0.173803353647083,7
"1740","pIr;peer",0.213512432064971,7
"1741","pak;pock",0.273434279799719,7
"1742","pad;pod",0.175058073698869,7
"1743","por;poor",0.211153114102977,7
"1744","pap;pop",0.1832869184141,7
"1745","paS;posh",0.322419094123411,7
"1746","pat;pot",0.253151747532566,7
"1747","sam;psalm",0.18017395822755,7
"1748","pYr;pyre",0.126365024851111,7
"1749","rEr;rare",0.139588498926328,7
"1750","rIr;rear",0.131279308985313,7
"1751","ror;roar",0.129078755179556,7
"1752","rab;rob",0.169339554739039,7
"1753","rak;rock",0.136687662392773,7
"1754","rat;rot",0.121913220304182,7
"1755","skar;scar",0.124921038946334,7
"1756","sIr;sear",0.127112408104471,7
"1757","Sard;shard",0.201939664605679,7
"1758","SEr;share",0.139588498926328,7
"1759","Sark;shark",0.224245818092853,7
"1760","SIr;shear",0.131279308985313,7
"1761","Sak;shock",0.142190595052335,7
"1762","Sor;shore",0.129078755179556,7
"1763","Sat;shot",0.115263341469325,7
"1764","sor;soar",0.124884297221258,7
"1765","sab;sob",0.186376499701629,7
"1766","sak;sock",0.153479160459014,7
"1767","saro;sorrow",0.237211194567803,7
"1768","sat;sot",0.138573378435834,7
"1769","spar;spar",0.118020751645184,7
"1770","star;star",0.137851340624818,7
"1771","tar;tar",2.10451884946521,7
"1772","tEr;tare",0.26132681185389,7
"1773","tarn;tarn",0.351495691254884,7
"1774","tart;tart",0.183880127526503,7
"1775","DEr;their",0.132496327861114,7
"1776","tIr;tier",0.253538498403641,7
"1777","tYr;tire",0.165046615198736,7
"1778","tag;tog",0.136090222998914,7
"1779","tap;top",0.160606779384935,7
"1780","tor;tor",0.251134539759879,7
"1781","tat;tot",0.238941865444305,7
"1782","tUr;tour",0.124704182773267,7
"1783","vIr;veer",0.123466364950992,7
"1784","wor;war",0.125884256114308,7
"1785","wEr;ware",0.136259910528854,7
"1786","wat;watt",0.110040215984098,7
"1787","hor;whore",0.129078755179556,7
"1788","yat;yacht",0.110040215984098,7
"1789","yard;yard",0.222858096958775,7
"1790","yarn;yarn",0.258832937585044,7
"1791","yIr;year",0.127112408104471,7
"1792","yor;yore",0.124884297221258,7
"1793","xfar;afar",0.163983675843974,8
"1794","Er;air",0.299574520387436,8
"1795","xJar;ajar",0.173153210160089,8
"1796","ark;arc",0.386368203557896,8
"1797","arC;arch",0.179038980695791,8
"1798","ar;are",1.93286870357723,8
"1799","arm;arm",0.202231761158954,8
"1800","art;art",0.218775519195809,8
"1801","beb;babe",0.116892652775226,8
"1802","b@k;back",0.192783792495601,8
"1803","bat;baht",1.71243994757602,8
"1804","bErn;bairn",0.327477762661293,8
"1805","bet;bait",0.144507899385476,8
"1806","bek;bake",0.156988650149821,8
"1807","bck;balk",0.138103333860241,8
"1808","bam;balm",1.65809368982726,8
"1809","bar;bar",8.60987279046038,8
"1810","barb;barb",2.06094305910936,8
"1811","barbd;barbed",0.382802902599747,8
"1812","barbX;barber",0.348034458068132,8
"1813","bard;bard",2.2105171901398,8
"1814","bEr;bare",1.2696156173739,8
"1815","barJ;barge",1.86558758951921,8
"1816","bark;bark",2.08542939108025,8
"1817","barkX;barker",0.205640212482164,8
"1818","barn;barn",2.01160203326698,8
"1819","b@ro;barrow",0.2216507997874,8
"1820","b@S;bash",0.254763057825341,8
"1821","b@t;bat",0.180218805758212,8
"1822","b@C;batch",0.252682890485441,8
"1823","biC;beach",0.242972567898446,8
"1824","bik;beak",0.18260761327856,8
"1825","bim;beam",0.228219167063122,8
"1826","bIrd;beard",0.200239540486374,8
"1827","bit;beat",0.169859934558196,8
"1828","bo;beau",0.102966624816899,8
"1829","boz;beaux",0.102966624816899,8
"1830","bEk;beck",0.224940866215624,8
"1831","bEd;bed",0.111603274865751,8
"1832","bIn;been",0.125238951810174,8
"1833","bIr;beer",1.23886284918288,8
"1834","bEg;beg",0.10299572414451,8
"1835","bEl;bell",0.110345960664777,8
"1836","bEri;berry",0.123279606398108,8
"1837","bErL;beryl",0.123279606398108,8
"1838","bEt;bet",0.212139982685369,8
"1839","bIb;bib",0.216805527695348,8
"1840","bId;bid",0.167023034652929,8
"1841","bIg;big",0.127390040362526,8
"1842","bYt;bight",0.12602762442816,8
"1843","bYk;bike",0.138103333860241,8
"1844","bIl;bill",0.133994756968761,8
"1845","bRC;birch",0.194347386852696,8
"1846","bIt;bit",0.234236947070302,8
"1847","bIC;bitch",0.315885972331843,8
"1848","blEr;blare",0.0788255406589994,8
"1849","blIr;blear",0.0728319193920531,8
"1850","blab;blob",0.155187307045108,8
"1851","blak;bloc",0.135777302524842,8
"1852","blat;blot",0.121193785616775,8
"1853","blaC;blotch",0.181740320455352,8
"1854","box;boa",0.102966624816899,8
"1855","bor;boar",1.24230303776573,8
"1856","bord;board",0.241997039446319,8
"1857","bot;boat",0.22055989903777,8
"1858","bab;bob",1.89333077902451,8
"1859","babL;bobble",0.141612773616789,8
"1860","babi;bobby",0.172239752293622,8
"1861","baCi;boccie",0.167877143314193,8
"1862","bak;bock",1.84846759079643,8
"1863","bod;bode",0.152236280631836,8
"1864","bol;bole",0.121685550493232,8
"1865","bamX;bomber",0.135566266109613,8
"1866","band;bond",0.110538741692542,8
"1867","bon;bone",0.151724199019504,8
"1868","bUk;book",0.178710688212334,8
"1869","bum;boom",0.191297572155451,8
"1870","but;boot",0.147573853914217,8
"1871","born;born",0.31248145232736,8
"1872","baro;borrow",2.02119862471239,8
"1873","baS;bosh",1.5284292142331,8
"1874","baC;botch",1.62520489913023,8
"1875","boT;both",0.102966624816899,8
"1876","batL;bottle",0.104813157602317,8
"1877","batM;bottom",0.0733871339288312,8
"1878","bct;bought",0.12602762442816,8
"1879","bWt;bout",0.117315850993171,8
"1880","baks;box",0.0675593285036934,8
"1881","b^k;buck",0.164141065570485,8
"1882","b^m;bum",0.204757794661432,8
"1883","bUS;bush",0.212607547737293,8
"1884","b^t;but",0.151798854330719,8
"1885","kam;calm",0.3261663197974,8
"1886","kar;car",1.9897527205204,8
"1887","kard;card",0.358913515272933,8
"1888","kEr;care",0.241111640988768,8
"1889","karp;carp",0.135490877305665,8
"1890","kart;cart",0.200186121009964,8
"1891","karv;carve",0.123947958091105,8
"1892","CEr;chair",0.26964393424027,8
"1893","Car;char",1.94461192696767,8
"1894","Card;chard",0.395185964001837,8
"1895","CarJ;charge",0.432802028914233,8
"1896","Carm;charm",0.220365129462202,8
"1897","Cart;chart",0.237784096778617,8
"1898","CIr;cheer",0.262156671077618,8
"1899","Cak;chock",0.281948573427441,8
"1900","Can;chon",0.140348036589118,8
"1901","Cap;chop",0.193746370624371,8
"1902","Cor;chore",0.258865099339322,8
"1903","kab;cob",0.342756128879865,8
"1904","kak;cock",0.304846220275206,8
"1905","kad;cod",0.210522820108918,8
"1906","kag;cog",0.195605584296684,8
"1907","kan;con",0.179546768017329,8
"1908","kap;cop",0.236927118600692,8
"1909","kor;core",0.230362571371198,8
"1910","kat;cot",0.299857954116117,8
"1911","zar;czar",1.68071005700292,8
"1912","dEr;dare",0.158257548858753,8
"1913","dark;dark",0.286927494154413,8
"1914","darn;darn",0.290061506263138,8
"1915","dIr;dear",0.14992267454041,8
"1916","dak;dock",0.169767492638607,8
"1917","dat;dot",0.137116965912527,8
"1918","Ir;ear",0.291704261459482,8
"1919","fEr;fair",0.289126371997769,8
"1920","far;far",1.95256273208525,8
"1921","fars;farce",0.149373669446475,8
"1922","farm;farm",0.180510455429938,8
"1923","fIr;fear",0.281487556825641,8
"1924","fYr;fire",0.180365719931464,8
"1925","fab;fob",0.304929501472898,8
"1926","fap;fop",0.179606778297056,8
"1927","for;for",0.278220097237223,8
"1928","garb;garb",0.22842623762111,8
"1929","gIr;gear",0.14882671772136,8
"1930","gab;gob",0.240441661535969,8
"1931","gor;gore",0.145839746911699,8
"1932","gat;got",0.140779977187223,8
"1933","gard;guard",0.270920111669507,8
"1934","hEr;hair",0.162892746332119,8
"1935","hard;hard",0.238046413454392,8
"1936","hark;hark",0.25726408430142,8
"1937","hIr;hear",0.154354013680515,8
"1938","hab;hob",0.198015165589819,8
"1939","hak;hock",0.177392522915699,8
"1940","hat;hot",0.145866581485768,8
"1941","Wr;hour",0.140789636871221,8
"1942","Yr;ire",0.192245829766027,8
"1943","Jar;jar",1.92983944755591,8
"1944","JIr;jeer",0.261907868032128,8
"1945","Jab;job",0.393254936543876,8
"1946","Jag;jog",0.237085058156922,8
"1947","JaS;josh",0.38535475646194,8
"1948","Jas;joss",0.203407085385455,8
"1949","Jat;jot",0.342307637067784,8
"1950","nab;knob",0.225425408790848,8
"1951","nak;knock",0.18848397903701,8
"1952","nat;knot",0.172951193666163,8
"1953","lEr;lair",0.180969572201149,8
"1954","lard;lard",0.276277828663092,8
"1955","larJ;large",0.307259453767885,8
"1956","lark;lark",0.296019021980628,8
"1957","lIr;leer",0.170973339006003,8
"1958","lab;lob",0.216416159759714,8
"1959","lak;loch",0.193069747341717,8
"1960","lor;lore",0.151751954796999,8
"1961","lat;lot",0.159368941031513,8
"1962","ma;ma",0.13213161814929,8
"1963","mar;mar",2.02250620202289,8
"1964","marC;march",0.221925260060954,8
"1965","mEr;mare",0.252715213731584,8
"1966","marJ;marge",0.469999408464611,8
"1967","mark;mark",0.437980525396324,8
"1968","marl;marl",0.205662354041275,8
"1969","marz;mars",0.192131153075886,8
"1970","marS;marsh",0.192131153075886,8
"1971","mart;mart",0.256794332834277,8
"1972","mIr;mere",0.244693390663608,8
"1973","mYr;mire",0.147076038646388,8
"1974","mab;mob",0.305810707343197,8
"1975","mak;mock",0.284069895185817,8
"1976","mal;moll",0.132507754475551,8
"1977","mor;moor",0.241541426536827,8
"1978","map;mop",0.183762923999956,8
"1979","maro;morrow",0.481365945716825,8
"1980","nard;nard",0.221343509421228,8
"1981","nIr;near",0.14882671772136,8
"1982","nor;nor",0.145839746911699,8
"1983","naC;notch",0.155716145840217,8
"1984","or;oar",0.288487538609849,8
"1985","ad;odd",0.124319398223544,8
"1986","pa;pa",0.168521689817158,8
"1987","pEr;pair",0.249750654918041,8
"1988","pam;palm",0.322047026759418,8
"1989","par;par",2.03296094538841,8
"1990","parx;para",0.135508453933386,8
"1991","parC;parch",0.165836270850686,8
"1992","pard;pard",0.368641941755759,8
"1993","park;park",0.380516561834536,8
"1994","pars;parse",0.166683401277608,8
"1995","part;part",0.209392994641133,8
"1996","pIr;peer",0.241697292762648,8
"1997","pak;pock",0.318732222515259,8
"1998","pad;pod",0.20627222909391,8
"1999","por;poor",0.238554839584856,8
"2000","pap;pop",0.218475696225149,8
"2001","paS;posh",0.347658276684325,8
"2002","pat;pot",0.296603755541892,8
"2003","sam;psalm",0.194702434485228,8
"2004","pYr;pyre",0.144368375057913,8
"2005","rEr;rare",0.162892746332119,8
"2006","rIr;rear",0.154354013680515,8
"2007","ror;roar",0.15139997084968,8
"2008","rab;rob",0.198010631099037,8
"2009","rak;rock",0.161338820863832,8
"2010","rat;rot",0.145863955264174,8
"2011","skar;scar",0.139521613471743,8
"2012","sIr;sear",0.14882671772136,8
"2013","Sard;shard",0.238058746416227,8
"2014","SEr;share",0.162892746332119,8
"2015","Sark;shark",0.257481019168746,8
"2016","SIr;shear",0.154354013680515,8
"2017","Sak;shock",0.168324648655145,8
"2018","Sor;shore",0.15139997084968,8
"2019","Sat;shot",0.137083148016297,8
"2020","sor;soar",0.145839746911699,8
"2021","sab;sob",0.219171731367762,8
"2022","sak;sock",0.182194105897901,8
"2023","saro;sorrow",0.250410880013765,8
"2024","sat;sot",0.166577239948354,8
"2025","spar;spar",0.132821802654638,8
"2026","star;star",0.152357900238503,8
"2027","tar;tar",1.97117285137488,8
"2028","tEr;tare",0.29397306012737,8
"2029","tarn;tarn",0.381726498402085,8
"2030","tart;tart",0.21273419914937,8
"2031","DEr;their",0.153482160134911,8
"2032","tIr;tier",0.286047774015966,8
"2033","tYr;tire",0.187066323419661,8
"2034","tag;tog",0.150847155345423,8
"2035","tap;top",0.182922918540371,8
"2036","tor;tor",0.282847724337702,8
"2037","tat;tot",0.271351150910905,8
"2038","tUr;tour",0.135533456784302,8
"2039","vIr;veer",0.144010368904783,8
"2040","wor;war",0.147128729878931,8
"2041","wEr;ware",0.158452163689953,8
"2042","wat;watt",0.130092900953509,8
"2043","hor;whore",0.15139997084968,8
"2044","yat;yacht",0.130092900953509,8
"2045","yard;yard",0.264011705808585,8
"2046","yarn;yarn",0.286762297374153,8
"2047","yIr;year",0.14882671772136,8
"2048","yor;yore",0.145839746911699,8
"2049","xfar;afar",0.173304266816216,9
"2050","Er;air",0.32691870813853,9
"2051","xJar;ajar",0.181989288130332,9
"2052","ark;arc",0.421010415998008,9
"2053","arC;arch",0.196664303982913,9
"2054","ar;are",1.7934613797339,9
"2055","arm;arm",0.223419533955595,9
"2056","art;art",0.246332795291581,9
"2057","beb;babe",0.122914312035155,9
"2058","b@k;back",0.219699500442304,9
"2059","bat;baht",1.58726292793584,9
"2060","bErn;bairn",0.342150526886421,9
"2061","bet;bait",0.165300989345843,9
"2062","bek;bake",0.177315845970794,9
"2063","bck;balk",0.15525128358501,9
"2064","bam;balm",1.51938512014952,9
"2065","bar;bar",6.85878183638171,9
"2066","barb;barb",1.93306096300566,9
"2067","barbd;barbed",0.399496672402124,9
"2068","barbX;barber",0.374578734553273,9
"2069","bard;bard",2.11289022992621,9
"2070","bEr;bare",1.15186284940486,9
"2071","barJ;barge",1.72401205755977,9
"2072","bark;bark",1.96173400069401,9
"2073","barkX;barker",0.220460182365933,9
"2074","barn;barn",1.88830708431536,9
"2075","b@ro;barrow",0.222528847341593,9
"2076","b@S;bash",0.265396609760848,9
"2077","b@t;bat",0.207667771470232,9
"2078","b@C;batch",0.272392342637522,9
"2079","biC;beach",0.261636940420667,9
"2080","bik;beak",0.208340749540747,9
"2081","bim;beam",0.243683076498199,9
"2082","bIrd;beard",0.20741691732679,9
"2083","bit;beat",0.19607002348252,9
"2084","bo;beau",0.112348509168956,9
"2085","boz;beaux",0.112348509168956,9
"2086","bEk;beck",0.245588298965009,9
"2087","bEd;bed",0.120981759527009,9
"2088","bIn;been",0.139034996281306,9
"2089","bIr;beer",1.11530959071356,9
"2090","bEg;beg",0.110204222220481,9
"2091","bEl;bell",0.119109993292135,9
"2092","bEri;berry",0.132921761847863,9
"2093","bErL;beryl",0.132921761847863,9
"2094","bEt;bet",0.233026262533512,9
"2095","bIb;bib",0.230634579144885,9
"2096","bId;bid",0.187370759547353,9
"2097","bIg;big",0.141058152683879,9
"2098","bYt;bight",0.143675739942516,9
"2099","bYk;bike",0.15525128358501,9
"2100","bIl;bill",0.14922198183037,9
"2101","bRC;birch",0.203405347998922,9
"2102","bIt;bit",0.261674078441514,9
"2103","bIC;bitch",0.337340732639384,9
"2104","blEr;blare",0.0803040620561064,9
"2105","blIr;blear",0.074245320303181,9
"2106","blab;blob",0.1684922703123,9
"2107","blak;bloc",0.148923906209478,9
"2108","blat;blot",0.133846207860436,9
"2109","blaC;blotch",0.189452456471417,9
"2110","box;boa",0.112348509168956,9
"2111","bor;boar",1.11970474401454,9
"2112","bord;board",0.255070992588944,9
"2113","bot;boat",0.245563649102401,9
"2114","bab;bob",1.76649260950712,9
"2115","babL;bobble",0.152652379508044,9
"2116","babi;bobby",0.185728822451041,9
"2117","baCi;boccie",0.172242703990764,9
"2118","bak;bock",1.72248148214687,9
"2119","bod;bode",0.170860129007972,9
"2120","bol;bole",0.134858043557103,9
"2121","bamX;bomber",0.133160086811204,9
"2122","band;bond",0.112280022186987,9
"2123","bon;bone",0.169233681403351,9
"2124","bUk;book",0.200432917316098,9
"2125","bum;boom",0.199557773423988,9
"2126","but;boot",0.167963318295255,9
"2127","born;born",0.325170515096255,9
"2128","baro;borrow",1.89644820670484,9
"2129","baS;bosh",1.3786755612657,9
"2130","baC;botch",1.4850406466086,9
"2131","boT;both",0.112348509168956,9
"2132","batL;bottle",0.113648322015943,9
"2133","batM;bottom",0.0769620737537313,9
"2134","bct;bought",0.143675739942516,9
"2135","bWt;bout",0.132925221477815,9
"2136","baks;box",0.0670965398539757,9
"2137","b^k;buck",0.185794735830612,9
"2138","b^m;bum",0.215779715513962,9
"2139","bUS;bush",0.21592096625303,9
"2140","b^t;but",0.173969496185248,9
"2141","kam;calm",0.347957321090792,9
"2142","kar;car",1.86135593885403,9
"2143","kard;card",0.401462725956822,9
"2144","kEr;care",0.261441670489983,9
"2145","karp;carp",0.147785217190609,9
"2146","kart;cart",0.228386972078571,9
"2147","karv;carve",0.133461519837623,9
"2148","CEr;chair",0.291189504056404,9
"2149","Car;char",1.80771036585052,9
"2150","Card;chard",0.439577644545212,9
"2151","CarJ;charge",0.455169874107014,9
"2152","Carm;charm",0.244204332719269,9
"2153","Cart;chart",0.268276338875751,9
"2154","CIr;cheer",0.283926872220683,9
"2155","Cak;chock",0.307655070363879,9
"2156","Can;chon",0.148240160769772,9
"2157","Cap;chop",0.213503548783755,9
"2158","Cor;chore",0.27981836303287,9
"2159","kab;cob",0.383681334256305,9
"2160","kak;cock",0.342478574323677,9
"2161","kad;cod",0.23881166246908,9
"2162","kag;cog",0.221143468262706,9
"2163","kan;con",0.201100057345547,9
"2164","kap;cop",0.272574847055894,9
"2165","kor;core",0.250112141932518,9
"2166","kat;cot",0.340101838325757,9
"2167","zar;czar",1.51443559675215,9
"2168","dEr;dare",0.178586924336652,9
"2169","dark;dark",0.321172274661799,9
"2170","darn;darn",0.311879940031084,9
"2171","dIr;dear",0.170411699556054,9
"2172","dak;dock",0.195062956221929,9
"2173","dat;dot",0.158299207158526,9
"2174","Ir;ear",0.319240511906693,9
"2175","fEr;fair",0.313543746371373,9
"2176","far;far",1.81638433868043,9
"2177","fars;farce",0.157786139311667,9
"2178","farm;farm",0.194967242478083,9
"2179","fIr;fear",0.306117927633125,9
"2180","fYr;fire",0.195384945243862,9
"2181","fab;fob",0.330368698131134,9
"2182","fap;fop",0.196067582699788,9
"2183","for;for",0.302032182871928,9
"2184","garb;garb",0.235865302996542,9
"2185","gIr;gear",0.169071287345088,9
"2186","gab;gob",0.272257483922553,9
"2187","gor;gore",0.165299591428141,9
"2188","gat;got",0.162883384995135,9
"2189","gard;guard",0.308228794155663,9
"2190","hEr;hair",0.184404264793671,9
"2191","hard;hard",0.271936262066139,9
"2192","hark;hark",0.286667004506643,9
"2193","hIr;hear",0.175987600423454,9
"2194","hab;hob",0.224497642604098,9
"2195","hak;hock",0.204471178332202,9
"2196","hat;hot",0.169265215094543,9
"2197","Wr;hour",0.148309079606781,9
"2198","Yr;ire",0.210296022645214,9
"2199","Jar;jar",1.79115383505869,9
"2200","JIr;jeer",0.279954253773226,9
"2201","Jab;job",0.432184260177035,9
"2202","Jag;jog",0.259052612330904,9
"2203","JaS;josh",0.399009474302951,9
"2204","Jas;joss",0.218515397624849,9
"2205","Jat;jot",0.37828245304026,9
"2206","nab;knob",0.25566653364944,9
"2207","nak;knock",0.215669592182553,9
"2208","nat;knot",0.200075492811715,9
"2209","lEr;lair",0.204934553122868,9
"2210","lard;lard",0.317045463652009,9
"2211","larJ;large",0.325050115220979,9
"2212","lark;lark",0.332379510993096,9
"2213","lIr;leer",0.194922096733769,9
"2214","lab;lob",0.246783258286908,9
"2215","lak;loch",0.223958082771771,9
"2216","lor;lore",0.17276031576943,9
"2217","lat;lot",0.186015065769676,9
"2218","ma;ma",0.145415793836966,9
"2219","mar;mar",1.90242034645815,9
"2220","marC;march",0.256517651513257,9
"2221","mEr;mare",0.277132511990865,9
"2222","marJ;marge",0.508008816912642,9
"2223","mark;mark",0.492046968526668,9
"2224","marl;marl",0.236390541832022,9
"2225","marz;mars",0.219943806993502,9
"2226","marS;marsh",0.219943806993502,9
"2227","mart;mart",0.300923522829558,9
"2228","mIr;mere",0.269276144340328,9
"2229","mYr;mire",0.162441765570972,9
"2230","mab;mob",0.339346884598212,9
"2231","mak;mock",0.318082577472449,9
"2232","mal;moll",0.146196130882268,9
"2233","mor;moor",0.265320344632945,9
"2234","map;mop",0.20869327154095,9
"2235","maro;morrow",0.520107021203478,9
"2236","nard;nard",0.251432035189135,9
"2237","nIr;near",0.169071287345088,9
"2238","nor;nor",0.165299591428141,9
"2239","naC;notch",0.158799177644032,9
"2240","or;oar",0.31520745382011,9
"2241","ad;odd",0.129472256616981,9
"2242","pa;pa",0.18913750873847,9
"2243","pEr;pair",0.274169437472931,9
"2244","pam;palm",0.343551083600068,9
"2245","par;par",1.91307157671863,9
"2246","parx;para",0.151107594798474,9
"2247","parC;parch",0.188503336016971,9
"2248","pard;pard",0.417310248602764,9
"2249","park;park",0.42232840863615,9
"2250","pars;parse",0.187499273240278,9
"2251","part;part",0.24353976082064,9
"2252","pIr;peer",0.266277776631254,9
"2253","pak;pock",0.359923395953504,9
"2254","pad;pod",0.234173209507849,9
"2255","por;poor",0.262332629399552,9
"2256","pap;pop",0.250768832382679,9
"2257","paS;posh",0.365025573058717,9
"2258","pat;pot",0.336795527708955,9
"2259","sam;psalm",0.205013827511839,9
"2260","pYr;pyre",0.159762773852603,9
"2261","rEr;rare",0.184404264793671,9
"2262","rIr;rear",0.175987600423454,9
"2263","ror;roar",0.172253020265224,9
"2264","rab;rob",0.224416467791367,9
"2265","rak;rock",0.184736019605054,9
"2266","rat;rot",0.169185247829015,9
"2267","skar;scar",0.15105500872604,9
"2268","sIr;sear",0.169071287345088,9
"2269","Sard;shard",0.271951756312813,9
"2270","SEr;share",0.184404264793671,9
"2271","Sark;shark",0.286895144361154,9
"2272","SIr;shear",0.175987600423454,9
"2273","Sak;shock",0.19310403630901,9
"2274","Sor;shore",0.172253020265224,9
"2275","Sat;shot",0.158242914589472,9
"2276","sor;soar",0.165299591428141,9
"2277","sab;sob",0.249242421340331,9
"2278","sak;sock",0.209201077598223,9
"2279","saro;sorrow",0.257101881871553,9
"2280","sat;sot",0.193503518903012,9
"2281","spar;spar",0.144751668178032,9
"2282","star;star",0.163452464550213,9
"2283","tar;tar",1.83771606361048,9
"2284","tEr;tare",0.321489019594548,9
"2285","tarn;tarn",0.402877333027535,9
"2286","tart;tart",0.238292726688704,9
"2287","DEr;their",0.172621688533336,9
"2288","tIr;tier",0.313749683954926,9
"2289","tYr;tire",0.205330114045175,9
"2290","tag;tog",0.162571685875157,9
"2291","tap;top",0.202201696315387,9
"2292","tor;tor",0.309735166799565,9
"2293","tat;tot",0.300020809429924,9
"2294","tUr;tour",0.143259569770478,9
"2295","vIr;veer",0.16306528642502,9
"2296","wor;war",0.166867730725401,9
"2297","wEr;ware",0.178816940530333,9
"2298","wat;watt",0.149419284616449,9
"2299","hor;whore",0.172253020265224,9
"2300","yat;yacht",0.149419284616449,9
"2301","yard;yard",0.302264710769796,9
"2302","yarn;yarn",0.308174035844579,9
"2303","yIr;year",0.169071287345088,9
"2304","yor;yore",0.165299591428141,9
"2305","xfar;afar",0.178884452302241,10
"2306","Er;air",0.349583540135678,10
"2307","xJar;ajar",0.186972276121015,10
"2308","ark;arc",0.449546708789516,10
"2309","arC;arch",0.211611400821686,10
"2310","ar;are",1.66165011519599,10
"2311","arm;arm",0.241070655479715,10
"2312","art;art",0.271000076165745,10
"2313","beb;babe",0.126950486908423,10
"2314","b@k;back",0.243566529844596,10
"2315","bat;baht",1.47766062149903,10
"2316","bErn;bairn",0.350389961398975,10
"2317","bet;bait",0.184536108417488,10
"2318","bek;bake",0.195555734709622,10
"2319","bck;balk",0.170813655512783,10
"2320","bam;balm",1.39157651292578,10
"2321","bar;bar",5.57280924453598,10
"2322","barb;barb",1.80873745126155,10
"2323","barbd;barbed",0.408458797710029,10
"2324","barbX;barber",0.393215637672563,10
"2325","bard;bard",2.01689058533673,10
"2326","bEr;bare",1.05566904484034,10
"2327","barJ;barge",1.59071044432283,10
"2328","bark;bark",1.84356104953174,10
"2329","barkX;barker",0.23101468112536,10
"2330","barn;barn",1.76953562506273,10
"2331","b@ro;barrow",0.218985133362609,10
"2332","b@S;bash",0.270845776069355,10
"2333","b@t;bat",0.232608980348887,10
"2334","b@C;batch",0.286979048063176,10
"2335","biC;beach",0.275613262273268,10
"2336","bik;beak",0.231476076587803,10
"2337","bim;beam",0.254651035705819,10
"2338","bIrd;beard",0.211016334574731,10
"2339","bit;beat",0.220228707243123,10
"2340","bo;beau",0.120526210448397,10
"2341","boz;beaux",0.120526210448397,10
"2342","bEk;beck",0.263425118550938,10
"2343","bEd;bed",0.128910491156554,10
"2344","bIn;been",0.151073318578045,10
"2345","bIr;beer",1.01448380108407,10
"2346","bEg;beg",0.116049672721126,10
"2347","bEl;bell",0.126419336226154,10
"2348","bEri;berry",0.140157166276916,10
"2349","bErL;beryl",0.140157166276916,10
"2350","bEt;bet",0.25160915178993,10
"2351","bIb;bib",0.240949118182994,10
"2352","bId;bid",0.20482505504719,10
"2353","bIg;big",0.152846860363673,10
"2354","bYt;bight",0.160258172556676,10
"2355","bYk;bike",0.170813655512783,10
"2356","bIl;bill",0.162517399624774,10
"2357","bRC;birch",0.208741083440314,10
"2358","bIt;bit",0.286437014036567,10
"2359","bIC;bitch",0.353236473289624,10
"2360","blEr;blare",0.0805445927689662,10
"2361","blIr;blear",0.0744636472900187,10
"2362","blab;blob",0.178903264150509,10
"2363","blak;bloc",0.159530297665079,10
"2364","blat;blot",0.144234130265514,10
"2365","blaC;blotch",0.193962631360815,10
"2366","box;boa",0.120526210448397,10
"2367","bor;boar",1.01974783561043,10
"2368","bord;board",0.263220593425097,10
"2369","bot;boat",0.268337241254353,10
"2370","bab;bob",1.64973962913026,10
"2371","babL;bobble",0.160882915686517,10
"2372","babi;bobby",0.195200354849336,10
"2373","baCi;boccie",0.17341294380653,10
"2374","bak;bock",1.60830588538841,10
"2375","bod;bode",0.187147906622242,10
"2376","bol;bole",0.14652899236647,10
"2377","bamX;bomber",0.128274794309755,10
"2378","band;bond",0.111957440213936,10
"2379","bon;bone",0.184205932930533,10
"2380","bUk;book",0.218934947793581,10
"2381","bum;boom",0.204083194651833,10
"2382","but;boot",0.186444078165407,10
"2383","born;born",0.331612098819981,10
"2384","baro;borrow",1.77372995105758,10
"2385","baS;bosh",1.24347334195535,10
"2386","baC;botch",1.35753303174137,10
"2387","boT;both",0.120526210448397,10
"2388","batL;bottle",0.12036863555387,10
"2389","batM;bottom",0.0792435449580519,10
"2390","bct;bought",0.160258172556676,10
"2391","bWt;bout",0.14752442703075,10
"2392","baks;box",0.0654227366350709,10
"2393","b^k;buck",0.205164842909425,10
"2394","b^m;bum",0.222848043989511,10
"2395","bUS;bush",0.215109837044613,10
"2396","b^t;but",0.194386596963543,10
"2397","kam;calm",0.364386961912949,10
"2398","kar;car",1.74058287812582,10
"2399","kard;card",0.439521538262991,10
"2400","kEr;care",0.278362474942898,10
"2401","karp;carp",0.158021486698124,10
"2402","kart;cart",0.254175938408987,10
"2403","karv;carve",0.14101150801488,10
"2404","CEr;chair",0.308733749532699,10
"2405","Car;char",1.67816514955701,10
"2406","Card;chard",0.478355160561376,10
"2407","CarJ;charge",0.469283429294225,10
"2408","Carm;charm",0.263873272474964,10
"2409","Cart;chart",0.295229391506097,10
"2410","CIr;cheer",0.301956909540805,10
"2411","Cak;chock",0.329370574902537,10
"2412","Can;chon",0.153613234764009,10
"2413","Cap;chop",0.230062268656099,10
"2414","Cor;chore",0.297042828786366,10
"2415","kab;cob",0.420023279093918,10
"2416","kak;cock",0.376543957908822,10
"2417","kad;cod",0.263916937878845,10
"2418","kag;cog",0.24370930454725,10
"2419","kan;con",0.21987134179931,10
"2420","kap;cop",0.305037103283772,10
"2421","kor;core",0.266726766913614,10
"2422","kat;cot",0.377310835697581,10
"2423","zar;czar",1.36059754894905,10
"2424","dEr;dare",0.19709915552857,10
"2425","dark;dark",0.350795721625888,10
"2426","darn;darn",0.327806677298173,10
"2427","dIr;dear",0.189387117016392,10
"2428","dak;dock",0.218851787062438,10
"2429","dat;dot",0.178718450435703,10
"2430","Ir;ear",0.342373523881789,10
"2431","fEr;fair",0.333578349093783,10
"2432","far;far",1.68668495408788,10
"2433","fars;farce",0.163381596154233,10
"2434","farm;farm",0.205909949310908,10
"2435","fIr;fear",0.326633039531561,10
"2436","fYr;fire",0.207108733867945,10
"2437","fab;fob",0.351223938029777,10
"2438","fap;fop",0.209739452881253,10
"2439","for;for",0.321738718085711,10
"2440","garb;garb",0.239150841910483,10
"2441","gIr;gear",0.187816481798936,10
"2442","gab;gob",0.300167097725782,10
"2443","gor;gore",0.18325833987771,10
"2444","gat;got",0.184140675626771,10
"2445","gard;guard",0.341691894418882,10
"2446","hEr;hair",0.204094892634455,10
"2447","hard;hard",0.303344934436135,10
"2448","hark;hark",0.312439372962856,10
"2449","hIr;hear",0.196108416179775,10
"2450","hab;hob",0.248640254869266,10
"2451","hak;hock",0.23002747415866,10
"2452","hat;hot",0.19187943083025,10
"2453","Wr;hour",0.15316215207806,10
"2454","Yr;ire",0.22469563236973,10
"2455","Jar;jar",1.65909181611804,10
"2456","JIr;jeer",0.294253591652077,10
"2457","Jab;job",0.464304994956941,10
"2458","Jag;jog",0.276137464179439,10
"2459","JaS;josh",0.405248297072036,10
"2460","Jas;joss",0.2293641396415,10
"2461","Jat;jot",0.408939777346838,10
"2462","nab;knob",0.28267784827789,10
"2463","nak;knock",0.240625346422283,10
"2464","nat;knot",0.225527064224149,10
"2465","lEr;lair",0.226491123311895,10
"2466","lard;lard",0.354351594371155,10
"2467","larJ;large",0.336982295267712,10
"2468","lark;lark",0.364111558910439,10
"2469","lIr;leer",0.216809382836062,10
"2470","lab;lob",0.274473697293051,10
"2471","lak;loch",0.253113376974106,10
"2472","lor;lore",0.192241028709747,10
"2473","lat;lot",0.211706396358309,10
"2474","ma;ma",0.156805480598865,10
"2475","mar;mar",1.79019492497167,10
"2476","marC;march",0.288419186809056,10
"2477","mEr;mare",0.298062912618808,10
"2478","marJ;marge",0.537879011735898,10
"2479","mark;mark",0.540033032112839,10
"2480","marl;marl",0.264553771094186,10
"2481","marz;mars",0.245363042128587,10
"2482","marS;marsh",0.245363042128587,10
"2483","mart;mart",0.342382065226985,10
"2484","mIr;mere",0.290655133385094,10
"2485","mYr;mire",0.175277966351085,10
"2486","mab;mob",0.368710599940466,10
"2487","mak;mock",0.348787242918023,10
"2488","mal;moll",0.158099727828353,10
"2489","mor;moor",0.285900506244289,10
"2490","map;mop",0.231119003441554,10
"2491","maro;morrow",0.549902196705949,10
"2492","nard;nard",0.27921342882769,10
"2493","nIr;near",0.187816481798936,10
"2494","nor;nor",0.18325833987771,10
"2495","naC;notch",0.159481825300934,10
"2496","or;oar",0.337531454254158,10
"2497","ad;odd",0.132486632516144,10
"2498","pa;pa",0.206967532641648,10
"2499","pEr;pair",0.295155380144033,10
"2500","pam;palm",0.359375539460771,10
"2501","par;par",1.80040197596213,10
"2502","parx;para",0.165099181103459,10
"2503","parC;parch",0.209291449340238,10
"2504","pard;pard",0.461964552503951,10
"2505","park;park",0.45888076609008,10
"2506","pars;parse",0.205871666544943,10
"2507","part;part",0.275746862532459,10
"2508","pIr;peer",0.287709794174754,10
"2509","pak;pock",0.396960856982393,10
"2510","pad;pod",0.258574031943888,10
"2511","por;poor",0.282966587575097,10
"2512","pap;pop",0.279755636087507,10
"2513","paS;posh",0.376204198329234,10
"2514","pat;pot",0.373626710985482,10
"2515","sam;psalm",0.212018086828525,10
"2516","pYr;pyre",0.172671447064285,10
"2517","rEr;rare",0.204094892634455,10
"2518","rIr;rear",0.196108416179775,10
"2519","ror;roar",0.191590384767449,10
"2520","rab;rob",0.248465576148431,10
"2521","rak;rock",0.206772153812235,10
"2522","rat;rot",0.191704537424278,10
"2523","skar;scar",0.159825868616727,10
"2524","sIr;sear",0.187816481798936,10
"2525","Sard;shard",0.303362920243223,10
"2526","SEr;share",0.204094892634455,10
"2527","Sark;shark",0.312666652768367,10
"2528","SIr;shear",0.196108416179775,10
"2529","Sak;shock",0.216382052106136,10
"2530","Sor;shore",0.191590384767449,10
"2531","Sat;shot",0.178634965644602,10
"2532","sor;soar",0.18325833987771,10
"2533","sab;sob",0.276415384422437,10
"2534","sak;sock",0.2343125255366,10
"2535","saro;sorrow",0.258789468169686,10
"2536","sat;sot",0.219096551778098,10
"2537","spar;spar",0.154033265904677,10
"2538","star;star",0.171563133829714,10
"2539","tar;tar",1.71081964324385,10
"2540","tEr;tare",0.344494868442144,10
"2541","tarn;tarn",0.416519183632624,10
"2542","tart;tart",0.260581766418559,10
"2543","DEr;their",0.189955997777524,10
"2544","tIr;tier",0.337220340607279,10
"2545","tYr;tire",0.220091203361535,10
"2546","tag;tog",0.171685390364489,10
"2547","tap;top",0.218641764367644,10
"2548","tor;tor",0.332397850836002,10
"2549","tat;tot",0.325426339478449,10
"2550","tUr;tour",0.148471112221322,10
"2551","vIr;veer",0.180635461628918,10
"2552","wor;war",0.185086848360891,10
"2553","wEr;ware",0.197360096207532,10
"2554","wat;watt",0.16796519415032,10
"2555","hor;whore",0.191590384767449,10
"2556","yat;yacht",0.16796519415032,10
"2557","yard;yard",0.33722248093904,10
"2558","yarn;yarn",0.323852686015974,10
"2559","yIr;year",0.187816481798936,10
"2560","yor;yore",0.18325833987771,10
