"","node","activation","time"
"1","xfar;afar",0,1
"2","Er;air",0,1
"3","xJar;ajar",0,1
"4","ark;arc",0,1
"5","arC;arch",0,1
"6","ar;are",2.08333333333333,1
"7","arm;arm",0,1
"8","art;art",0,1
"9","beb;babe",0,1
"10","b@k;back",0,1
"11","bat;baht",2.08333333333333,1
"12","bErn;bairn",0,1
"13","bet;bait",0,1
"14","bek;bake",0,1
"15","bck;balk",0,1
"16","bam;balm",2.08333333333333,1
"17","bar;bar",50,1
"18","barb;barb",2.08333333333333,1
"19","barbd;barbed",0,1
"20","barbX;barber",0,1
"21","bard;bard",2.08333333333333,1
"22","bEr;bare",2.08333333333333,1
"23","barJ;barge",2.08333333333333,1
"24","bark;bark",2.08333333333333,1
"25","barkX;barker",0,1
"26","barn;barn",2.08333333333333,1
"27","b@ro;barrow",0,1
"28","b@S;bash",0,1
"29","b@t;bat",0,1
"30","b@C;batch",0,1
"31","biC;beach",0,1
"32","bik;beak",0,1
"33","bim;beam",0,1
"34","bIrd;beard",0,1
"35","bit;beat",0,1
"36","bo;beau",0,1
"37","boz;beaux",0,1
"38","bEk;beck",0,1
"39","bEd;bed",0,1
"40","bIn;been",0,1
"41","bIr;beer",2.08333333333333,1
"42","bEg;beg",0,1
"43","bEl;bell",0,1
"44","bEri;berry",0,1
"45","bErL;beryl",0,1
"46","bEt;bet",0,1
"47","bIb;bib",0,1
"48","bId;bid",0,1
"49","bIg;big",0,1
"50","bYt;bight",0,1
"51","bYk;bike",0,1
"52","bIl;bill",0,1
"53","bRC;birch",0,1
"54","bIt;bit",0,1
"55","bIC;bitch",0,1
"56","blEr;blare",0,1
"57","blIr;blear",0,1
"58","blab;blob",0,1
"59","blak;bloc",0,1
"60","blat;blot",0,1
"61","blaC;blotch",0,1
"62","box;boa",0,1
"63","bor;boar",2.08333333333333,1
"64","bord;board",0,1
"65","bot;boat",0,1
"66","bab;bob",2.08333333333333,1
"67","babL;bobble",0,1
"68","babi;bobby",0,1
"69","baCi;boccie",0,1
"70","bak;bock",2.08333333333333,1
"71","bod;bode",0,1
"72","bol;bole",0,1
"73","bamX;bomber",0,1
"74","band;bond",0,1
"75","bon;bone",0,1
"76","bUk;book",0,1
"77","bum;boom",0,1
"78","but;boot",0,1
"79","born;born",0,1
"80","baro;borrow",2.08333333333333,1
"81","baS;bosh",2.08333333333333,1
"82","baC;botch",2.08333333333333,1
"83","boT;both",0,1
"84","batL;bottle",0,1
"85","batM;bottom",0,1
"86","bct;bought",0,1
"87","bWt;bout",0,1
"88","baks;box",0,1
"89","b^k;buck",0,1
"90","b^m;bum",0,1
"91","bUS;bush",0,1
"92","b^t;but",0,1
"93","kam;calm",0,1
"94","kar;car",2.08333333333333,1
"95","kard;card",0,1
"96","kEr;care",0,1
"97","karp;carp",0,1
"98","kart;cart",0,1
"99","karv;carve",0,1
"100","CEr;chair",0,1
"101","Car;char",2.08333333333333,1
"102","Card;chard",0,1
"103","CarJ;charge",0,1
"104","Carm;charm",0,1
"105","Cart;chart",0,1
"106","CIr;cheer",0,1
"107","Cak;chock",0,1
"108","Can;chon",0,1
"109","Cap;chop",0,1
"110","Cor;chore",0,1
"111","kab;cob",0,1
"112","kak;cock",0,1
"113","kad;cod",0,1
"114","kag;cog",0,1
"115","kan;con",0,1
"116","kap;cop",0,1
"117","kor;core",0,1
"118","kat;cot",0,1
"119","zar;czar",2.08333333333333,1
"120","dEr;dare",0,1
"121","dark;dark",0,1
"122","darn;darn",0,1
"123","dIr;dear",0,1
"124","dak;dock",0,1
"125","dat;dot",0,1
"126","Ir;ear",0,1
"127","fEr;fair",0,1
"128","far;far",2.08333333333333,1
"129","fars;farce",0,1
"130","farm;farm",0,1
"131","fIr;fear",0,1
"132","fYr;fire",0,1
"133","fab;fob",0,1
"134","fap;fop",0,1
"135","for;for",0,1
"136","garb;garb",0,1
"137","gIr;gear",0,1
"138","gab;gob",0,1
"139","gor;gore",0,1
"140","gat;got",0,1
"141","gard;guard",0,1
"142","hEr;hair",0,1
"143","hard;hard",0,1
"144","hark;hark",0,1
"145","hIr;hear",0,1
"146","hab;hob",0,1
"147","hak;hock",0,1
"148","hat;hot",0,1
"149","Wr;hour",0,1
"150","Yr;ire",0,1
"151","Jar;jar",2.08333333333333,1
"152","JIr;jeer",0,1
"153","Jab;job",0,1
"154","Jag;jog",0,1
"155","JaS;josh",0,1
"156","Jas;joss",0,1
"157","Jat;jot",0,1
"158","nab;knob",0,1
"159","nak;knock",0,1
"160","nat;knot",0,1
"161","lEr;lair",0,1
"162","lard;lard",0,1
"163","larJ;large",0,1
"164","lark;lark",0,1
"165","lIr;leer",0,1
"166","lab;lob",0,1
"167","lak;loch",0,1
"168","lor;lore",0,1
"169","lat;lot",0,1
"170","ma;ma",0,1
"171","mar;mar",2.08333333333333,1
"172","marC;march",0,1
"173","mEr;mare",0,1
"174","marJ;marge",0,1
"175","mark;mark",0,1
"176","marl;marl",0,1
"177","marz;mars",0,1
"178","marS;marsh",0,1
"179","mart;mart",0,1
"180","mIr;mere",0,1
"181","mYr;mire",0,1
"182","mab;mob",0,1
"183","mak;mock",0,1
"184","mal;moll",0,1
"185","mor;moor",0,1
"186","map;mop",0,1
"187","maro;morrow",0,1
"188","nard;nard",0,1
"189","nIr;near",0,1
"190","nor;nor",0,1
"191","naC;notch",0,1
"192","or;oar",0,1
"193","ad;odd",0,1
"194","pa;pa",0,1
"195","pEr;pair",0,1
"196","pam;palm",0,1
"197","par;par",2.08333333333333,1
"198","parx;para",0,1
"199","parC;parch",0,1
"200","pard;pard",0,1
"201","park;park",0,1
"202","pars;parse",0,1
"203","part;part",0,1
"204","pIr;peer",0,1
"205","pak;pock",0,1
"206","pad;pod",0,1
"207","por;poor",0,1
"208","pap;pop",0,1
"209","paS;posh",0,1
"210","pat;pot",0,1
"211","sam;psalm",0,1
"212","pYr;pyre",0,1
"213","rEr;rare",0,1
"214","rIr;rear",0,1
"215","ror;roar",0,1
"216","rab;rob",0,1
"217","rak;rock",0,1
"218","rat;rot",0,1
"219","skar;scar",0,1
"220","sIr;sear",0,1
"221","Sard;shard",0,1
"222","SEr;share",0,1
"223","Sark;shark",0,1
"224","SIr;shear",0,1
"225","Sak;shock",0,1
"226","Sor;shore",0,1
"227","Sat;shot",0,1
"228","sor;soar",0,1
"229","sab;sob",0,1
"230","sak;sock",0,1
"231","saro;sorrow",0,1
"232","sat;sot",0,1
"233","spar;spar",0,1
"234","star;star",0,1
"235","tar;tar",2.08333333333333,1
"236","tEr;tare",0,1
"237","tarn;tarn",0,1
"238","tart;tart",0,1
"239","DEr;their",0,1
"240","tIr;tier",0,1
"241","tYr;tire",0,1
"242","tag;tog",0,1
"243","tap;top",0,1
"244","tor;tor",0,1
"245","tat;tot",0,1
"246","tUr;tour",0,1
"247","vIr;veer",0,1
"248","wor;war",0,1
"249","wEr;ware",0,1
"250","wat;watt",0,1
"251","hor;whore",0,1
"252","yat;yacht",0,1
"253","yard;yard",0,1
"254","yarn;yarn",0,1
"255","yIr;year",0,1
"256","yor;yore",0,1
"257","xfar;afar",0.0578703703703704,2
"258","Er;air",0.0948886639676113,2
"259","xJar;ajar",0.0651041666666667,2
"260","ark;arc",0.124269005847953,2
"261","arC;arch",0.0548245614035088,2
"262","ar;are",2.55100363310341,2
"263","arm;arm",0.0548245614035088,2
"264","art;art",0.0548245614035088,2
"265","beb;babe",0.0473484848484849,2
"266","b@k;back",0.037202380952381,2
"267","bat;baht",2.43230727605728,2
"268","bErn;bairn",0.134761072261072,2
"269","bet;bait",0.0306372549019608,2
"270","bek;bake",0.037202380952381,2
"271","bck;balk",0.037202380952381,2
"272","bam;balm",2.38281632583103,2
"273","bar;bar",26.5686233655164,2
"274","barb;barb",2.58112927520822,2
"275","barbd;barbed",0.158991228070175,2
"276","barbX;barber",0.104166666666667,2
"277","bard;bard",2.5831228956229,2
"278","bEr;bare",2.1551724137931,2
"279","barJ;barge",2.52220671628566,2
"280","bark;bark",2.60570539353434,2
"281","barkX;barker",0.0694444444444444,2
"282","barn;barn",2.54325048732944,2
"283","b@ro;barrow",0.115740740740741,2
"284","b@S;bash",0.104166666666667,2
"285","b@t;bat",0.0306372549019608,2
"286","b@C;batch",0.0801282051282051,2
"287","biC;beach",0.0801282051282051,2
"288","bik;beak",0.037202380952381,2
"289","bim;beam",0.0801282051282051,2
"290","bIrd;beard",0.0907441016333938,2
"291","bit;beat",0.0306372549019608,2
"292","bo;beau",0.0359195402298851,2
"293","boz;beaux",0.0359195402298851,2
"294","bEk;beck",0.0772664835164835,2
"295","bEd;bed",0.0400641025641026,2
"296","bIn;been",0.0359195402298851,2
"297","bIr;beer",2.15931697612732,2
"298","bEg;beg",0.0400641025641026,2
"299","bEl;bell",0.0400641025641026,2
"300","bEri;berry",0.0400641025641026,2
"301","bErL;beryl",0.0400641025641026,2
"302","bEt;bet",0.0707013574660633,2
"303","bIb;bib",0.0832680250783699,2
"304","bId;bid",0.0359195402298851,2
"305","bIg;big",0.0359195402298851,2
"306","bYt;bight",0.0306372549019608,2
"307","bYk;bike",0.037202380952381,2
"308","bIl;bill",0.0359195402298851,2
"309","bRC;birch",0.0801282051282051,2
"310","bIt;bit",0.0665567951318458,2
"311","bIC;bitch",0.11604774535809,2
"312","blEr;blare",0.0400641025641026,2
"313","blIr;blear",0.0359195402298851,2
"314","blab;blob",0.0473484848484849,2
"315","blak;bloc",0.037202380952381,2
"316","blat;blot",0.0306372549019608,2
"317","blaC;blotch",0.0801282051282051,2
"318","box;boa",0.0359195402298851,2
"319","bor;boar",2.15931697612732,2
"320","bord;board",0.0907441016333938,2
"321","bot;boat",0.0665567951318458,2
"322","bab;bob",2.51976271277742,2
"323","babL;bobble",0.0473484848484849,2
"324","babi;bobby",0.0473484848484849,2
"325","baCi;boccie",0.0801282051282051,2
"326","bak;bock",2.4951865944513,2
"327","bod;bode",0.0359195402298851,2
"328","bol;bole",0.0359195402298851,2
"329","bamX;bomber",0.0801282051282051,2
"330","band;bond",0.0548245614035088,2
"331","bon;bone",0.0359195402298851,2
"332","bUk;book",0.037202380952381,2
"333","bum;boom",0.0801282051282051,2
"334","but;boot",0.0306372549019608,2
"335","born;born",0.130616509926855,2
"336","baro;borrow",2.52220671628566,2
"337","baS;bosh",2.35877786429257,2
"338","baC;botch",2.38281632583103,2
"339","boT;both",0.0359195402298851,2
"340","batL;bottle",0.0306372549019608,2
"341","batM;bottom",0.0306372549019608,2
"342","bct;bought",0.0306372549019608,2
"343","bWt;bout",0.0306372549019608,2
"344","baks;box",0.037202380952381,2
"345","b^k;buck",0.037202380952381,2
"346","b^m;bum",0.0801282051282051,2
"347","bUS;bush",0.104166666666667,2
"348","b^t;but",0.0306372549019608,2
"349","kam;calm",0.123530982905983,2
"350","kar;car",2.56242541672915,2
"351","kard;card",0.0982273391812866,2
"352","kEr;care",0.0834668803418804,2
"353","karp;carp",0.0434027777777778,2
"354","kart;cart",0.0434027777777778,2
"355","karv;carve",0.0434027777777778,2
"356","CEr;chair",0.0948886639676113,2
"357","Car;char",2.55100363310341,2
"358","Card;chard",0.109649122807018,2
"359","CarJ;charge",0.17056530214425,2
"360","Carm;charm",0.0548245614035088,2
"361","Cart;chart",0.0548245614035088,2
"362","CIr;cheer",0.0907441016333938,2
"363","Cak;chock",0.0920269423558897,2
"364","Can;chon",0.0548245614035088,2
"365","Cap;chop",0.0548245614035088,2
"366","Cor;chore",0.0907441016333938,2
"367","kab;cob",0.0907512626262626,2
"368","kak;cock",0.0806051587301587,2
"369","kad;cod",0.0434027777777778,2
"370","kag;cog",0.0434027777777778,2
"371","kan;con",0.0434027777777778,2
"372","kap;cop",0.0434027777777778,2
"373","kor;core",0.0793223180076628,2
"374","kat;cot",0.0740400326797386,2
"375","zar;czar",2.49008745376618,2
"376","dEr;dare",0.0400641025641026,2
"377","dark;dark",0.0694444444444444,2
"378","darn;darn",0.0946969696969697,2
"379","dIr;dear",0.0359195402298851,2
"380","dak;dock",0.037202380952381,2
"381","dat;dot",0.0306372549019608,2
"382","Ir;ear",0.0907441016333938,2
"383","fEr;fair",0.0979344729344729,2
"384","far;far",2.54795782413655,2
"385","fars;farce",0.0578703703703704,2
"386","farm;farm",0.0578703703703704,2
"387","fIr;fear",0.0937899106002554,2
"388","fYr;fire",0.0578703703703704,2
"389","fab;fob",0.105218855218855,2
"390","fap;fop",0.0578703703703704,2
"391","for;for",0.0937899106002554,2
"392","garb;garb",0.104166666666667,2
"393","gIr;gear",0.0359195402298851,2
"394","gab;gob",0.0473484848484849,2
"395","gor;gore",0.0359195402298851,2
"396","gat;got",0.0306372549019608,2
"397","gard;guard",0.0548245614035088,2
"398","hEr;hair",0.0400641025641026,2
"399","hard;hard",0.0548245614035088,2
"400","hark;hark",0.0694444444444444,2
"401","hIr;hear",0.0359195402298851,2
"402","hab;hob",0.0473484848484849,2
"403","hak;hock",0.037202380952381,2
"404","hat;hot",0.0306372549019608,2
"405","Wr;hour",0.0548245614035088,2
"406","Yr;ire",0.0548245614035088,2
"407","Jar;jar",2.54072402784026,2
"408","JIr;jeer",0.101023706896552,2
"409","Jab;job",0.112452651515152,2
"410","Jag;jog",0.0651041666666667,2
"411","JaS;josh",0.169270833333333,2
"412","Jas;joss",0.0651041666666667,2
"413","Jat;jot",0.0957414215686275,2
"414","nab;knob",0.0473484848484849,2
"415","nak;knock",0.037202380952381,2
"416","nat;knot",0.0306372549019608,2
"417","lEr;lair",0.0400641025641026,2
"418","lard;lard",0.0548245614035088,2
"419","larJ;large",0.115740740740741,2
"420","lark;lark",0.0694444444444444,2
"421","lIr;leer",0.0359195402298851,2
"422","lab;lob",0.0473484848484849,2
"423","lak;loch",0.037202380952381,2
"424","lor;lore",0.0359195402298851,2
"425","lat;lot",0.0306372549019608,2
"426","ma;ma",0.0400641025641026,2
"427","mar;mar",2.56576409194282,2
"428","marC;march",0.0400641025641026,2
"429","mEr;mare",0.0801282051282051,2
"430","marJ;marge",0.155804843304843,2
"431","mark;mark",0.109508547008547,2
"432","marl;marl",0.0400641025641026,2
"433","marz;mars",0.0400641025641026,2
"434","marS;marsh",0.0400641025641026,2
"435","mart;mart",0.0400641025641026,2
"436","mIr;mere",0.0759836427939876,2
"437","mYr;mire",0.0400641025641026,2
"438","mab;mob",0.0874125874125874,2
"439","mak;mock",0.0772664835164835,2
"440","mal;moll",0.0400641025641026,2
"441","mor;moor",0.0759836427939876,2
"442","map;mop",0.0400641025641026,2
"443","maro;morrow",0.155804843304843,2
"444","nard;nard",0.0548245614035088,2
"445","nIr;near",0.0359195402298851,2
"446","nor;nor",0.0359195402298851,2
"447","naC;notch",0.0801282051282051,2
"448","or;oar",0.0907441016333938,2
"449","ad;odd",0.0548245614035088,2
"450","pa;pa",0.0385802469135803,2
"451","pEr;pair",0.0786443494776828,2
"452","pam;palm",0.118708452041785,2
"453","par;par",2.56724794759334,2
"454","parx;para",0.0385802469135803,2
"455","parC;parch",0.0385802469135803,2
"456","pard;pard",0.093404808317089,2
"457","park;park",0.108024691358025,2
"458","pars;parse",0.0385802469135803,2
"459","part;part",0.0385802469135803,2
"460","pIr;peer",0.0744997871434653,2
"461","pak;pock",0.0757826278659612,2
"462","pad;pod",0.0385802469135803,2
"463","por;poor",0.0744997871434653,2
"464","pap;pop",0.0385802469135803,2
"465","paS;posh",0.142746913580247,2
"466","pat;pot",0.069217501815541,2
"467","sam;psalm",0.0801282051282051,2
"468","pYr;pyre",0.0385802469135803,2
"469","rEr;rare",0.0400641025641026,2
"470","rIr;rear",0.0359195402298851,2
"471","ror;roar",0.0359195402298851,2
"472","rab;rob",0.0473484848484849,2
"473","rak;rock",0.037202380952381,2
"474","rat;rot",0.0306372549019608,2
"475","skar;scar",0.0434027777777778,2
"476","sIr;sear",0.0359195402298851,2
"477","Sard;shard",0.0548245614035088,2
"478","SEr;share",0.0400641025641026,2
"479","Sark;shark",0.0694444444444444,2
"480","SIr;shear",0.0359195402298851,2
"481","Sak;shock",0.037202380952381,2
"482","Sor;shore",0.0359195402298851,2
"483","Sat;shot",0.0306372549019608,2
"484","sor;soar",0.0359195402298851,2
"485","sab;sob",0.0473484848484849,2
"486","sak;sock",0.037202380952381,2
"487","saro;sorrow",0.115740740740741,2
"488","sat;sot",0.0306372549019608,2
"489","spar;spar",0.0385802469135803,2
"490","star;star",0.0520833333333333,2
"491","tar;tar",2.55374486117359,2
"492","tEr;tare",0.0921474358974359,2
"493","tarn;tarn",0.146780303030303,2
"494","tart;tart",0.0520833333333333,2
"495","DEr;their",0.0400641025641026,2
"496","tIr;tier",0.0880028735632184,2
"497","tYr;tire",0.0520833333333333,2
"498","tag;tog",0.0520833333333333,2
"499","tap;top",0.0520833333333333,2
"500","tor;tor",0.0880028735632184,2
"501","tat;tot",0.0827205882352941,2
"502","tUr;tour",0.0520833333333333,2
"503","vIr;veer",0.0359195402298851,2
"504","wor;war",0.0359195402298851,2
"505","wEr;ware",0.0400641025641026,2
"506","wat;watt",0.0306372549019608,2
"507","hor;whore",0.0359195402298851,2
"508","yat;yacht",0.0306372549019608,2
"509","yard;yard",0.0548245614035088,2
"510","yarn;yarn",0.0946969696969697,2
"511","yIr;year",0.0359195402298851,2
"512","yor;yore",0.0359195402298851,2
"513","xfar;afar",0.115987833077867,3
"514","Er;air",0.192763867690309,3
"515","xJar;ajar",0.126417301795934,3
"516","ark;arc",0.250632722879592,3
"517","arC;arch",0.112221539409472,3
"518","ar;are",2.44098716099951,3
"519","arm;arm",0.119609578595757,3
"520","art;art",0.120949566831445,3
"521","beb;babe",0.0886060532041769,3
"522","b@k;back",0.0949758315779243,3
"523","bat;baht",2.22199983893785,3
"524","bErn;bairn",0.250844806198708,3
"525","bet;bait",0.0732652343130785,3
"526","bek;bake",0.084669348844971,3
"527","bck;balk",0.0786423046745445,3
"528","bam;balm",2.1750984040283,3
"529","bar;bar",15.1556666487822,3
"530","barb;barb",2.51324696933496,3
"531","barbd;barbed",0.293890107212476,3
"532","barbX;barber",0.224999446216551,3
"533","bard;bard",2.55831051219898,3
"534","bEr;bare",1.77979798495669,3
"535","barJ;barge",2.38507081194322,3
"536","bark;bark",2.53913962003209,3
"537","barkX;barker",0.138940179784478,3
"538","barn;barn",2.4541636806082,3
"539","b@ro;barrow",0.197992965719574,3
"540","b@S;bash",0.195891985873604,3
"541","b@t;bat",0.0834018501482237,3
"542","b@C;batch",0.165927122365334,3
"543","biC;beach",0.162187806126018,3
"544","bik;beak",0.0912365153386081,3
"545","bim;beam",0.158248378695211,3
"546","bIrd;beard",0.161448959334074,3
"547","bit;beat",0.0796625339089075,3
"548","bo;beau",0.0689004419505309,3
"549","boz;beaux",0.0689004419505309,3
"550","bEk;beck",0.149209973983364,3
"551","bEd;bed",0.0762879600835746,3
"552","bIn;been",0.0747715272260413,3
"553","bIr;beer",1.77393975586652,3
"554","bEg;beg",0.0746272943604089,3
"555","bEl;bell",0.0766507837222604,3
"556","bEri;berry",0.081631132277684,3
"557","bErL;beryl",0.081631132277684,3
"558","bEt;bet",0.137967074085254,3
"559","bIb;bib",0.15745465749728,3
"560","bId;bid",0.0892619851574021,3
"561","bIg;big",0.0763142254282222,3
"562","bYt;bight",0.0674551572713838,3
"563","bYk;bike",0.0786423046745445,3
"564","bIl;bill",0.0778826900893593,3
"565","bRC;birch",0.148432668289998,3
"566","bIt;bit",0.138187832366534,3
"567","bIC;bitch",0.223119420377385,3
"568","blEr;blare",0.0686426206203083,3
"569","blIr;blear",0.062764712084718,3
"570","blab;blob",0.0995626616031028,3
"571","blak;bloc",0.0822127729296847,3
"572","blat;blot",0.0704600600524043,3
"573","blaC;blotch",0.143229696397117,3
"574","box;boa",0.0689004419505309,3
"575","bor;boar",1.77416626206914,3
"576","bord;board",0.176615942230186,3
"577","bot;boat",0.1343073346146,3
"578","bab;bob",2.38002063988204,3
"579","babL;bobble",0.0939392000972883,3
"580","babi;bobby",0.108865042229013,3
"581","baCi;boccie",0.139602298468249,3
"582","bak;bock",2.34002135156363,3
"583","bod;bode",0.0832448156273683,3
"584","bol;bole",0.0742066878278975,3
"585","bamX;bomber",0.131710884326835,3
"586","band;bond",0.0953891990076201,3
"587","bon;bone",0.0846560584604578,3
"588","bUk;book",0.0947268634980739,3
"589","bum;boom",0.147677607554587,3
"590","but;boot",0.0754043839706105,3
"591","born;born",0.242486647279657,3
"592","baro;borrow",2.44882726139046,3
"593","baS;bosh",2.10158788062999,3
"594","baC;botch",2.15890219934431,3
"595","boT;both",0.0689004419505309,3
"596","batL;bottle",0.0666385799657859,3
"597","batM;bottom",0.0561940612492083,3
"598","bct;bought",0.0674551572713838,3
"599","bWt;bout",0.0652723081216229,3
"600","baks;box",0.0631580939485351,3
"601","b^k;buck",0.0867636087517309,3
"602","b^m;bum",0.151442735400597,3
"603","bUS;bush",0.182505692156427,3
"604","b^t;but",0.0753594942198384,3
"605","kam;calm",0.233764888878119,3
"606","kar;car",2.46568877720677,3
"607","kard;card",0.208021989149205,3
"608","kEr;care",0.162646087084936,3
"609","karp;carp",0.0877389563113476,3
"610","kart;cart",0.102463825498526,3
"611","karv;carve",0.0851037876605539,3
"612","CEr;chair",0.184375495050406,3
"613","Car;char",2.44379839433817,3
"614","Card;chard",0.232660678831616,3
"615","CarJ;charge",0.323024829754064,3
"616","Carm;charm",0.12579278379212,3
"617","Cart;chart",0.127132772027808,3
"618","CIr;cheer",0.177375875172959,3
"619","Cak;chock",0.183888297340374,3
"620","Can;chon",0.103668432289636,3
"621","Cap;chop",0.117233322784808,3
"622","Cor;chore",0.176632230958603,3
"623","kab;cob",0.195905125516376,3
"624","kak;cock",0.173165312756937,3
"625","kad;cod",0.107657981166774,3
"626","kag;cog",0.102744768262881,3
"627","kan;con",0.0994980809427289,3
"628","kap;cop",0.112272511491739,3
"629","kor;core",0.154907026803014,3
"630","kat;cot",0.1629653479811,3
"631","zar;czar",2.29710502506116,3
"632","dEr;dare",0.0876280725566875,3
"633","dark;dark",0.158964080256569,3
"634","darn;darn",0.193323955933605,3
"635","dIr;dear",0.0802593818033365,3
"636","dak;dock",0.0857998190483816,3
"637","dat;dot",0.0693676837242585,3
"638","Ir;ear",0.185589175095183,3
"639","fEr;fair",0.193151906043699,3
"640","far;far",2.4443811044132,3
"641","fars;farce",0.109701319629895,3
"642","farm;farm",0.11849428004018,3
"643","fIr;fear",0.186082422965035,3
"644","fYr;fire",0.11786463363943,3
"645","fab;fob",0.205351856456903,3
"646","fap;fop",0.115938468422326,3
"647","for;for",0.185354269707182,3
"648","garb;garb",0.185853878699273,3
"649","gIr;gear",0.0799803687834512,3
"650","gab;gob",0.12230008553538,3
"651","gor;gore",0.0793581407181533,3
"652","gat;got",0.0699096764537512,3
"653","gard;guard",0.13715612228496,3
"654","hEr;hair",0.0886567904957106,3
"655","hard;hard",0.123653035865207,3
"656","hark;hark",0.149765982771348,3
"657","hIr;hear",0.0812261938770848,3
"658","hab;hob",0.106203803272475,3
"659","hak;hock",0.0878110493126319,3
"660","hat;hot",0.0713021605307153,3
"661","Wr;hour",0.104309774123007,3
"662","Yr;ire",0.118172109805519,3
"663","Jar;jar",2.42996555475753,3
"664","JIr;jeer",0.189065171847134,3
"665","Jab;job",0.239862872804876,3
"666","Jag;jog",0.144197304712837,3
"667","JaS;josh",0.307330966935892,3
"668","Jas;joss",0.134958713442996,3
"669","Jat;jot",0.205388172670303,3
"670","nab;knob",0.116315268394482,3
"671","nak;knock",0.0937609738147658,3
"672","nat;knot",0.0812227466907587,3
"673","lEr;lair",0.0953605256174875,3
"674","lard;lard",0.135090510021979,3
"675","larJ;large",0.223222487659622,3
"676","lark;lark",0.161388079665218,3
"677","lIr;leer",0.0871863992209725,3
"678","lab;lob",0.1109455141408,3
"679","lak;loch",0.0910259855887062,3
"680","lor;lore",0.0804954122344816,3
"681","lat;lot",0.0741818694424234,3
"682","ma;ma",0.0823131107553676,3
"683","mar;mar",2.4753176373204,3
"684","marC;march",0.103422793226479,3
"685","mEr;mare",0.16132639442713,3
"686","marJ;marge",0.313114256801349,3
"687","mark;mark",0.243428401847042,3
"688","marl;marl",0.0995589112101848,3
"689","marz;mars",0.0959420130620367,3
"690","marS;marsh",0.0959420130620367,3
"691","mart;mart",0.110029567894608,3
"692","mIr;mere",0.154115591762702,3
"693","mYr;mire",0.0872756683982958,3
"694","mab;mob",0.183303600838995,3
"695","mak;mock",0.164468988698105,3
"696","mal;moll",0.0821276287990523,3
"697","mor;moor",0.153429834380578,3
"698","map;mop",0.0952102662078045,3
"699","maro;morrow",0.31758392821181,3
"700","nard;nard",0.119490430277163,3
"701","nIr;near",0.0799803687834512,3
"702","nor;nor",0.0793581407181533,3
"703","naC;notch",0.135761732092926,3
"704","or;oar",0.184887915343882,3
"705","ad;odd",0.0984458211381399,3
"706","pa;pa",0.0911401613751724,3
"707","pEr;pair",0.158660529054911,3
"708","pam;palm",0.228280608423236,3
"709","par;par",2.48129145882115,3
"710","parx;para",0.0803831847097563,3
"711","parC;parch",0.0877588584322868,3
"712","pard;pard",0.202225656355773,3
"713","park;park",0.2274305585138,3
"714","pars;parse",0.0904875350918845,3
"715","part;part",0.0966217122167262,3
"716","pIr;peer",0.151437949758336,3
"717","pak;pock",0.172433630256407,3
"718","pad;pod",0.102312919943764,3
"719","por;poor",0.150755725365856,3
"720","pap;pop",0.102973886944735,3
"721","paS;posh",0.26439536786329,3
"722","pat;pot",0.1576320765476,3
"723","sam;psalm",0.14731219937256,3
"724","pYr;pyre",0.0847128485573632,3
"725","rEr;rare",0.0886567904957106,3
"726","rIr;rear",0.0812261938770848,3
"727","ror;roar",0.0806163220347761,3
"728","rab;rob",0.10630600761575,3
"729","rak;rock",0.0838508202779981,3
"730","rat;rot",0.0714043648739911,3
"731","skar;scar",0.0901958484452317,3
"732","sIr;sear",0.0799803687834512,3
"733","Sard;shard",0.123653035865207,3
"734","SEr;share",0.0886567904957106,3
"735","Sark;shark",0.149868187114624,3
"736","SIr;shear",0.0812261938770848,3
"737","Sak;shock",0.0857998190483816,3
"738","Sor;shore",0.0806163220347761,3
"739","Sat;shot",0.0693676837242585,3
"740","sor;soar",0.0793581407181533,3
"741","sab;sob",0.112976593180807,3
"742","sak;sock",0.0904222986010906,3
"743","saro;sorrow",0.205783207884816,3
"744","sat;sot",0.0778840714770835,3
"745","spar;spar",0.082746103967778,3
"746","star;star",0.103549125644566,3
"747","tar;tar",2.45542558528479,3
"748","tEr;tare",0.187623356981678,3
"749","tarn;tarn",0.279765518680678,3
"750","tart;tart",0.118271306749058,3
"751","DEr;their",0.0865349168299111,3
"752","tIr;tier",0.180428990500882,3
"753","tYr;tire",0.113191904831986,3
"754","tag;tog",0.102258727154923,3
"755","tap;top",0.110112363240924,3
"756","tor;tor",0.179733664143672,3
"757","tat;tot",0.168264308826822,3
"758","tUr;tour",0.0992991110598066,3
"759","vIr;veer",0.0788652196586672,3
"760","wor;war",0.0796958457972377,3
"761","wEr;ware",0.0876867646158867,3
"762","wat;watt",0.067863877073393,3
"763","hor;whore",0.0806163220347761,3
"764","yat;yacht",0.067863877073393,3
"765","yard;yard",0.13163213238597,3
"766","yarn;yarn",0.192207159312422,3
"767","yIr;year",0.0799803687834512,3
"768","yor;yore",0.0793581407181533,3
"769","xfar;afar",0.157497717110506,4
"770","Er;air",0.270208914189973,4
"771","xJar;ajar",0.168142032753607,4
"772","ark;arc",0.349506275275699,4
"773","arC;arch",0.159082624011939,4
"774","ar;are",2.16283379476811,4
"775","arm;arm",0.176799422347248,4
"776","art;art",0.183258834840095,4
"777","beb;babe",0.114193246822972,4
"778","b@k;back",0.156152029504074,4
"779","bat;baht",1.90187514752942,4
"780","bErn;bairn",0.322661224152405,4
"781","bet;bait",0.116754940597622,4
"782","bek;bake",0.130556280822376,4
"783","bck;balk",0.116324190528074,4
"784","bam;balm",1.86692279850764,4
"785","bar;bar",9.33759329423717,4
"786","barb;barb",2.27597989243545,4
"787","barbd;barbed",0.377431270623086,4
"788","barbX;barber",0.321878801056556,4
"789","bard;bard",2.38110138024846,4
"790","bEr;bare",1.41256523906524,4
"791","barJ;barge",2.0931295284518,4
"792","bark;bark",2.29559224110484,4
"793","barkX;barker",0.191607984929401,4
"794","barn;barn",2.2145001717202,4
"795","b@ro;barrow",0.235042441825924,4
"796","b@S;bash",0.252590660398351,4
"797","b@t;bat",0.142111499697268,4
"798","b@C;batch",0.233163899169945,4
"799","biC;beach",0.224855985442773,4
"800","bik;beak",0.147649865582651,4
"801","bim;beam",0.21496284288119,4
"802","bIrd;beard",0.200758302199863,4
"803","bit;beat",0.133536491953001,4
"804","bo;beau",0.0932195234376374,4
"805","boz;beaux",0.0932195234376374,4
"806","bEk;beck",0.203109057976753,4
"807","bEd;bed",0.10236213227677,4
"808","bIn;been",0.108491112910325,4
"809","bIr;beer",1.39086976932787,4
"810","bEg;beg",0.0972846828000602,4
"811","bEl;bell",0.102307824115732,4
"812","bEri;berry",0.11373211979775,4
"813","bErL;beryl",0.11373211979775,4
"814","bEt;bet",0.189411925615329,4
"815","bIb;bib",0.206692749432138,4
"816","bId;bid",0.141127775325259,4
"817","bIg;big",0.111152181647457,4
"818","bYt;bight",0.102916956984819,4
"819","bYk;bike",0.116324190528074,4
"820","bIl;bill",0.11534568612607,4
"821","bRC;birch",0.190829606561641,4
"822","bIt;bit",0.200593574186774,4
"823","bIC;bitch",0.297989249296822,4
"824","blEr;blare",0.0818137013253882,4
"825","blIr;blear",0.0755876209975299,4
"826","blab;blob",0.141310839487799,4
"827","blak;bloc",0.120832665763292,4
"828","blat;blot",0.106169573438278,4
"829","blaC;blotch",0.179873097631859,4
"830","box;boa",0.0932195234376374,4
"831","bor;boar",1.3925404136083,4
"832","bord;board",0.2344346453469,4
"833","bot;boat",0.190791433282339,4
"834","bab;bob",2.09637037392087,4
"835","babL;bobble",0.130311581926915,4
"836","babi;bobby",0.159081007260254,4
"837","baCi;boccie",0.170980022913741,4
"838","bak;bock",2.04857971337892,4
"839","bod;bode",0.128487966129033,4
"840","bol;bole",0.106270461703071,4
"841","bamX;bomber",0.149513073087583,4
"842","band;bond",0.115018560351152,4
"843","bon;bone",0.130092691571079,4
"844","bUk;book",0.151079867144961,4
"845","bum;boom",0.188969922464895,4
"846","but;boot",0.120651036573258,4
"847","born;born",0.310364169462792,4
"848","baro;borrow",2.22815929233821,4
"849","baS;bosh",1.74843092577807,4
"850","baC;botch",1.83439228092966,4
"851","boT;both",0.0932195234376374,4
"852","batL;bottle",0.0957008068644174,4
"853","batM;bottom",0.0718799288385761,4
"854","bct;bought",0.102916956984819,4
"855","bWt;bout",0.0973002239401121,4
"856","baks;box",0.0733651425379037,4
"857","b^k;buck",0.135647763127908,4
"858","b^m;bum",0.19826268698302,4
"859","bUS;bush",0.221184042224744,4
"860","b^t;but",0.121894751977925,4
"861","kam;calm",0.308708341231858,4
"862","kar;car",2.20364312147163,4
"863","kard;card",0.305983667270319,4
"864","kEr;care",0.220958928304073,4
"865","karp;carp",0.122438248388582,4
"866","kart;cart",0.16241649970506,4
"867","karv;carve",0.115246853683475,4
"868","CEr;chair",0.24920512221673,4
"869","Car;char",2.17056371264158,4
"870","Card;chard",0.340916110014376,4
"871","CarJ;charge",0.421375699328983,4
"872","Carm;charm",0.191070747397576,4
"873","Cart;chart",0.197873671290221,4
"874","CIr;cheer",0.240958592771484,4
"875","Cak;chock",0.254831697297576,4
"876","Can;chon",0.135566893234612,4
"877","Cap;chop",0.170677305042812,4
"878","Cor;chore",0.238930071286656,4
"879","kab;cob",0.291404369232456,4
"880","kak;cock",0.257431455195765,4
"881","kad;cod",0.17299198119405,4
"882","kag;cog",0.161864721513556,4
"883","kan;con",0.152283818944363,4
"884","kap;cop",0.187545830906726,4
"885","kor;core",0.210696229640689,4
"886","kat;cot",0.247628277309615,4
"887","zar;czar",1.94298471463077,4
"888","dEr;dare",0.13216961362322,4
"889","dark;dark",0.243423315748583,4
"890","darn;darn",0.269048657114055,4
"891","dIr;dear",0.123144742101914,4
"892","dak;dock",0.135602377446372,4
"893","dat;dot",0.108675545134391,4
"894","Ir;ear",0.261607619913937,4
"895","fEr;fair",0.264588113470718,4
"896","far;far",2.17706642904117,4
"897","fars;farce",0.144025315306265,4
"898","farm;farm",0.165880365279985,4
"899","fIr;fear",0.256199422514237,4
"900","fYr;fire",0.164864351967018,4
"901","fab;fob",0.279531924129926,4
"902","fap;fop",0.161694966549095,4
"903","for;for",0.254199640232242,4
"904","garb;garb",0.23054293082794,4
"905","gIr;gear",0.122426113164044,4
"906","gab;gob",0.198591703826953,4
"907","gor;gore",0.12066116710015,4
"908","gat;got",0.110724318931806,4
"909","gard;guard",0.221300809775228,4
"910","hEr;hair",0.134981830065877,4
"911","hard;hard",0.192569106812646,4
"912","hark;hark",0.221188545587078,4
"913","hIr;hear",0.12580897522313,4
"914","hab;hob",0.163272573545391,4
"915","hak;hock",0.140601966161081,4
"916","hat;hot",0.113988121478563,4
"917","Wr;hour",0.136649270890113,4
"918","Yr;ire",0.171850560001777,4
"919","Jar;jar",2.15709990926124,4
"920","JIr;jeer",0.247540741901324,4
"921","Jab;job",0.348256802513504,4
"922","Jag;jog",0.212246651345392,4
"923","JaS;josh",0.386565992463239,4
"924","Jas;joss",0.189068180717024,4
"925","Jat;jot",0.299972844206305,4
"926","nab;knob",0.185623226020176,4
"927","nak;knock",0.152223532741112,4
"928","nat;knot",0.136018922275331,4
"929","lEr;lair",0.14977870771526,4
"930","lard;lard",0.220401338329058,4
"931","larJ;large",0.295630727881723,4
"932","lark;lark",0.249428687743512,4
"933","lIr;leer",0.139238572712957,4
"934","lab;lob",0.175609436238788,4
"935","lak;loch",0.150077296446034,4
"936","lor;lore",0.124090586558997,4
"937","lat;lot",0.122260422071935,4
"938","ma;ma",0.117007003321741,4
"939","mar;mar",2.22360388712009,4
"940","marC;march",0.17362489137179,4
"941","mEr;mare",0.225791150545992,4
"942","marJ;marge",0.432471957887596,4
"943","mark;mark",0.368892285702458,4
"944","marl;marl",0.163340284865959,4
"945","marz;mars",0.154222541531708,4
"946","marS;marsh",0.154222541531708,4
"947","mart;mart",0.193354193088173,4
"948","mIr;mere",0.217085945875185,4
"949","mYr;mire",0.128741198906454,4
"950","mab;mob",0.265676703076187,4
"951","mak;mock",0.242039466313486,4
"952","mal;moll",0.116764509710116,4
"953","mor;moor",0.21518135324013,4
"954","map;mop",0.150648969273507,4
"955","maro;morrow",0.442652439449722,4
"956","nard;nard",0.181711766198078,4
"957","nIr;near",0.122426113164044,4
"958","nor;nor",0.12066116710015,4
"959","naC;notch",0.161126740712367,4
"960","or;oar",0.259659615260625,4
"961","ad;odd",0.123468605401577,4
"962","pa;pa",0.14200850930917,4
"963","pEr;pair",0.222589066903154,4
"964","pam;palm",0.304560860907441,4
"965","par;par",2.23405272150956,4
"966","parx;para",0.11655773458436,4
"967","parC;parch",0.135982176131533,4
"968","pard;pard",0.305259019905251,4
"969","park;park",0.330379833310669,4
"970","pars;parse",0.14012866640918,4
"971","part;part",0.161461646145299,4
"972","pIr;peer",0.213857377046597,4
"973","pak;pock",0.265398010708686,4
"974","pad;pod",0.16893681000191,4
"975","por;poor",0.211960749594988,4
"976","pap;pop",0.17373229807422,4
"977","paS;posh",0.339815921150428,4
"978","pat;pot",0.243956077728303,4
"979","sam;psalm",0.189218767174474,4
"980","pYr;pyre",0.125762886877586,4
"981","rEr;rare",0.134981830065877,4
"982","rIr;rear",0.12580897522313,4
"983","ror;roar",0.124071357652174,4
"984","rab;rob",0.163411533733584,4
"985","rak;rock",0.130220049022478,4
"986","rat;rot",0.114129210923908,4
"987","skar;scar",0.127515645349814,4
"988","sIr;sear",0.122426113164044,4
"989","Sard;shard",0.192574784831717,4
"990","SEr;share",0.134981830065877,4
"991","Sark;shark",0.221397853875944,4
"992","SIr;shear",0.12580897522313,4
"993","Sak;shock",0.135097050049598,4
"994","Sor;shore",0.124071357652174,4
"995","Sat;shot",0.108675545134391,4
"996","sor;soar",0.12066116710015,4
"997","sab;sob",0.179170664370941,4
"998","sak;sock",0.145752626722571,4
"999","saro;sorrow",0.254816759319135,4
"1000","sat;sot",0.129505932115442,4
"1001","spar;spar",0.119613722828877,4
"1002","star;star",0.141983861189904,4
"1003","tar;tar",2.1923207399479,4
"1004","tEr;tare",0.263905329278869,4
"1005","tarn;tarn",0.368404639623128,4
"1006","tart;tart",0.180335208020195,4
"1007","DEr;their",0.129224011495481,4
"1008","tIr;tier",0.255258198710002,4
"1009","tYr;tire",0.165909930871202,4
"1010","tag;tog",0.139508080383294,4
"1011","tap;top",0.160010928880035,4
"1012","tor;tor",0.253324047441884,4
"1013","tat;tot",0.238347603912956,4
"1014","tUr;tour",0.130641122912853,4
"1015","vIr;veer",0.119436587265926,4
"1016","wor;war",0.121521302380578,4
"1017","wEr;ware",0.132311571443156,4
"1018","wat;watt",0.104512194997299,4
"1019","hor;whore",0.124071357652174,4
"1020","yat;yacht",0.104512194997299,4
"1021","yard;yard",0.211865262784857,4
"1022","yarn;yarn",0.266380127208378,4
"1023","yIr;year",0.122426113164044,4
"1024","yor;yore",0.12066116710015,4
"1025","xfar;afar",0.181258434217021,5
"1026","Er;air",0.326001099300893,5
"1027","xJar;ajar",0.190854817818844,5
"1028","ark;arc",0.420271023649197,5
"1029","arC;arch",0.194439101844244,5
"1030","ar;are",1.87083434124041,5
"1031","arm;arm",0.221298578516942,5
"1032","art;art",0.236971941184244,5
"1033","beb;babe",0.127242723840457,5
"1034","b@k;back",0.210798518898254,5
"1035","bat;baht",1.61995348636178,5
"1036","bErn;bairn",0.358101550472156,5
"1037","bet;bait",0.156219293836484,5
"1038","bek;bake",0.170346339560706,5
"1039","bck;balk",0.148819129475129,5
"1040","bam;balm",1.57931108919254,5
"1041","bar;bar",6.21435034657069,5
"1042","barb;barb",2.01505442536891,5
"1043","barbd;barbed",0.418821659414192,5
"1044","barbX;barber",0.385545603152915,5
"1045","bard;bard",2.1796943934214,5
"1046","bEr;bare",1.14766126704551,5
"1047","barJ;barge",1.79784213584614,5
"1048","bark;bark",2.03380024593794,5
"1049","barkX;barker",0.225970200677621,5
"1050","barn;barn",1.96190578063923,5
"1051","b@ro;barrow",0.241307848265085,5
"1052","b@S;bash",0.279408677978347,5
"1053","b@t;bat",0.196522217216385,5
"1054","b@C;batch",0.278027603632394,5
"1055","biC;beach",0.266428861105146,5
"1056","bik;beak",0.19868873044857,5
"1057","bim;beam",0.250275313237251,5
"1058","bIrd;beard",0.217520080303275,5
"1059","bit;beat",0.184215583415585,5
"1060","bo;beau",0.110777086791503,5
"1061","boz;beaux",0.110777086791503,5
"1062","bEk;beck",0.24238410315333,5
"1063","bEd;bed",0.120388301280588,5
"1064","bIn;been",0.135742138219436,5
"1065","bIr;beer",1.11158423489269,5
"1066","bEg;beg",0.111104361009069,5
"1067","bEl;bell",0.119189892250216,5
"1068","bEri;berry",0.135252251749611,5
"1069","bErL;beryl",0.135252251749611,5
"1070","bEt;bet",0.228020210894838,5
"1071","bIb;bib",0.235555023013022,5
"1072","bId;bid",0.18352687138765,5
"1073","bIg;big",0.138508778113382,5
"1074","bYt;bight",0.135163155262766,5
"1075","bYk;bike",0.148819129475129,5
"1076","bIl;bill",0.145658615939685,5
"1077","bRC;birch",0.21222902446824,5
"1078","bIt;bit",0.252455769663234,5
"1079","bIC;bitch",0.344345256644394,5
"1080","blEr;blare",0.085074759740758,5
"1081","blIr;blear",0.0788909049684271,5
"1082","blab;blob",0.17023877117962,5
"1083","blak;bloc",0.14923286852249,5
"1084","blat;blot",0.133347921384602,5
"1085","blaC;blotch",0.197321405951392,5
"1086","box;boa",0.110777086791503,5
"1087","bor;boar",1.11535631385293,5
"1088","bord;board",0.265858769605609,5
"1089","bot;boat",0.236878035827478,5
"1090","bab;bob",1.82184541004131,5
"1091","babL;bobble",0.155264207876377,5
"1092","babi;bobby",0.191648887571856,5
"1093","baCi;boccie",0.182557061933438,5
"1094","bak;bock",1.77181615454353,5
"1095","bod;bode",0.166208600433144,5
"1096","bol;bole",0.131531048450142,5
"1097","bamX;bomber",0.146561259563316,5
"1098","band;bond",0.120169842813693,5
"1099","bon;bone",0.166352367997697,5
"1100","bUk;book",0.196841897356836,5
"1101","bum;boom",0.209056649714259,5
"1102","but;boot",0.160450060352908,5
"1103","born;born",0.34206472245044,5
"1104","baro;borrow",1.98189424366176,5
"1105","baS;bosh",1.43191583476405,5
"1106","baC;botch",1.53863527565684,5
"1107","boT;both",0.110777086791503,5
"1108","batL;bottle",0.115507734799222,5
"1109","batM;bottom",0.0798588510662412,5
"1110","bct;bought",0.135163155262766,5
"1111","bWt;bout",0.125757802800286,5
"1112","baks;box",0.073264351865004,5
"1113","b^k;buck",0.178387304496714,5
"1114","b^m;bum",0.2239415249071,5
"1115","bUS;bush",0.231665959393608,5
"1116","b^t;but",0.164398201434254,5
"1117","kam;calm",0.354431485687883,5
"1118","kar;car",1.93026756998405,5
"1119","kard;card",0.387875747810779,5
"1120","kEr;care",0.26108694674171,5
"1121","karp;carp",0.147281091093627,5
"1122","kart;cart",0.21668762157888,5
"1123","karv;carve",0.134825296479971,5
"1124","CEr;chair",0.292455239021794,5
"1125","Car;char",1.88389042605487,5
"1126","Card;chard",0.428748695078156,5
"1127","CarJ;charge",0.473341512323206,5
"1128","Carm;charm",0.24232720630909,5
"1129","Cart;chart",0.258927008134665,5
"1130","CIr;cheer",0.284130408305572,5
"1131","Cak;chock",0.30569445905446,5
"1132","Can;chon",0.153132220093493,5
"1133","Cap;chop",0.211525427052257,5
"1134","Cor;chore",0.280603919329139,5
"1135","kab;cob",0.371343764920665,5
"1136","kak;cock",0.329121670909534,5
"1137","kad;cod",0.229894163979629,5
"1138","kag;cog",0.213258923553434,5
"1139","kan;con",0.195936074700838,5
"1140","kap;cop",0.257616139945339,5
"1141","kor;core",0.249262532183801,5
"1142","kat;cot",0.322823373135242,5
"1143","zar;czar",1.59279597719838,5
"1144","dEr;dare",0.170850384661053,5
"1145","dark;dark",0.313351337695481,5
"1146","darn;darn",0.31884492467653,5
"1147","dIr;dear",0.161495120722761,5
"1148","dak;dock",0.182378199911709,5
"1149","dat;dot",0.146277071048504,5
"1150","Ir;ear",0.31721795732041,5
"1151","fEr;fair",0.313927998000453,5
"1152","far;far",1.89472552938874,5
"1153","fars;farce",0.163230961244295,5
"1154","farm;farm",0.198074316809805,5
"1155","fIr;fear",0.305420258467494,5
"1156","fYr;fire",0.197381867608319,5
"1157","fab;fob",0.330664702691264,5
"1158","fap;fop",0.195106088479799,5
"1159","for;for",0.301925466852792,5
"1160","garb;garb",0.248410154850627,5
"1161","gIr;gear",0.160298972237213,5
"1162","gab;gob",0.263658026213627,5
"1163","gor;gore",0.157135343262059,5
"1164","gat;got",0.150292343757791,5
"1165","gard;guard",0.295278078391598,5
"1166","hEr;hair",0.175780466306976,5
"1167","hard;hard",0.256213242786395,5
"1168","hark;hark",0.279272613560914,5
"1169","hIr;hear",0.166196117061673,5
"1170","hab;hob",0.2139390866532,5
"1171","hak;hock",0.190579341047037,5
"1172","hat;hot",0.155602795229093,5
"1173","Wr;hour",0.154027328005148,5
"1174","Yr;ire",0.211173392057734,5
"1175","Jar;jar",1.87048116958641,5
"1176","JIr;jeer",0.283241394560567,5
"1177","Jab;job",0.430024581516214,5
"1178","Jag;jog",0.261597998927075,5
"1179","JaS;josh",0.420562452438612,5
"1180","Jas;joss",0.224218376523281,5
"1181","Jat;jot",0.373135822504538,5
"1182","nab;knob",0.245772408221024,5
"1183","nak;knock",0.204602417134705,5
"1184","nat;knot",0.18707199737371,5
"1185","lEr;lair",0.196798184047771,5
"1186","lard;lard",0.299485825876645,5
"1187","larJ;large",0.336346095287638,5
"1188","lark;lark",0.323143440640166,5
"1189","lIr;leer",0.185526258883571,5
"1190","lab;lob",0.234302260487646,5
"1191","lak;loch",0.207587328022668,5
"1192","lor;lore",0.163437445171048,5
"1193","lat;lot",0.170254399844107,5
"1194","ma;ma",0.143378168914682,5
"1195","mar;mar",1.96393074390133,5
"1196","marC;march",0.240437130106553,5
"1197","mEr;mare",0.273730328198748,5
"1198","marJ;marge",0.513074631151713,5
"1199","mark;mark",0.475375979642164,5
"1200","marl;marl",0.222876215618523,5
"1201","marz;mars",0.20802251956682,5
"1202","marS;marsh",0.20802251956682,5
"1203","mart;mart",0.277083926650877,5
"1204","mIr;mere",0.264771491486096,5
"1205","mYr;mire",0.160881110042115,5
"1206","mab;mob",0.331398486555705,5
"1207","mak;mock",0.306706171982998,5
"1208","mal;moll",0.143476058348347,5
"1209","mor;moor",0.26141266253785,5
"1210","map;mop",0.199696321435801,5
"1211","maro;morrow",0.52723457258098,5
"1212","nard;nard",0.238029677165012,5
"1213","nIr;near",0.160298972237213,5
"1214","nor;nor",0.157135343262059,5
"1215","naC;notch",0.167693385747902,5
"1216","or;oar",0.313785575897779,5
"1217","ad;odd",0.134961093883028,5
"1218","pa;pa",0.184447191032598,5
"1219","pEr;pair",0.270484436346632,5
"1220","pam;palm",0.351225422954157,5
"1221","par;par",1.97675587243076,5
"1222","parx;para",0.146224483175343,5
"1223","parC;parch",0.179089092392323,5
"1224","pard;pard",0.39692531432859,5
"1225","park;park",0.412550914909439,5
"1226","pars;parse",0.181718122396362,5
"1227","part;part",0.225208974566155,5
"1228","pIr;peer",0.261488204878181,5
"1229","pak;pock",0.345744304893458,5
"1230","pad;pod",0.226570166245309,5
"1231","por;poor",0.258140647331125,5
"1232","pap;pop",0.23864335682488,5
"1233","paS;posh",0.37863058578219,5
"1234","pat;pot",0.320530920026041,5
"1235","sam;psalm",0.211579975337509,5
"1236","pYr;pyre",0.157941499464879,5
"1237","rEr;rare",0.175780466306976,5
"1238","rIr;rear",0.166196117061673,5
"1239","ror;roar",0.163071089122271,5
"1240","rab;rob",0.213994150417096,5
"1241","rak;rock",0.173123364365653,5
"1242","rat;rot",0.155661685546914,5
"1243","skar;scar",0.153266651708696,5
"1244","sIr;sear",0.160298972237213,5
"1245","Sard;shard",0.256227426133247,5
"1246","SEr;share",0.175780466306976,5
"1247","Sark;shark",0.279540464963087,5
"1248","SIr;shear",0.166196117061673,5
"1249","Sak;shock",0.180921335111726,5
"1250","Sor;shore",0.163071089122271,5
"1251","Sat;shot",0.146257635379397,5
"1252","sor;soar",0.157135343262059,5
"1253","sab;sob",0.237999028532791,5
"1254","sak;sock",0.196785721938477,5
"1255","saro;sorrow",0.273327628984177,5
"1256","sat;sot",0.179155169602283,5
"1257","spar;spar",0.146094792532346,5
"1258","star;star",0.166988177123431,5
"1259","tar;tar",1.91400627120911,5
"1260","tEr;tare",0.319680528718187,5
"1261","tarn;tarn",0.417868985566382,5
"1262","tart;tart",0.231895974673619,5
"1263","DEr;their",0.16574740683632,5
"1264","tIr;tier",0.310831311019113,5
"1265","tYr;tire",0.20536260164179,5
"1266","tag;tog",0.164437219692484,5
"1267","tap;top",0.199071389391666,5
"1268","tor;tor",0.307418939940009,5
"1269","tat;tot",0.292929835871234,5
"1270","tUr;tour",0.14812352306019,5
"1271","vIr;veer",0.155143235995996,5
"1272","wor;war",0.158549773154894,5
"1273","wEr;ware",0.171070100315452,5
"1274","wat;watt",0.138869859702714,5
"1275","hor;whore",0.163071089122271,5
"1276","yat;yacht",0.138869859702714,5
"1277","yard;yard",0.285905776342321,5
"1278","yarn;yarn",0.314913971559556,5
"1279","yIr;year",0.160298972237213,5
"1280","yor;yore",0.157135343262059,5
"1281","xfar;afar",0.190974186268464,6
"1282","Er;air",0.364713649939967,6
"1283","xJar;ajar",0.199194554013252,6
"1284","ark;arc",0.469171461881871,6
"1285","arC;arch",0.220376842767196,6
"1286","ar;are",1.61627069389617,6
"1287","arm;arm",0.253306590061289,6
"1288","art;art",0.28121998295765,6
"1289","beb;babe",0.132639080944919,6
"1290","b@k;back",0.255119040028368,6
"1291","bat;baht",1.40896660990769,6
"1292","bErn;bairn",0.369589275862905,6
"1293","bet;bait",0.190313139703058,6
"1294","bek;bake",0.203052526141077,6
"1295","bck;balk",0.176256531938604,6
"1296","bam;balm",1.34072984289018,6
"1297","bar;bar",4.44191481009403,6
"1298","barb;barb",1.77817793551479,6
"1299","barbd;barbed",0.431781530275275,6
"1300","barbX;barber",0.419821682916673,6
"1301","bard;bard",1.99495124493842,6
"1302","bEr;bare",0.976758692844939,6
"1303","barJ;barge",1.54434220465495,6
"1304","bark;bark",1.80507730915942,6
"1305","barkX;barker",0.245036042395561,6
"1306","barn;barn",1.73733370640931,6
"1307","b@ro;barrow",0.230759159891529,6
"1308","b@S;bash",0.286370639978697,6
"1309","b@t;bat",0.242413460900389,6
"1310","b@C;batch",0.303944669035681,6
"1311","biC;beach",0.290899220121142,6
"1312","bik;beak",0.241261994793495,6
"1313","bim;beam",0.269047691368021,6
"1314","bIrd;beard",0.221047884885013,6
"1315","bit;beat",0.228236148402381,6
"1316","bo;beau",0.124072268169977,6
"1317","boz;beaux",0.124072268169977,6
"1318","bEk;beck",0.271919949983351,6
"1319","bEd;bed",0.133216197153921,6
"1320","bIn;been",0.157030328026252,6
"1321","bIr;beer",0.930722951664038,6
"1322","bEg;beg",0.11984021332397,6
"1323","bEl;bell",0.130640011083543,6
"1324","bEri;berry",0.148048731861934,6
"1325","bErL;beryl",0.148048731861934,6
"1326","bEt;bet",0.258438042909646,6
"1327","bIb;bib",0.25132756347548,6
"1328","bId;bid",0.215256727078225,6
"1329","bIg;big",0.159181811330724,6
"1330","bYt;bight",0.164006778615769,6
"1331","bYk;bike",0.176256531938604,6
"1332","bIl;bill",0.169152802949889,6
"1333","bRC;birch",0.219834596668528,6
"1334","bIt;bit",0.295317358155184,6
"1335","bIC;bitch",0.370442750730099,6
"1336","blEr;blare",0.0835444548971859,6
"1337","blIr;blear",0.0774279810089469,6
"1338","blab;blob",0.188459843228753,6
"1339","blak;bloc",0.168199431050624,6
"1340","blat;blot",0.152116628142465,6
"1341","blaC;blotch",0.203120938917322,6
"1342","box;boa",0.124072268169977,6
"1343","bor;boar",0.936463556264438,6
"1344","bord;board",0.278471463516656,6
"1345","bot;boat",0.275368315273932,6
"1346","bab;bob",1.59786283208676,6
"1347","babL;bobble",0.170230451834307,6
"1348","babi;bobby",0.208746654749622,6
"1349","baCi;boccie",0.18239829206165,6
"1350","bak;bock",1.55070205001376,6
"1351","bod;bode",0.19551804143907,6
"1352","bol;bole",0.151401973563399,6
"1353","bamX;bomber",0.134023363981371,6
"1354","band;bond",0.117445300181094,6
"1355","bon;bone",0.193156214181417,6
"1356","bUk;book",0.230579179426793,6
"1357","bum;boom",0.215206906832028,6
"1358","but;boot",0.193460961914415,6
"1359","born;born",0.350153828389809,6
"1360","baro;borrow",1.75072440977442,6
"1361","baS;bosh",1.17983962945955,6
"1362","baC;botch",1.3003263401692,6
"1363","boT;both",0.124072268169977,6
"1364","batL;bottle",0.127418793533241,6
"1365","batM;bottom",0.0830035600539976,6
"1366","bct;bought",0.164006778615769,6
"1367","bWt;bout",0.150951907341544,6
"1368","baks;box",0.0682717501207794,6
"1369","b^k;buck",0.213474345742079,6
"1370","b^m;bum",0.234944226942957,6
"1371","bUS;bush",0.22630530019711,6
"1372","b^t;but",0.200978880390252,6
"1373","kam;calm",0.380558015924836,6
"1374","kar;car",1.6954040195888,6
"1375","kard;card",0.454789887082731,6
"1376","kEr;care",0.28876679505793,6
"1377","karp;carp",0.164595278099331,6
"1378","kart;cart",0.263093815783216,6
"1379","karv;carve",0.14704175141525,6
"1380","CEr;chair",0.320934054388955,6
"1381","Car;char",1.63390228280544,6
"1382","Card;chard",0.497474376397627,6
"1383","CarJ;charge",0.494152224405728,6
"1384","Carm;charm",0.278625781043493,6
"1385","Cart;chart",0.308067712934302,6
"1386","CIr;cheer",0.313354930378553,6
"1387","Cak;chock",0.341898058263737,6
"1388","Can;chon",0.161165509816387,6
"1389","Cap;chop",0.240904940846863,6
"1390","Cor;chore",0.308343628075587,6
"1391","kab;cob",0.43587246722158,6
"1392","kak;cock",0.388786324890189,6
"1393","kad;cod",0.275689201700597,6
"1394","kag;cog",0.254612934118964,6
"1395","kan;con",0.229741352577462,6
"1396","kap;cop",0.317379467331849,6
"1397","kor;core",0.276225215007525,6
"1398","kat;cot",0.387995298091891,6
"1399","zar;czar",1.29819452222161,6
"1400","dEr;dare",0.203460576921549,6
"1401","dark;dark",0.367234204133416,6
"1402","darn;darn",0.347159550473198,6
"1403","dIr;dear",0.194787581853973,6
"1404","dak;dock",0.224489421265887,6
"1405","dat;dot",0.181545083384976,6
"1406","Ir;ear",0.356647595893255,6
"1407","fEr;fair",0.347275877688947,6
"1408","far;far",1.64588623897633,6
"1409","fars;farce",0.17198590081407,6
"1410","farm;farm",0.217509065386363,6
"1411","fIr;fear",0.339505192832805,6
"1412","fYr;fire",0.217929769896343,6
"1413","fab;fob",0.365435738007304,6
"1414","fap;fop",0.218753171617802,6
"1415","for;for",0.334519394617684,6
"1416","garb;garb",0.250707453705573,6
"1417","gIr;gear",0.193149348878986,6
"1418","gab;gob",0.31456836800638,6
"1419","gor;gore",0.188543826466112,6
"1420","gat;got",0.187390082257761,6
"1421","gard;guard",0.35590225152497,6
"1422","hEr;hair",0.210544849922377,6
"1423","hard;hard",0.312436528225353,6
"1424","hark;hark",0.32483500995975,6
"1425","hIr;hear",0.201578352796799,6
"1426","hab;hob",0.257038075829123,6
"1427","hak;hock",0.235805684087862,6
"1428","hat;hot",0.194927247990139,6
"1429","Wr;hour",0.161237562248939,6
"1430","Yr;ire",0.237153285205679,6
"1431","Jar;jar",1.61795586888202,6
"1432","JIr;jeer",0.305036401560477,6
"1433","Jab;job",0.487411291243813,6
"1434","Jag;jog",0.292973733453874,6
"1435","JaS;josh",0.426625512522127,6
"1436","Jas;joss",0.243440987804663,6
"1437","Jat;jot",0.426950725025938,6
"1438","nab;knob",0.294518107875389,6
"1439","nak;knock",0.248941112546301,6
"1440","nat;knot",0.232023472529045,6
"1441","lEr;lair",0.235212544105631,6
"1442","lard;lard",0.367547126187439,6
"1443","larJ;large",0.354955012585594,6
"1444","lark;lark",0.380678508703303,6
"1445","lIr;leer",0.224432552293577,6
"1446","lab;lob",0.284404110632296,6
"1447","lak;loch",0.260004210489013,6
"1448","lor;lore",0.197750165258115,6
"1449","lat;lot",0.215653616794842,6
"1450","ma;ma",0.162993473068273,6
"1451","mar;mar",1.74454004201243,6
"1452","marC;march",0.298963493898739,6
"1453","mEr;mare",0.309168333701935,6
"1454","marJ;marge",0.563911036231815,6
"1455","mark;mark",0.561465000647309,6
"1456","marl;marl",0.2743828926154,6
"1457","marz;mars",0.254380310899733,6
"1458","marS;marsh",0.254380310899733,6
"1459","mart;mart",0.353516876211195,6
"1460","mIr;mere",0.300874551948617,6
"1461","mYr;mire",0.184000072844985,6
"1462","mab;mob",0.38264429947986,6
"1463","mak;mock",0.35992222318364,6
"1464","mal;moll",0.163888322871569,6
"1465","mor;moor",0.296046719711927,6
"1466","map;mop",0.240330464392924,6
"1467","maro;morrow",0.579063159255721,6
"1468","nard;nard",0.287416391402541,6
"1469","nIr;near",0.193149348878986,6
"1470","nor;nor",0.188543826466112,6
"1471","naC;notch",0.165287104391682,6
"1472","or;oar",0.351722282064195,6
"1473","ad;odd",0.138491272644348,6
"1474","pa;pa",0.21702997967011,6
"1475","pEr;pair",0.306130543215546,6
"1476","pam;palm",0.376922514067723,6
"1477","par;par",1.75712935817251,6
"1478","parx;para",0.170413350570969,6
"1479","parC;parch",0.216063075495232,6
"1480","pard;pard",0.476095239685914,6
"1481","park;park",0.47648933308214,6
"1482","pars;parse",0.214570838101352,6
"1483","part;part",0.283526951454516,6
"1484","pIr;peer",0.29779408374054,6
"1485","pak;pock",0.411825755307801,6
"1486","pad;pod",0.271689894107134,6
"1487","por;poor",0.292979140983452,6
"1488","pap;pop",0.292548200765145,6
"1489","paS;posh",0.394302380110488,6
"1490","pat;pot",0.385733636941715,6
"1491","sam;psalm",0.221655655074608,6
"1492","pYr;pyre",0.181302546993072,6
"1493","rEr;rare",0.210544849922377,6
"1494","rIr;rear",0.201578352796799,6
"1495","ror;roar",0.197017547034822,6
"1496","rab;rob",0.256917339609754,6
"1497","rak;rock",0.211714499295523,6
"1498","rat;rot",0.19480933304986,6
"1499","skar;scar",0.169027728504979,6
"1500","sIr;sear",0.193149348878986,6
"1501","Sard;shard",0.31245779136489,6
"1502","SEr;share",0.210544849922377,6
"1503","Sark;shark",0.325106872046243,6
"1504","SIr;shear",0.201578352796799,6
"1505","Sak;shock",0.22193799245333,6
"1506","Sor;shore",0.197017547034822,6
"1507","Sat;shot",0.181479980144522,6
"1508","sor;soar",0.188543826466112,6
"1509","sab;sob",0.287088370004889,6
"1510","sak;sock",0.241450100009253,6
"1511","saro;sorrow",0.273130778880124,6
"1512","sat;sot",0.224389754084499,6
"1513","spar;spar",0.163029791301727,6
"1514","star;star",0.181237819382117,6
"1515","tar;tar",1.6695904391367,6
"1516","tEr;tare",0.359127429762433,6
"1517","tarn;tarn",0.439675545493632,6
"1518","tart;tart",0.272147086642307,6
"1519","DEr;their",0.196198575011431,6
"1520","tIr;tier",0.350985978351414,6
"1521","tYr;tire",0.232134936881459,6
"1522","tag;tog",0.179996185878367,6
"1523","tap;top",0.228251867397962,6
"1524","tor;tor",0.346083540730359,6
"1525","tat;tot",0.335825221132419,6
"1526","tUr;tour",0.156117443775158,6
"1527","vIr;veer",0.185839565891364,6
"1528","wor;war",0.190459027981699,6
"1529","wEr;ware",0.203740363940172,6
"1530","wat;watt",0.170743196083389,6
"1531","hor;whore",0.197017547034822,6
"1532","yat;yacht",0.170743196083389,6
"1533","yard;yard",0.349647269572636,6
"1534","yarn;yarn",0.3425723242217,6
"1535","yIr;year",0.193149348878986,6
"1536","yor;yore",0.188543826466112,6
"1537","xfar;afar",0.191004793831332,7
"1538","Er;air",0.391342152310726,7
"1539","xJar;ajar",0.197901944476305,7
"1540","ark;arc",0.502492331131749,7
"1541","arC;arch",0.239232168041773,7
"1542","ar;are",1.4101051655891,7
"1543","arm;arm",0.274908227427842,7
"1544","art;art",0.316632208287912,7
"1545","beb;babe",0.134069609702851,7
"1546","b@k;back",0.288900920188734,7
"1547","bat;baht",1.26302803133098,7
"1548","bErn;bairn",0.366913133001689,7
"1549","bet;bait",0.21926358873754,7
"1550","bek;bake",0.229205957095861,7
"1551","bck;balk",0.19910255126465,7
"1552","bam;balm",1.15107874685829,7
"1553","bar;bar",3.37791918598304,7
"1554","barb;barb",1.57635929937848,7
"1555","barbd;barbed",0.427268659371553,7
"1556","barbX;barber",0.432042337212179,7
"1557","bard;bard",1.83673755443487,7
"1558","bEr;bare",0.872199783408454,7
"1559","barJ;barge",1.3389444412731,7
"1560","bark;bark",1.61889819011449,7
"1561","barkX;barker",0.25265754532254,7
"1562","barn;barn",1.54800120813675,7
"1563","b@ro;barrow",0.212642047155454,7
"1564","b@S;bash",0.281859128602601,7
"1565","b@t;bat",0.279187067951585,7
"1566","b@C;batch",0.315972040823427,7
"1567","biC;beach",0.303028512813524,7
"1568","bik;beak",0.274947689844432,7
"1569","bim;beam",0.276381925197268,7
"1570","bIrd;beard",0.21767958956263,7
"1571","bit;beat",0.264826637769156,7
"1572","bo;beau",0.134807235452218,7
"1573","boz;beaux",0.134807235452218,7
"1574","bEk;beck",0.295127780766568,7
"1575","bEd;bed",0.142894701911341,7
"1576","bIn;been",0.17333320888385,7
"1577","bIr;beer",0.820884172221947,7
"1578","bEg;beg",0.126034311359036,7
"1579","bEl;bell",0.139108078731037,7
"1580","bEri;berry",0.154441903177162,7
"1581","bErL;beryl",0.154441903177162,7
"1582","bEt;bet",0.283912913308783,7
"1583","bIb;bib",0.259570718469452,7
"1584","bId;bid",0.237873768814749,7
"1585","bIg;big",0.17460335656415,7
"1586","bYt;bight",0.18965604668764,7
"1587","bYk;bike",0.19910255126465,7
"1588","bIl;bill",0.187055181237858,7
"1589","bRC;birch",0.219257005956089,7
"1590","bIt;bit",0.330921032446643,7
"1591","bIC;bitch",0.383338423530998,7
"1592","blEr;blare",0.0803787279694397,7
"1593","blIr;blear",0.0742958275704939,7
"1594","blab;blob",0.198905328903663,7
"1595","blak;bloc",0.17990539507936,7
"1596","blat;blot",0.164177209503503,7
"1597","blaC;blotch",0.202450611245815,7
"1598","box;boa",0.134807235452218,7
"1599","bor;boar",0.828029498604513,7
"1600","bord;board",0.279413924265645,7
"1601","bot;boat",0.308410950143143,7
"1602","bab;bob",1.42607967283706,7
"1603","babL;bobble",0.177457864996572,7
"1604","babi;bobby",0.214659706728216,7
"1605","baCi;boccie",0.176002806700731,7
"1606","bak;bock",1.38664468933043,7
"1607","bod;bode",0.21752288050504,7
"1608","bol;bole",0.167385313536153,7
"1609","bamX;bomber",0.118578214409539,7
"1610","band;bond",0.111221367062611,7
"1611","bon;bone",0.212275692850112,7
"1612","bUk;book",0.254129884405484,7
"1613","bum;boom",0.213145922889598,7
"1614","but;boot",0.220264714501378,7
"1615","born;born",0.344656436153497,7
"1616","baro;borrow",1.54686088985439,7
"1617","baS;bosh",0.987498612885723,7
"1618","baC;botch",1.11644490454894,7
"1619","boT;both",0.134807235452218,7
"1620","batL;bottle",0.133552125957029,7
"1621","batM;bottom",0.083458342820397,7
"1622","bct;bought",0.18965604668764,7
"1623","bWt;bout",0.173308746940333,7
"1624","baks;box",0.0618269830963496,7
"1625","b^k;buck",0.241220534288154,7
"1626","b^m;bum",0.236763824416861,7
"1627","bUS;bush",0.213591649982002,7
"1628","b^t;but",0.231621866841706,7
"1629","kam;calm",0.394617719260905,7
"1630","kar;car",1.50853994068273,7
"1631","kard;card",0.508948405454363,7
"1632","kEr;care",0.308623984590095,7
"1633","karp;carp",0.176730942783877,7
"1634","kart;cart",0.301542572214703,7
"1635","karv;carve",0.154698507348726,7
"1636","CEr;chair",0.340244107749843,7
"1637","Car;char",1.43113974513396,7
"1638","Card;chard",0.550180538246995,7
"1639","CarJ;charge",0.496465468821719,7
"1640","Carm;charm",0.302152924954823,7
"1641","Cart;chart",0.345877959367301,7
"1642","CIr;cheer",0.334031239542881,7
"1643","Cak;chock",0.368410060854378,7
"1644","Can;chon",0.163610795620519,7
"1645","Cap;chop",0.26123821340085,7
"1646","Cor;chore",0.327658806269783,7
"1647","kab;cob",0.486954835638265,7
"1648","kak;cock",0.438155565148266,7
"1649","kad;cod",0.310974983166571,7
"1650","kag;cog",0.28625497440772,7
"1651","kan;con",0.255005796758898,7
"1652","kap;cop",0.365720679363656,7
"1653","kor;core",0.296115323870834,7
"1654","kat;cot",0.444010348319119,7
"1655","zar;czar",1.06659716146576,7
"1656","dEr;dare",0.230629745085492,7
"1657","dark;dark",0.406846538785381,7
"1658","darn;darn",0.359740484471005,7
"1659","dIr;dear",0.2234017202175,7
"1660","dak;dock",0.261535905767493,7
"1661","dat;dot",0.214329776474187,7
"1662","Ir;ear",0.384659292718165,7
"1663","fEr;fair",0.370048211029232,7
"1664","far;far",1.44100769233526,7
"1665","fars;farce",0.174227134209928,7
"1666","farm;farm",0.227465609281379,7
"1667","fIr;fear",0.363655025502375,7
"1668","fYr;fire",0.229679922771245,7
"1669","fab;fob",0.389316567533626,7
"1670","fap;fop",0.235185450162625,7
"1671","for;for",0.357297153971787,7
"1672","garb;garb",0.245164751538374,7
"1673","gIr;gear",0.221391497631584,7
"1674","gab;gob",0.352688979238141,7
"1675","gor;gore",0.215422525849214,7
"1676","gat;got",0.221530249438193,7
"1677","gard;guard",0.403889864733276,7
"1678","hEr;hair",0.239741011228448,7
"1679","hard;hard",0.360592103073061,7
"1680","hark;hark",0.360016758152432,7
"1681","hIr;hear",0.232173395326083,7
"1682","hab;hob",0.292803125038303,7
"1683","hak;hock",0.275800996873121,7
"1684","hat;hot",0.23147822794713,7
"1685","Wr;hour",0.162405097807492,7
"1686","Yr;ire",0.252659942740032,7
"1687","Jar;jar",1.40953713703308,7
"1688","JIr;jeer",0.319242764528527,7
"1689","Jab;job",0.525480212675734,7
"1690","Jag;jog",0.310078191035069,7
"1691","JaS;josh",0.417524928884571,7
"1692","Jas;joss",0.251164149382917,7
"1693","Jat;jot",0.465766555034154,7
"1694","nab;knob",0.332788195128459,7
"1695","nak;knock",0.285864530252177,7
"1696","nat;knot",0.271041307137369,7
"1697","lEr;lair",0.265986915512129,7
"1698","lard;lard",0.423545578162914,7
"1699","larJ;large",0.359943815715705,7
"1700","lark;lark",0.423776509374252,7
"1701","lIr;leer",0.256557878212512,7
"1702","lab;lob",0.325599879326458,7
"1703","lak;loch",0.305942540478922,7
"1704","lor;lore",0.227241611879288,7
"1705","lat;lot",0.257275673483501,7
"1706","ma;ma",0.177624598407597,7
"1707","mar;mar",1.57331055411319,7
"1708","marC;march",0.347668367916454,7
"1709","mEr;mare",0.335880566589982,7
"1710","marJ;marge",0.5941781926971,7
"1711","mark;mark",0.629095186699128,7
"1712","marl;marl",0.316871429059112,7
"1713","marz;mars",0.292557502564937,7
"1714","marS;marsh",0.292557502564937,7
"1715","mart;mart",0.419143463729608,7
"1716","mIr;mere",0.328948301165299,7
"1717","mYr;mire",0.199725328154185,7
"1718","mab;mob",0.422439706216736,7
"1719","mak;mock",0.403953275582735,7
"1720","mal;moll",0.179676572797111,7
"1721","mor;moor",0.322753492041396,7
"1722","map;mop",0.272767002944033,7
"1723","maro;morrow",0.607389700141099,7
"1724","nard;nard",0.329689894330574,7
"1725","nIr;near",0.221391497631584,7
"1726","nor;nor",0.215422525849214,7
"1727","naC;notch",0.159698697074256,7
"1728","or;oar",0.378353293427562,7
"1729","ad;odd",0.137894897690615,7
"1730","pa;pa",0.240767221817413,7
"1731","pEr;pair",0.333118010697725,7
"1732","pam;palm",0.38918487626121,7
"1733","par;par",1.58350354823796,7
"1734","parx;para",0.190285613897459,7
"1735","parC;parch",0.247120558280922,7
"1736","pard;pard",0.543105489156943,7
"1737","park;park",0.525929469843067,7
"1738","pars;parse",0.239903298576765,7
"1739","part;part",0.334495469439234,7
"1740","pIr;peer",0.326142329236355,7
"1741","pak;pock",0.464961131007389,7
"1742","pad;pod",0.304985451001864,7
"1743","por;poor",0.319960654826387,7
"1744","pap;pop",0.334617439561956,7
"1745","paS;posh",0.396944550928126,7
"1746","pat;pot",0.44035543965477,7
"1747","sam;psalm",0.224803354184311,7
"1748","pYr;pyre",0.197301329172523,7
"1749","rEr;rare",0.239741011228448,7
"1750","rIr;rear",0.232173395326083,7
"1751","ror;roar",0.226251043518124,7
"1752","rab;rob",0.292465336545495,7
"1753","rak;rock",0.245979065734099,7
"1754","rat;rot",0.23113915842602,7
"1755","skar;scar",0.17721271644123,7
"1756","sIr;sear",0.221391497631584,7
"1757","Sard;shard",0.360616774935103,7
"1758","SEr;share",0.239741011228448,7
"1759","Sark;shark",0.36025309396166,7
"1760","SIr;shear",0.232173395326083,7
"1761","Sak;shock",0.258015745792429,7
"1762","Sor;shore",0.226251043518124,7
"1763","Sat;shot",0.214201263084569,7
"1764","sor;soar",0.215422525849214,7
"1765","sab;sob",0.326677444589905,7
"1766","sak;sock",0.279686696406694,7
"1767","saro;sorrow",0.262781014612538,7
"1768","sat;sot",0.264706090275505,7
"1769","spar;spar",0.17243191952413,7
"1770","star;star",0.18770159063726,7
"1771","tar;tar",1.46963005615816,7
"1772","tEr;tare",0.386848631832969,7
"1773","tarn;tarn",0.443772924904936,7
"1774","tart;tart",0.302412659238686,7
"1775","DEr;their",0.221362905233847,7
"1776","tIr;tier",0.380091408221865,7
"1777","tYr;tire",0.248713940858888,7
"1778","tag;tog",0.188989415947416,7
"1779","tap;top",0.24941658953808,7
"1780","tor;tor",0.37380801227545,7
"1781","tat;tot",0.370572975446163,7
"1782","tUr;tour",0.158362628440698,7
"1783","vIr;veer",0.212090589583048,7
"1784","wor;war",0.217749882924256,7
"1785","wEr;ware",0.230951282315347,7
"1786","wat;watt",0.200248155803974,7
"1787","hor;whore",0.226251043518124,7
"1788","yat;yacht",0.200248155803974,7
"1789","yard;yard",0.402112087764843,7
"1790","yarn;yarn",0.355100737875691,7
"1791","yIr;year",0.221391497631584,7
"1792","yor;yore",0.215422525849214,7
"1793","xfar;afar",0.185005874488499,8
"1794","Er;air",0.409865055019419,8
"1795","xJar;ajar",0.190750206228269,8
"1796","ark;arc",0.525002003113898,8
"1797","arC;arch",0.25289282567919,8
"1798","ar;are",1.24875274907442,8
"1799","arm;arm",0.28854200870808,8
"1800","art;art",0.344361303957142,8
"1801","beb;babe",0.133759814783575,8
"1802","b@k;back",0.31354913139741,8
"1803","bat;baht",1.16696390873751,8
"1804","bErn;bairn",0.356539608545379,8
"1805","bet;bait",0.243802973720175,8
"1806","bek;bake",0.249838817108855,8
"1807","bck;balk",0.217896578314358,8
"1808","bam;balm",1.00274474751315,8
"1809","bar;bar",2.70414839919462,8
"1810","barb;barb",1.40802784055261,8
"1811","barbd;barbed",0.412794549657648,8
"1812","barbX;barber",0.42921496313424,8
"1813","bard;bard",1.70442129285707,8
"1814","bEr;bare",0.80992393001167,8
"1815","barJ;barge",1.17572668160799,8
"1816","bark;bark",1.47067706669953,8
"1817","barkX;barker",0.252299101867116,8
"1818","barn;barn",1.390702277812,8
"1819","b@ro;barrow",0.192257739680749,8
"1820","b@S;bash",0.271575361484443,8
"1821","b@t;bat",0.307895166854661,8
"1822","b@C;batch",0.318691441943376,8
"1823","biC;beach",0.306843019643492,8
"1824","bik;beak",0.300615257986186,8
"1825","bim;beam",0.276383455140161,8
"1826","bIrd;beard",0.211163249832672,8
"1827","bit;beat",0.294514963051559,8
"1828","bo;beau",0.143942876652974,8
"1829","boz;beaux",0.143942876652974,8
"1830","bEk;beck",0.314008308482523,8
"1831","bEd;bed",0.150664013463355,8
"1832","bIn;been",0.185669237375463,8
"1833","bIr;beer",0.757167655936102,8
"1834","bEg;beg",0.131069341014724,8
"1835","bEl;bell",0.146021303047475,8
"1836","bEri;berry",0.156425654842798,8
"1837","bErL;beryl",0.156425654842798,8
"1838","bEt;bet",0.306239629637657,8
"1839","bIb;bib",0.263756540478718,8
"1840","bId;bid",0.253569486589798,8
"1841","bIg;big",0.186114001623008,8
"1842","bYt;bight",0.212372336148403,8
"1843","bYk;bike",0.217896578314358,8
"1844","bIl;bill",0.200663366966727,8
"1845","bRC;birch",0.214207490671188,8
"1846","bIt;bit",0.360683583502203,8
"1847","bIC;bitch",0.388028551455699,8
"1848","blEr;blare",0.0771682192448765,8
"1849","blIr;blear",0.0711114907852701,8
"1850","blab;blob",0.204101225253019,8
"1851","blak;bloc",0.186526874778226,8
"1852","blat;blot",0.171416876766045,8
"1853","blaC;blotch",0.198464287608058,8
"1854","box;boa",0.143942876652974,8
"1855","bor;boar",0.765081356717598,8
"1856","bord;board",0.273881527569334,8
"1857","bot;boat",0.337323426178707,8
"1858","bab;bob",1.29689078154996,8
"1859","babL;bobble",0.179175139601215,8
"1860","babi;bobby",0.213317767527441,8
"1861","baCi;boccie",0.1667182097749,8
"1862","bak;bock",1.26937247232975,8
"1863","bod;bode",0.233880593025369,8
"1864","bol;bole",0.180616348085043,8
"1865","bamX;bomber",0.103561366699319,8
"1866","band;bond",0.103945882332223,8
"1867","bon;bone",0.225787742095769,8
"1868","bUk;book",0.270049443873077,8
"1869","bum;boom",0.206731126918365,8
"1870","but;boot",0.24198329640953,8
"1871","born;born",0.332214770390526,8
"1872","baro;borrow",1.37205545388531,8
"1873","baS;bosh",0.842741631998833,8
"1874","baC;botch",0.976304604406382,8
"1875","boT;both",0.143942876652974,8
"1876","batL;bottle",0.135790901153596,8
"1877","batM;bottom",0.0825618007069236,8
"1878","bct;bought",0.212372336148403,8
"1879","bWt;bout",0.193162098389896,8
"1880","baks;box",0.0556750038576467,8
"1881","b^k;buck",0.262638376462838,8
"1882","b^m;bum",0.233298799218425,8
"1883","bUS;bush",0.198474995406963,8
"1884","b^t;but",0.25702520447208,8
"1885","kam;calm",0.401587639686689,8
"1886","kar;car",1.36505773837767,8
"1887","kard;card",0.552521634743585,8
"1888","kEr;care",0.323677418086355,8
"1889","karp;carp",0.185446010452798,8
"1890","kart;cart",0.332803862183431,8
"1891","karv;carve",0.159704120760603,8
"1892","CEr;chair",0.354106411844933,8
"1893","Car;char",1.27206568576265,8
"1894","Card;chard",0.590021205769269,8
"1895","CarJ;charge",0.488838232716348,8
"1896","Carm;charm",0.315918306151472,8
"1897","Cart;chart",0.374029383200192,8
"1898","CIr;cheer",0.34975059115122,8
"1899","Cak;chock",0.388743927813853,8
"1900","Can;chon",0.163118849270378,8
"1901","Cap;chop",0.274919224435459,8
"1902","Cor;chore",0.342174372884888,8
"1903","kab;cob",0.526900178878702,8
"1904","kak;cock",0.479023885842599,8
"1905","kad;cod",0.337511582297717,8
"1906","kag;cog",0.309612955252253,8
"1907","kan;con",0.273538092080433,8
"1908","kap;cop",0.403518443454914,8
"1909","kor;core",0.311852688268019,8
"1910","kat;cot",0.492066615656004,8
"1911","zar;czar",0.890266305818847,8
"1912","dEr;dare",0.253189401928383,8
"1913","dark;dark",0.434899973948835,8
"1914","darn;darn",0.361601403727477,8
"1915","dIr;dear",0.24797731526218,8
"1916","dak;dock",0.293711880485095,8
"1917","dat;dot",0.244617913334838,8
"1918","Ir;ear",0.405073883410052,8
"1919","fEr;fair",0.386075441221767,8
"1920","far;far",1.27716671133553,8
"1921","fars;farce",0.172710709617234,8
"1922","farm;farm",0.230887081161323,8
"1923","fIr;fear",0.381557992535613,8
"1924","fYr;fire",0.235406222377164,8
"1925","fab;fob",0.405988686825908,8
"1926","fap;fop",0.246400361662687,8
"1927","for;for",0.373984741771095,8
"1928","garb;garb",0.236290208109697,8
"1929","gIr;gear",0.245676341958605,8
"1930","gab;gob",0.38061922358182,8
"1931","gor;gore",0.238473107151433,8
"1932","gat;got",0.252614434887546,8
"1933","gard;guard",0.441184713589492,8
"1934","hEr;hair",0.264129760630742,8
"1935","hard;hard",0.400840859927802,8
"1936","hark;hark",0.386939745010608,8
"1937","hIr;hear",0.258547929603264,8
"1938","hab;hob",0.322010137061852,8
"1939","hak;hock",0.310741308205243,8
"1940","hat;hot",0.265093862844225,8
"1941","Wr;hour",0.160396389156049,8
"1942","Yr;ire",0.26071426033246,8
"1943","Jar;jar",1.24214808467522,8
"1944","JIr;jeer",0.329595963549599,8
"1945","Jab;job",0.549342190274915,8
"1946","Jag;jog",0.317011467204632,8
"1947","JaS;josh",0.401275784520854,8
"1948","Jas;joss",0.251374783341927,8
"1949","Jat;jot",0.493816649574981,8
"1950","nab;knob",0.362463113918808,8
"1951","nak;knock",0.316712593398491,8
"1952","nat;knot",0.30505845870882,8
"1953","lEr;lair",0.29064956601149,8
"1954","lard;lard",0.468277406923518,8
"1955","larJ;large",0.357268526223794,8
"1956","lark;lark",0.455196623393889,8
"1957","lIr;leer",0.28317744197318,8
"1958","lab;lob",0.358657391054154,8
"1959","lak;loch",0.345298643917859,8
"1960","lor;lore",0.252493667518546,8
"1961","lat;lot",0.294748060764941,8
"1962","ma;ma",0.188689922876333,8
"1963","mar;mar",1.44442675245512,8
"1964","marC;march",0.38680257286102,8
"1965","mEr;mare",0.356606596686013,8
"1966","marJ;marge",0.610893758149149,8
"1967","mark;mark",0.681133537463652,8
"1968","marl;marl",0.350775552384164,8
"1969","marz;mars",0.322964665774737,8
"1970","marS;marsh",0.322964665774737,8
"1971","mart;mart",0.47314293928132,8
"1972","mIr;mere",0.351574106741007,8
"1973","mYr;mire",0.20989002461079,8
"1974","mab;mob",0.453413902730169,8
"1975","mak;mock",0.44076171669429,8
"1976","mal;moll",0.19210092912277,8
"1977","mor;moor",0.344156869117442,8
"1978","map;mop",0.298095605560143,8
"1979","maro;morrow",0.619928093222228,8
"1980","nard;nard",0.365102324461155,8
"1981","nIr;near",0.245676341958605,8
"1982","nor;nor",0.238473107151433,8
"1983","naC;notch",0.15377033380021,8
"1984","or;oar",0.397542210296633,8
"1985","ad;odd",0.135439978576369,8
"1986","pa;pa",0.257457082698997,8
"1987","pEr;pair",0.354082094269078,8
"1988","pam;palm",0.39339560900468,8
"1989","par;par",1.45086423750919,8
"1990","parx;para",0.206740484636139,8
"1991","parC;parch",0.272889488826072,8
"1992","pard;pard",0.598886218771576,8
"1993","park;park",0.564141631820955,8
"1994","pars;parse",0.259308367270562,8
"1995","part;part",0.377678256535401,8
"1996","pIr;peer",0.349008038689283,8
"1997","pak;pock",0.507367585197288,8
"1998","pad;pod",0.328652582229579,8
"1999","por;poor",0.341603392572535,8
"2000","pap;pop",0.366100388643678,8
"2001","paS;posh",0.392937313549407,8
"2002","pat;pot",0.485956525674122,8
"2003","sam;psalm",0.224409150386042,8
"2004","pYr;pyre",0.207684325194513,8
"2005","rEr;rare",0.264129760630742,8
"2006","rIr;rear",0.258547929603264,8
"2007","ror;roar",0.251390540390256,8
"2008","rab;rob",0.321455419108301,8
"2009","rak;rock",0.276194043489342,8
"2010","rat;rot",0.264531547180525,8
"2011","skar;scar",0.18005652534507,8
"2012","sIr;sear",0.245676341958605,8
"2013","Sard;shard",0.4008650920329,8
"2014","SEr;share",0.264129760630742,8
"2015","Sark;shark",0.387119663669011,8
"2016","SIr;shear",0.258547929603264,8
"2017","Sak;shock",0.289494382773752,8
"2018","Sor;shore",0.251390540390256,8
"2019","Sat;shot",0.244422549651411,8
"2020","sor;soar",0.238473107151433,8
"2021","sab;sob",0.358007076400054,8
"2022","sak;sock",0.312194230338644,8
"2023","saro;sorrow",0.247696708416346,8
"2024","sat;sot",0.30039279011008,8
"2025","spar;spar",0.176359150723998,8
"2026","star;star",0.188865652716811,8
"2027","tar;tar",1.31101281697683,8
"2028","tEr;tare",0.40653376025003,8
"2029","tarn;tarn",0.43724684913112,8
"2030","tart;tart",0.324559529989982,8
"2031","DEr;their",0.242132218788636,8
"2032","tIr;tier",0.401676536667083,8
"2033","tYr;tire",0.257858668437061,8
"2034","tag;tog",0.193578880923362,8
"2035","tap;top",0.264410226890283,8
"2036","tor;tor",0.394164976071914,8
"2037","tat;tot",0.399660092689399,8
"2038","tUr;tour",0.157458365801044,8
"2039","vIr;veer",0.234601736597664,8
"2040","wor;war",0.241116946264355,8
"2041","wEr;ware",0.253538257617576,8
"2042","wat;watt",0.227510635733312,8
"2043","hor;whore",0.251390540390256,8
"2044","yat;yacht",0.227510635733312,8
"2045","yard;yard",0.443911514265096,8
"2046","yarn;yarn",0.3573645176544,8
"2047","yIr;year",0.245676341958605,8
"2048","yor;yore",0.238473107151433,8
"2049","xfar;afar",0.175667341893971,9
"2050","Er;air",0.423108105887506,9
"2051","xJar;ajar",0.18044369938236,9
"2052","ark;arc",0.539993817765343,9
"2053","arC;arch",0.262744127343385,9
"2054","ar;are",1.12446976195614,9
"2055","arm;arm",0.29638964256853,9
"2056","art;art",0.365664836665055,9
"2057","beb;babe",0.132876817325485,9
"2058","b@k;back",0.330938307834734,9
"2059","bat;baht",1.10627070580031,9
"2060","bErn;bairn",0.342422366352419,9
"2061","bet;bait",0.264701207334981,9
"2062","bek;bake",0.266022990847007,9
"2063","bck;balk",0.233190279884087,9
"2064","bam;balm",0.88730788278724,9
"2065","bar;bar",2.25643729580243,9
"2066","barb;barb",1.26817470857923,9
"2067","barbd;barbed",0.393187685962785,9
"2068","barbX;barber",0.416882740671137,9
"2069","bard;bard",1.59433395726466,9
"2070","bEr;bare",0.773291609166696,9
"2071","barJ;barge",1.04632772885896,9
"2072","bark;bark",1.3526501823923,9
"2073","barkX;barker",0.246707947012583,9
"2074","barn;barn",1.25997903167541,9
"2075","b@ro;barrow",0.172354172834003,9
"2076","b@S;bash",0.259016091872283,9
"2077","b@t;bat",0.330089611508824,9
"2078","b@C;batch",0.315632879726784,9
"2079","biC;beach",0.305363635143561,9
"2080","bik;beak",0.319609512612463,9
"2081","bim;beam",0.272030184022284,9
"2082","bIrd;beard",0.203556058677569,9
"2083","bit;beat",0.318317573259944,9
"2084","bo;beau",0.15197985839687,9
"2085","boz;beaux",0.15197985839687,9
"2086","bEk;beck",0.32968512248209,9
"2087","bEd;bed",0.157216646519807,9
"2088","bIn;been",0.19494697581058,9
"2089","bIr;beer",0.721883257250142,9
"2090","bEg;beg",0.135581295183654,9
"2091","bEl;bell",0.15209628534407,9
"2092","bEri;berry",0.155513190942269,9
"2093","bErL;beryl",0.155513190942269,9
"2094","bEt;bet",0.32628162284817,9
"2095","bIb;bib",0.265847193793397,9
"2096","bId;bid",0.264321623842509,9
"2097","bIg;big",0.194774618148652,9
"2098","bYt;bight",0.232407526418874,9
"2099","bYk;bike",0.233190279884087,9
"2100","bIl;bill",0.211071926484976,9
"2101","bRC;birch",0.206972616828442,9
"2102","bIt;bit",0.385695952466174,9
"2103","bIC;bitch",0.387811058049013,9
"2104","blEr;blare",0.0745600015932455,9
"2105","blIr;blear",0.0685511660736296,9
"2106","blab;blob",0.20592232926226,9
"2107","blak;bloc",0.189800603916605,9
"2108","blat;blot",0.17540957889991,9
"2109","blaC;blotch",0.192986818576311,9
"2110","box;boa",0.15197985839687,9
"2111","bor;boar",0.730051818940407,9
"2112","bord;board",0.265232832891144,9
"2113","bot;boat",0.362877538637106,9
"2114","bab;bob",1.19961751731041,9
"2115","babL;bobble",0.177247138403885,9
"2116","babi;bobby",0.207675749964086,9
"2117","baCi;boccie",0.156462243234576,9
"2118","bak;bock",1.18718458802972,9
"2119","bod;bode",0.246142552661077,9
"2120","bol;bole",0.191860264405768,9
"2121","bamX;bomber",0.0903477890232423,9
"2122","band;bond",0.0968261330834027,9
"2123","bon;bone",0.235435138179309,9
"2124","bUk;book",0.280599649805161,9
"2125","bum;boom",0.198377141000018,9
"2126","but;boot",0.259715241941444,9
"2127","born;born",0.316843683686509,9
"2128","baro;borrow",1.22422264524512,9
"2129","baS;bosh",0.733857022607438,9
"2130","baC;botch",0.869299815332999,9
"2131","boT;both",0.15197985839687,9
"2132","batL;bottle",0.13555965797242,9
"2133","batM;bottom",0.0810739511644167,9
"2134","bct;bought",0.232407526418874,9
"2135","bWt;bout",0.210765794035869,9
"2136","baks;box",0.0505048675061404,9
"2137","b^k;buck",0.278901242966807,9
"2138","b^m;bum",0.227107354353134,9
"2139","bUS;bush",0.183534862333705,9
"2140","b^t;but",0.278053656415917,9
"2141","kam;calm",0.404539296508479,9
"2142","kar;car",1.25666720398197,9
"2143","kard;card",0.587359182755066,9
"2144","kEr;care",0.335729373880004,9
"2145","karp;carp",0.191909204820603,9
"2146","kart;cart",0.357908229716462,9
"2147","karv;carve",0.163208472944178,9
"2148","CEr;chair",0.364766384373621,9
"2149","Car;char",1.14917906237987,9
"2150","Card;chard",0.6197191779005,9
"2151","CarJ;charge",0.476506487828921,9
"2152","Carm;charm",0.322730168495672,9
"2153","Cart;chart",0.394417516483363,9
"2154","CIr;cheer",0.362657523839159,9
"2155","Cak;chock",0.405130974750981,9
"2156","Can;chon",0.161297561324406,9
"2157","Cap;chop",0.283904593999777,9
"2158","Cor;chore",0.354028946450389,9
"2159","kab;cob",0.557867079997228,9
"2160","kak;cock",0.512956973169621,9
"2161","kad;cod",0.357215041621905,9
"2162","kag;cog",0.326389205816022,9
"2163","kan;con",0.287024153159149,9
"2164","kap;cop",0.432421341102543,9
"2165","kor;core",0.325129668398003,9
"2166","kat;cot",0.533340590872413,9
"2167","zar;czar",0.757960202968627,9
"2168","dEr;dare",0.271947619585574,9
"2169","dark;dark",0.454029539652305,9
"2170","darn;darn",0.35657080104802,9
"2171","dIr;dear",0.269171142637699,9
"2172","dak;dock",0.32146937164543,9
"2173","dat;dot",0.272451115995478,9
"2174","Ir;ear",0.420598706275833,9
"2175","fEr;fair",0.397841784037708,9
"2176","far;far",1.14767802436332,9
"2177","fars;farce",0.169215119280047,9
"2178","farm;farm",0.230077204847817,9
"2179","fIr;fear",0.395589057539981,9
"2180","fYr;fire",0.237246618761913,9
"2181","fab;fob",0.417782438140779,9
"2182","fap;fop",0.253871656034962,9
"2183","for;for",0.386953802992241,9
"2184","garb;garb",0.226464866077863,9
"2185","gIr;gear",0.266658840096283,9
"2186","gab;gob",0.400880071076071,9
"2187","gor;gore",0.258359258231719,9
"2188","gat;got",0.28074534958143,9
"2189","gard;guard",0.469818155685336,9
"2190","hEr;hair",0.284502095341399,9
"2191","hard;hard",0.433778372686548,9
"2192","hark;hark",0.407357042953466,9
"2193","hIr;hear",0.281338294536388,9
"2194","hab;hob",0.345597477651573,9
"2195","hak;hock",0.341065677079315,9
"2196","hat;hot",0.295777220101613,9
"2197","Wr;hour",0.157001672446192,9
"2198","Yr;ire",0.263852888717218,9
"2199","Jar;jar",1.10913649088348,9
"2200","JIr;jeer",0.338090763021912,9
"2201","Jab;job",0.563243113116711,9
"2202","Jag;jog",0.317268012806074,9
"2203","JaS;josh",0.382509688153621,9
"2204","Jas;joss",0.247117332914483,9
"2205","Jat;jot",0.514484873372237,9
"2206","nab;knob",0.385422842433118,9
"2207","nak;knock",0.342774623062738,9
"2208","nat;knot",0.335029745501842,9
"2209","lEr;lair",0.310635091863496,9
"2210","lard;lard",0.503243383793939,9
"2211","larJ;large",0.35068249465844,9
"2212","lark;lark",0.477604500713121,9
"2213","lIr;leer",0.305554526735107,9
"2214","lab;lob",0.384750729506365,9
"2215","lak;loch",0.378610463542914,9
"2216","lor;lore",0.274173350209411,9
"2217","lat;lot",0.328150606270813,9
"2218","ma;ma",0.197204034352751,9
"2219","mar;mar",1.34888132873271,9
"2220","marC;march",0.41741436424065,9
"2221","mEr;mare",0.373172164019805,9
"2222","marJ;marge",0.618864210461713,9
"2223","mark;mark",0.720426589892638,9
"2224","marl;marl",0.377131867525933,9
"2225","marz;mars",0.346520252538077,9
"2226","marS;marsh",0.346520252538077,9
"2227","mart;mart",0.516169227032132,9
"2228","mIr;mere",0.370452562948345,9
"2229","mYr;mire",0.216105688819733,9
"2230","mab;mob",0.477598934421867,9
"2231","mak;mock",0.471826289155381,9
"2232","mal;moll",0.202021749974755,9
"2233","mor;moor",0.361958904518307,9
"2234","map;mop",0.31760886036925,9
"2235","maro;morrow",0.622340333309346,9
"2236","nard;nard",0.394171032978961,9
"2237","nIr;near",0.266658840096283,9
"2238","nor;nor",0.258359258231719,9
"2239","naC;notch",0.148659704648565,9
"2240","or;oar",0.41199591722943,9
"2241","ad;odd",0.132355968407978,9
"2242","pa;pa",0.268903246064391,9
"2243","pEr;pair",0.370807666595916,9
"2244","pam;palm",0.393091488023867,9
"2245","par;par",1.35098888031841,9
"2246","parx;para",0.220415421634578,9
"2247","parC;parch",0.294077235180577,9
"2248","pard;pard",0.644622236078678,9
"2249","park;park",0.593644192748022,9
"2250","pars;parse",0.274190828707395,9
"2251","part;part",0.413454116595655,9
"2252","pIr;peer",0.368049226289537,9
"2253","pak;pock",0.541264765131511,9
"2254","pad;pod",0.345065233805524,9
"2255","por;poor",0.359567343723404,9
"2256","pap;pop",0.388961893405019,9
"2257","paS;posh",0.38598005580299,9
"2258","pat;pot",0.524167015002733,9
"2259","sam;psalm",0.222449823880151,9
"2260","pYr;pyre",0.214036055188934,9
"2261","rEr;rare",0.284502095341399,9
"2262","rIr;rear",0.281338294536388,9
"2263","ror;roar",0.273082424272778,9
"2264","rab;rob",0.344850603520411,9
"2265","rak;rock",0.30272976264618,9
"2266","rat;rot",0.295015465348229,9
"2267","skar;scar",0.179337766128871,9
"2268","sIr;sear",0.266658840096283,9
"2269","Sard;shard",0.433799272614865,9
"2270","SEr;share",0.284502095341399,9
"2271","Sark;shark",0.407474713879879,9
"2272","SIr;shear",0.281338294536388,9
"2273","Sak;shock",0.316861860435201,9
"2274","Sor;shore",0.273082424272778,9
"2275","Sat;shot",0.272197734826109,9
"2276","sor;soar",0.258359258231719,9
"2277","sab;sob",0.382547084882996,9
"2278","sak;sock",0.339847670843803,9
"2279","saro;sorrow",0.231070061862913,9
"2280","sat;sot",0.331980851388944,9
"2281","spar;spar",0.176534461289149,9
"2282","star;star",0.186610759461004,9
"2283","tar;tar",1.1867733057616,9
"2284","tEr;tare",0.420833461035381,9
"2285","tarn;tarn",0.424768195687635,9
"2286","tart;tart",0.340366625793313,9
"2287","DEr;their",0.259322836746912,9
"2288","tIr;tier",0.418270128985219,9
"2289","tYr;tire",0.261958051986814,9
"2290","tag;tog",0.195316393299632,9
"2291","tap;top",0.274792804682229,9
"2292","tor;tor",0.409683792023357,9
"2293","tat;tot",0.424671674409766,9
"2294","tUr;tour",0.155042134333108,9
"2295","vIr;veer",0.254031914255376,9
"2296","wor;war",0.261230350236007,9
"2297","wEr;ware",0.272313835040042,9
"2298","wat;watt",0.252629417003703,9
"2299","hor;whore",0.273082424272778,9
"2300","yat;yacht",0.252629417003703,9
"2301","yard;yard",0.476334079344541,9
"2302","yarn;yarn",0.353016434820047,9
"2303","yIr;year",0.266658840096283,9
"2304","yor;yore",0.258359258231719,9
"2305","xfar;afar",0.164824540913779,10
"2306","Er;air",0.432967278004333,10
"2307","xJar;ajar",0.168799200504782,10
"2308","ark;arc",0.549673180326395,10
"2309","arC;arch",0.26977294217123,10
"2310","ar;are",1.02931841233657,10
"2311","arm;arm",0.300195192751505,10
"2312","art;art",0.381723709501762,10
"2313","beb;babe",0.131953696900228,10
"2314","b@k;back",0.342857622642187,10
"2315","bat;baht",1.06965930377128,10
"2316","bErn;bairn",0.326876048509989,10
"2317","bet;bait",0.282610324812806,10
"2318","bek;bake",0.278696153215771,10
"2319","bck;balk",0.245519160829249,10
"2320","bam;balm",0.797454121395452,10
"2321","bar;bar",1.94626729076053,10
"2322","barb;barb",1.15157433902228,10
"2323","barbd;barbed",0.371439191959,10
"2324","barbX;barber",0.399058373511473,10
"2325","bard;bard",1.50241525912462,10
"2326","bEr;bare",0.751821829743349,10
"2327","barJ;barge",0.943144968270741,10
"2328","bark;bark",1.25762186894736,10
"2329","barkX;barker",0.237922769697891,10
"2330","barn;barn",1.15069537428548,10
"2331","b@ro;barrow",0.154189455597286,10
"2332","b@S;bash",0.246166811536436,10
"2333","b@t;bat",0.3472751413998,10
"2334","b@C;batch",0.309295263079486,10
"2335","biC;beach",0.300726355897898,10
"2336","bik;beak",0.333321795675366,10
"2337","bim;beam",0.265358074435077,10
"2338","bIrd;beard",0.195919813646184,10
"2339","bit;beat",0.337328662319843,10
"2340","bo;beau",0.159175729863394,10
"2341","boz;beaux",0.159175729863394,10
"2342","bEk;beck",0.34281726903541,10
"2343","bEd;bed",0.162922654163806,10
"2344","bIn;been",0.201918061202098,10
"2345","bIr;beer",0.703641529007954,10
"2346","bEg;beg",0.13980533229006,10
"2347","bEl;bell",0.157643065977905,10
"2348","bEri;berry",0.152788689747396,10
"2349","bErL;beryl",0.152788689747396,10
"2350","bEt;bet",0.34441770742933,10
"2351","bIb;bib",0.266884947378638,10
"2352","bId;bid",0.271664298753761,10
"2353","bIg;big",0.201369339081344,10
"2354","bYt;bight",0.250004916928443,10
"2355","bYk;bike",0.245519160829249,10
"2356","bIl;bill",0.219123781082446,10
"2357","bRC;birch",0.198905585981434,10
"2358","bIt;bit",0.406807210798313,10
"2359","bIC;bitch",0.384797835339551,10
"2360","blEr;blare",0.0727125138574819,10
"2361","blIr;blear",0.066787376193437,10
"2362","blab;blob",0.205667674700162,10
"2363","blak;bloc",0.190976918667567,10
"2364","blat;blot",0.177320610359615,10
"2365","blaC;blotch",0.187041268778071,10
"2366","box;boa",0.159175729863394,10
"2367","bor;boar",0.71173235079768,10
"2368","bord;board",0.255476847093831,10
"2369","bot;boat",0.38555427841432,10
"2370","bab;bob",1.12548070059338,10
"2371","babL;bobble",0.173093505009021,10
"2372","babi;bobby",0.199758660008996,10
"2373","baCi;boccie",0.146278354893341,10
"2374","bak;bock",1.13016948123816,10
"2375","bod;bode",0.255536645244011,10
"2376","bol;bole",0.201611899317133,10
"2377","bamX;bomber",0.0793011207726688,10
"2378","band;bond",0.0903692233118239,10
"2379","bon;bone",0.242498908352265,10
"2380","bUk;book",0.287495488693447,10
"2381","bum;boom",0.189517182612454,10
"2382","but;boot",0.274363080285507,10
"2383","born;born",0.300817993170199,10
"2384","baro;borrow",1.10003637554914,10
"2385","baS;bosh",0.651488112222013,10
"2386","baC;botch",0.786889164108197,10
"2387","boT;both",0.159175729863394,10
"2388","batL;bottle",0.1338581933613,10
"2389","batM;bottom",0.0793989387609496,10
"2390","bct;bought",0.250004916928443,10
"2391","bWt;bout",0.226332418756677,10
"2392","baks;box",0.0464521585393151,10
"2393","b^k;buck",0.291106055673191,10
"2394","b^m;bum",0.219786661613427,10
"2395","bUS;bush",0.169950760918073,10
"2396","b^t;but",0.29551803949501,10
"2397","kam;calm",0.405304950402242,10
"2398","kar;car",1.17525326184927,10
"2399","kard;card",0.614980135204246,10
"2400","kEr;care",0.345814280638951,10
"2401","karp;carp",0.196852372758686,10
"2402","kart;cart",0.377877764494429,10
"2403","karv;carve",0.165848248859421,10
"2404","CEr;chair",0.373508502913862,10
"2405","Car;char",1.05481195293321,10
"2406","Card;chard",0.641480885200902,10
"2407","CarJ;charge",0.462464175261246,10
"2408","Carm;charm",0.324849040954993,10
"2409","Cart;chart",0.408778980103322,10
"2410","CIr;cheer",0.373947371687847,10
"2411","Cak;chock",0.418908206953997,10
"2412","Can;chon",0.159049121730926,10
"2413","Cap;chop",0.289664057734075,10
"2414","Cor;chore",0.364396420080598,10
"2415","kab;cob",0.58171518543756,10
"2416","kak;cock",0.54124881355732,10
"2417","kad;cod",0.371764342896309,10
"2418","kag;cog",0.338172948865604,10
"2419","kan;con",0.296832651462216,10
"2420","kap;cop",0.454201603423365,10
"2421","kor;core",0.33686764684349,10
"2422","kat;cot",0.568882413767504,10
"2423","zar;czar",0.659170773617864,10
"2424","dEr;dare",0.287615055529667,10
"2425","dark;dark",0.466447404724184,10
"2426","darn;darn",0.347384911926361,10
"2427","dIr;dear",0.287572035086222,10
"2428","dak;dock",0.345339942800279,10
"2429","dat;dot",0.297909322917013,10
"2430","Ir;ear",0.433032631957798,10
"2431","fEr;fair",0.406899412509406,10
"2432","far;far",1.04565064312382,10
"2433","fars;farce",0.164832214560589,10
"2434","farm;farm",0.226714385013803,10
"2435","fIr;fear",0.407207125520949,10
"2436","fYr;fire",0.236742625257509,10
"2437","fab;fob",0.426167347309813,10
"2438","fap;fop",0.258672770047604,10
"2439","for;for",0.397642945605973,10
"2440","garb;garb",0.216835412546996,10
"2441","gIr;gear",0.284919551057066,10
"2442","gab;gob",0.415509116899527,10
"2443","gor;gore",0.275650100044673,10
"2444","gat;got",0.306119094950212,10
"2445","gard;guard",0.491534966719268,10
"2446","hEr;hair",0.301578809623004,10
"2447","hard;hard",0.460203866854252,10
"2448","hark;hark",0.422638351798158,10
"2449","hIr;hear",0.301140340613075,10
"2450","hab;hob",0.364492894080996,10
"2451","hak;hock",0.367289697760962,10
"2452","hat;hot",0.323627646047369,10
"2453","Wr;hour",0.153253551511995,10
"2454","Yr;ire",0.263985830858044,10
"2455","Jar;jar",1.00371933817049,10
"2456","JIr;jeer",0.345713006066024,10
"2457","Jab;job",0.570412326855505,10
"2458","Jag;jog",0.313493321290043,10
"2459","JaS;josh",0.363739127239241,10
"2460","Jas;joss",0.240517149346754,10
"2461","Jat;jot",0.530235763821004,10
"2462","nab;knob",0.40323579067791,10
"2463","nak;knock",0.365069491709918,10
"2464","nat;knot",0.361710688273728,10
"2465","lEr;lair",0.327091866401112,10
"2466","lard;lard",0.530068119449665,10
"2467","larJ;large",0.342391858984868,10
"2468","lark;lark",0.493206264314172,10
"2469","lIr;leer",0.324714366469667,10
"2470","lab;lob",0.405111424893525,10
"2471","lak;loch",0.406658658213533,10
"2472","lor;lore",0.292908020748493,10
"2473","lat;lot",0.357784488555488,10
"2474","ma;ma",0.203861292737061,10
"2475","mar;mar",1.27823917025758,10
"2476","marC;march",0.440802382364707,10
"2477","mEr;mare",0.38676528160482,10
"2478","marJ;marge",0.621226406596431,10
"2479","mark;mark",0.749475565668361,10
"2480","marl;marl",0.397140056488435,10
"2481","marz;mars",0.364293357797755,10
"2482","marS;marsh",0.364293357797755,10
"2483","mart;mart",0.549545076103445,10
"2484","mIr;mere",0.386665998816993,10
"2485","mYr;mire",0.219644921188118,10
"2486","mab;mob",0.496516125451169,10
"2487","mak;mock",0.498222376524296,10
"2488","mal;moll",0.210013991785312,10
"2489","mor;moor",0.37722538595163,10
"2490","map;mop",0.332513121395261,10
"2491","maro;morrow",0.618523781947565,10
"2492","nard;nard",0.417559778082984,10
"2493","nIr;near",0.284919551057066,10
"2494","nor;nor",0.275650100044673,10
"2495","naC;notch",0.144684182952359,10
"2496","or;oar",0.423494070585669,10
"2497","ad;odd",0.129259602765877,10
"2498","pa;pa",0.276618219556924,10
"2499","pEr;pair",0.384480636999613,10
"2500","pam;palm",0.390483410910785,10
"2501","par;par",1.27605502041282,10
"2502","parx;para",0.23176418785599,10
"2503","parC;parch",0.311349281390399,10
"2504","pard;pard",0.681572571130837,10
"2505","park;park",0.616308119678757,10
"2506","pars;parse",0.285637303881902,10
"2507","part;part",0.442584904559063,10
"2508","pIr;peer",0.384345018229132,10
"2509","pak;pock",0.568549617933873,10
"2510","pad;pod",0.356259555378747,10
"2511","por;poor",0.374915426732666,10
"2512","pap;pop",0.405189920496285,10
"2513","paS;posh",0.378101043055125,10
"2514","pat;pot",0.556425631008702,10
"2515","sam;psalm",0.220009771365948,10
"2516","pYr;pyre",0.217635051715311,10
"2517","rEr;rare",0.301578809623004,10
"2518","rIr;rear",0.301140340613075,10
"2519","ror;roar",0.291912001688083,10
"2520","rab;rob",0.363589307305759,10
"2521","rak;rock",0.325973333751217,10
"2522","rat;rot",0.322701989122177,10
"2523","skar;scar",0.176373653272419,10
"2524","sIr;sear",0.284919551057066,10
"2525","Sard;shard",0.460219809095684,10
"2526","SEr;share",0.301578809623004,10
"2527","Sark;shark",0.422697772577667,10
"2528","SIr;shear",0.301140340613075,10
"2529","Sak;shock",0.340618573916231,10
"2530","Sor;shore",0.291912001688083,10
"2531","Sat;shot",0.297613866401683,10
"2532","sor;soar",0.275650100044673,10
"2533","sab;sob",0.401669332840664,10
"2534","sak;sock",0.363465292434663,10
"2535","saro;sorrow",0.214664416777208,10
"2536","sat;sot",0.360015796748377,10
"2537","spar;spar",0.17427696417471,10
"2538","star;star",0.182286750277546,10
"2539","tar;tar",1.08976356308591,10
"2540","tEr;tare",0.431558642442358,10
"2541","tarn;tarn",0.409296523250512,10
"2542","tart;tart",0.351328026829,10
"2543","DEr;their",0.27362907869499,10
"2544","tIr;tier",0.431583156448767,10
"2545","tYr;tire",0.262857918621306,10
"2546","tag;tog",0.195279976192287,10
"2547","tap;top",0.281802344459254,10
"2548","tor;tor",0.422057077896896,10
"2549","tat;tot",0.446589100367379,10
"2550","tUr;tour",0.152078704980736,10
"2551","vIr;veer",0.270942949536725,10
"2552","wor;war",0.278671139996331,10
"2553","wEr;ware",0.287992225485882,10
"2554","wat;watt",0.27569349150719,10
"2555","hor;whore",0.291912001688083,10
"2556","yat;yacht",0.27569349150719,10
"2557","yard;yard",0.500850042372106,10
"2558","yarn;yarn",0.344644865244081,10
"2559","yIr;year",0.284919551057066,10
"2560","yor;yore",0.275650100044673,10
