"","node","activation","time"
"1","xfar;afar",0,1
"2","Er;air",0,1
"3","xJar;ajar",0,1
"4","ark;arc",0,1
"5","arC;arch",0,1
"6","ar;are",0.416666666666667,1
"7","arm;arm",0,1
"8","art;art",0,1
"9","beb;babe",0,1
"10","b@k;back",0,1
"11","bat;baht",0.416666666666667,1
"12","bErn;bairn",0,1
"13","bet;bait",0,1
"14","bek;bake",0,1
"15","bck;balk",0,1
"16","bam;balm",0.416666666666667,1
"17","bar;bar",90,1
"18","barb;barb",0.416666666666667,1
"19","barbd;barbed",0,1
"20","barbX;barber",0,1
"21","bard;bard",0.416666666666667,1
"22","bEr;bare",0.416666666666667,1
"23","barJ;barge",0.416666666666667,1
"24","bark;bark",0.416666666666667,1
"25","barkX;barker",0,1
"26","barn;barn",0.416666666666667,1
"27","b@ro;barrow",0,1
"28","b@S;bash",0,1
"29","b@t;bat",0,1
"30","b@C;batch",0,1
"31","biC;beach",0,1
"32","bik;beak",0,1
"33","bim;beam",0,1
"34","bIrd;beard",0,1
"35","bit;beat",0,1
"36","bo;beau",0,1
"37","boz;beaux",0,1
"38","bEk;beck",0,1
"39","bEd;bed",0,1
"40","bIn;been",0,1
"41","bIr;beer",0.416666666666667,1
"42","bEg;beg",0,1
"43","bEl;bell",0,1
"44","bEri;berry",0,1
"45","bErL;beryl",0,1
"46","bEt;bet",0,1
"47","bIb;bib",0,1
"48","bId;bid",0,1
"49","bIg;big",0,1
"50","bYt;bight",0,1
"51","bYk;bike",0,1
"52","bIl;bill",0,1
"53","bRC;birch",0,1
"54","bIt;bit",0,1
"55","bIC;bitch",0,1
"56","blEr;blare",0,1
"57","blIr;blear",0,1
"58","blab;blob",0,1
"59","blak;bloc",0,1
"60","blat;blot",0,1
"61","blaC;blotch",0,1
"62","box;boa",0,1
"63","bor;boar",0.416666666666667,1
"64","bord;board",0,1
"65","bot;boat",0,1
"66","bab;bob",0.416666666666667,1
"67","babL;bobble",0,1
"68","babi;bobby",0,1
"69","baCi;boccie",0,1
"70","bak;bock",0.416666666666667,1
"71","bod;bode",0,1
"72","bol;bole",0,1
"73","bamX;bomber",0,1
"74","band;bond",0,1
"75","bon;bone",0,1
"76","bUk;book",0,1
"77","bum;boom",0,1
"78","but;boot",0,1
"79","born;born",0,1
"80","baro;borrow",0.416666666666667,1
"81","baS;bosh",0.416666666666667,1
"82","baC;botch",0.416666666666667,1
"83","boT;both",0,1
"84","batL;bottle",0,1
"85","batM;bottom",0,1
"86","bct;bought",0,1
"87","bWt;bout",0,1
"88","baks;box",0,1
"89","b^k;buck",0,1
"90","b^m;bum",0,1
"91","bUS;bush",0,1
"92","b^t;but",0,1
"93","kam;calm",0,1
"94","kar;car",0.416666666666667,1
"95","kard;card",0,1
"96","kEr;care",0,1
"97","karp;carp",0,1
"98","kart;cart",0,1
"99","karv;carve",0,1
"100","CEr;chair",0,1
"101","Car;char",0.416666666666667,1
"102","Card;chard",0,1
"103","CarJ;charge",0,1
"104","Carm;charm",0,1
"105","Cart;chart",0,1
"106","CIr;cheer",0,1
"107","Cak;chock",0,1
"108","Can;chon",0,1
"109","Cap;chop",0,1
"110","Cor;chore",0,1
"111","kab;cob",0,1
"112","kak;cock",0,1
"113","kad;cod",0,1
"114","kag;cog",0,1
"115","kan;con",0,1
"116","kap;cop",0,1
"117","kor;core",0,1
"118","kat;cot",0,1
"119","zar;czar",0.416666666666667,1
"120","dEr;dare",0,1
"121","dark;dark",0,1
"122","darn;darn",0,1
"123","dIr;dear",0,1
"124","dak;dock",0,1
"125","dat;dot",0,1
"126","Ir;ear",0,1
"127","fEr;fair",0,1
"128","far;far",0.416666666666667,1
"129","fars;farce",0,1
"130","farm;farm",0,1
"131","fIr;fear",0,1
"132","fYr;fire",0,1
"133","fab;fob",0,1
"134","fap;fop",0,1
"135","for;for",0,1
"136","garb;garb",0,1
"137","gIr;gear",0,1
"138","gab;gob",0,1
"139","gor;gore",0,1
"140","gat;got",0,1
"141","gard;guard",0,1
"142","hEr;hair",0,1
"143","hard;hard",0,1
"144","hark;hark",0,1
"145","hIr;hear",0,1
"146","hab;hob",0,1
"147","hak;hock",0,1
"148","hat;hot",0,1
"149","Wr;hour",0,1
"150","Yr;ire",0,1
"151","Jar;jar",0.416666666666667,1
"152","JIr;jeer",0,1
"153","Jab;job",0,1
"154","Jag;jog",0,1
"155","JaS;josh",0,1
"156","Jas;joss",0,1
"157","Jat;jot",0,1
"158","nab;knob",0,1
"159","nak;knock",0,1
"160","nat;knot",0,1
"161","lEr;lair",0,1
"162","lard;lard",0,1
"163","larJ;large",0,1
"164","lark;lark",0,1
"165","lIr;leer",0,1
"166","lab;lob",0,1
"167","lak;loch",0,1
"168","lor;lore",0,1
"169","lat;lot",0,1
"170","ma;ma",0,1
"171","mar;mar",0.416666666666667,1
"172","marC;march",0,1
"173","mEr;mare",0,1
"174","marJ;marge",0,1
"175","mark;mark",0,1
"176","marl;marl",0,1
"177","marz;mars",0,1
"178","marS;marsh",0,1
"179","mart;mart",0,1
"180","mIr;mere",0,1
"181","mYr;mire",0,1
"182","mab;mob",0,1
"183","mak;mock",0,1
"184","mal;moll",0,1
"185","mor;moor",0,1
"186","map;mop",0,1
"187","maro;morrow",0,1
"188","nard;nard",0,1
"189","nIr;near",0,1
"190","nor;nor",0,1
"191","naC;notch",0,1
"192","or;oar",0,1
"193","ad;odd",0,1
"194","pa;pa",0,1
"195","pEr;pair",0,1
"196","pam;palm",0,1
"197","par;par",0.416666666666667,1
"198","parx;para",0,1
"199","parC;parch",0,1
"200","pard;pard",0,1
"201","park;park",0,1
"202","pars;parse",0,1
"203","part;part",0,1
"204","pIr;peer",0,1
"205","pak;pock",0,1
"206","pad;pod",0,1
"207","por;poor",0,1
"208","pap;pop",0,1
"209","paS;posh",0,1
"210","pat;pot",0,1
"211","sam;psalm",0,1
"212","pYr;pyre",0,1
"213","rEr;rare",0,1
"214","rIr;rear",0,1
"215","ror;roar",0,1
"216","rab;rob",0,1
"217","rak;rock",0,1
"218","rat;rot",0,1
"219","skar;scar",0,1
"220","sIr;sear",0,1
"221","Sard;shard",0,1
"222","SEr;share",0,1
"223","Sark;shark",0,1
"224","SIr;shear",0,1
"225","Sak;shock",0,1
"226","Sor;shore",0,1
"227","Sat;shot",0,1
"228","sor;soar",0,1
"229","sab;sob",0,1
"230","sak;sock",0,1
"231","saro;sorrow",0,1
"232","sat;sot",0,1
"233","spar;spar",0,1
"234","star;star",0,1
"235","tar;tar",0.416666666666667,1
"236","tEr;tare",0,1
"237","tarn;tarn",0,1
"238","tart;tart",0,1
"239","DEr;their",0,1
"240","tIr;tier",0,1
"241","tYr;tire",0,1
"242","tag;tog",0,1
"243","tap;top",0,1
"244","tor;tor",0,1
"245","tat;tot",0,1
"246","tUr;tour",0,1
"247","vIr;veer",0,1
"248","wor;war",0,1
"249","wEr;ware",0,1
"250","wat;watt",0,1
"251","hor;whore",0,1
"252","yat;yacht",0,1
"253","yard;yard",0,1
"254","yarn;yarn",0,1
"255","yIr;year",0,1
"256","yor;yore",0,1
"257","xfar;afar",0.00231481481481481,2
"258","Er;air",0.00379554655870445,2
"259","xJar;ajar",0.00260416666666667,2
"260","ark;arc",0.00497076023391813,2
"261","arC;arch",0.00219298245614035,2
"262","ar;are",0.768706811990803,2
"263","arm;arm",0.00219298245614035,2
"264","art;art",0.00219298245614035,2
"265","beb;babe",0.00189393939393939,2
"266","b@k;back",0.00148809523809524,2
"267","bat;baht",0.763958957708958,2
"268","bErn;bairn",0.00539044289044289,2
"269","bet;bait",0.00122549019607843,2
"270","bek;bake",0.00148809523809524,2
"271","bck;balk",0.00148809523809524,2
"272","bam;balm",0.761979319699908,2
"273","bar;bar",81.0627449346207,2
"274","barb;barb",0.769911837674995,2
"275","barbd;barbed",0.00635964912280702,2
"276","barbX;barber",0.00416666666666667,2
"277","bard;bard",0.769991582491582,2
"278","bEr;bare",0.752873563218391,2
"279","barJ;barge",0.767554935318093,2
"280","bark;bark",0.77089488240804,2
"281","barkX;barker",0.00277777777777778,2
"282","barn;barn",0.768396686159844,2
"283","b@ro;barrow",0.00462962962962963,2
"284","b@S;bash",0.00416666666666667,2
"285","b@t;bat",0.00122549019607843,2
"286","b@C;batch",0.0032051282051282,2
"287","biC;beach",0.0032051282051282,2
"288","bik;beak",0.00148809523809524,2
"289","bim;beam",0.0032051282051282,2
"290","bIrd;beard",0.00362976406533575,2
"291","bit;beat",0.00122549019607843,2
"292","bo;beau",0.0014367816091954,2
"293","boz;beaux",0.0014367816091954,2
"294","bEk;beck",0.00309065934065934,2
"295","bEd;bed",0.0016025641025641,2
"296","bIn;been",0.0014367816091954,2
"297","bIr;beer",0.753039345711759,2
"298","bEg;beg",0.0016025641025641,2
"299","bEl;bell",0.0016025641025641,2
"300","bEri;berry",0.0016025641025641,2
"301","bErL;beryl",0.0016025641025641,2
"302","bEt;bet",0.00282805429864253,2
"303","bIb;bib",0.00333072100313479,2
"304","bId;bid",0.0014367816091954,2
"305","bIg;big",0.0014367816091954,2
"306","bYt;bight",0.00122549019607843,2
"307","bYk;bike",0.00148809523809524,2
"308","bIl;bill",0.0014367816091954,2
"309","bRC;birch",0.0032051282051282,2
"310","bIt;bit",0.00266227180527383,2
"311","bIC;bitch",0.00464190981432361,2
"312","blEr;blare",0.0016025641025641,2
"313","blIr;blear",0.0014367816091954,2
"314","blab;blob",0.00189393939393939,2
"315","blak;bloc",0.00148809523809524,2
"316","blat;blot",0.00122549019607843,2
"317","blaC;blotch",0.0032051282051282,2
"318","box;boa",0.0014367816091954,2
"319","bor;boar",0.753039345711759,2
"320","bord;board",0.00362976406533575,2
"321","bot;boat",0.00266227180527383,2
"322","bab;bob",0.767457175177763,2
"323","babL;bobble",0.00189393939393939,2
"324","babi;bobby",0.00189393939393939,2
"325","baCi;boccie",0.0032051282051282,2
"326","bak;bock",0.766474130444719,2
"327","bod;bode",0.0014367816091954,2
"328","bol;bole",0.0014367816091954,2
"329","bamX;bomber",0.0032051282051282,2
"330","band;bond",0.00219298245614035,2
"331","bon;bone",0.0014367816091954,2
"332","bUk;book",0.00148809523809524,2
"333","bum;boom",0.0032051282051282,2
"334","but;boot",0.00122549019607843,2
"335","born;born",0.00522466039707419,2
"336","baro;borrow",0.767554935318093,2
"337","baS;bosh",0.761017781238369,2
"338","baC;botch",0.761979319699908,2
"339","boT;both",0.0014367816091954,2
"340","batL;bottle",0.00122549019607843,2
"341","batM;bottom",0.00122549019607843,2
"342","bct;bought",0.00122549019607843,2
"343","bWt;bout",0.00122549019607843,2
"344","baks;box",0.00148809523809524,2
"345","b^k;buck",0.00148809523809524,2
"346","b^m;bum",0.0032051282051282,2
"347","bUS;bush",0.00416666666666667,2
"348","b^t;but",0.00122549019607843,2
"349","kam;calm",0.00494123931623931,2
"350","kar;car",0.769163683335832,2
"351","kard;card",0.00392909356725146,2
"352","kEr;care",0.00333867521367521,2
"353","karp;carp",0.00173611111111111,2
"354","kart;cart",0.00173611111111111,2
"355","karv;carve",0.00173611111111111,2
"356","CEr;chair",0.00379554655870445,2
"357","Car;char",0.768706811990803,2
"358","Card;chard",0.0043859649122807,2
"359","CarJ;charge",0.00682261208576998,2
"360","Carm;charm",0.00219298245614035,2
"361","Cart;chart",0.00219298245614035,2
"362","CIr;cheer",0.00362976406533575,2
"363","Cak;chock",0.00368107769423559,2
"364","Can;chon",0.00219298245614035,2
"365","Cap;chop",0.00219298245614035,2
"366","Cor;chore",0.00362976406533575,2
"367","kab;cob",0.0036300505050505,2
"368","kak;cock",0.00322420634920635,2
"369","kad;cod",0.00173611111111111,2
"370","kag;cog",0.00173611111111111,2
"371","kan;con",0.00173611111111111,2
"372","kap;cop",0.00173611111111111,2
"373","kor;core",0.00317289272030651,2
"374","kat;cot",0.00296160130718954,2
"375","zar;czar",0.766270164817314,2
"376","dEr;dare",0.0016025641025641,2
"377","dark;dark",0.00277777777777778,2
"378","darn;darn",0.00378787878787879,2
"379","dIr;dear",0.0014367816091954,2
"380","dak;dock",0.00148809523809524,2
"381","dat;dot",0.00122549019607843,2
"382","Ir;ear",0.00362976406533575,2
"383","fEr;fair",0.00391737891737892,2
"384","far;far",0.768584979632129,2
"385","fars;farce",0.00231481481481481,2
"386","farm;farm",0.00231481481481481,2
"387","fIr;fear",0.00375159642401022,2
"388","fYr;fire",0.00231481481481481,2
"389","fab;fob",0.00420875420875421,2
"390","fap;fop",0.00231481481481481,2
"391","for;for",0.00375159642401022,2
"392","garb;garb",0.00416666666666667,2
"393","gIr;gear",0.0014367816091954,2
"394","gab;gob",0.00189393939393939,2
"395","gor;gore",0.0014367816091954,2
"396","gat;got",0.00122549019607843,2
"397","gard;guard",0.00219298245614035,2
"398","hEr;hair",0.0016025641025641,2
"399","hard;hard",0.00219298245614035,2
"400","hark;hark",0.00277777777777778,2
"401","hIr;hear",0.0014367816091954,2
"402","hab;hob",0.00189393939393939,2
"403","hak;hock",0.00148809523809524,2
"404","hat;hot",0.00122549019607843,2
"405","Wr;hour",0.00219298245614035,2
"406","Yr;ire",0.00219298245614035,2
"407","Jar;jar",0.768295627780277,2
"408","JIr;jeer",0.00404094827586207,2
"409","Jab;job",0.00449810606060606,2
"410","Jag;jog",0.00260416666666667,2
"411","JaS;josh",0.00677083333333333,2
"412","Jas;joss",0.00260416666666667,2
"413","Jat;jot",0.0038296568627451,2
"414","nab;knob",0.00189393939393939,2
"415","nak;knock",0.00148809523809524,2
"416","nat;knot",0.00122549019607843,2
"417","lEr;lair",0.0016025641025641,2
"418","lard;lard",0.00219298245614035,2
"419","larJ;large",0.00462962962962963,2
"420","lark;lark",0.00277777777777778,2
"421","lIr;leer",0.0014367816091954,2
"422","lab;lob",0.00189393939393939,2
"423","lak;loch",0.00148809523809524,2
"424","lor;lore",0.0014367816091954,2
"425","lat;lot",0.00122549019607843,2
"426","ma;ma",0.0016025641025641,2
"427","mar;mar",0.769297230344379,2
"428","marC;march",0.0016025641025641,2
"429","mEr;mare",0.0032051282051282,2
"430","marJ;marge",0.00623219373219373,2
"431","mark;mark",0.00438034188034188,2
"432","marl;marl",0.0016025641025641,2
"433","marz;mars",0.0016025641025641,2
"434","marS;marsh",0.0016025641025641,2
"435","mart;mart",0.0016025641025641,2
"436","mIr;mere",0.0030393457117595,2
"437","mYr;mire",0.0016025641025641,2
"438","mab;mob",0.0034965034965035,2
"439","mak;mock",0.00309065934065934,2
"440","mal;moll",0.0016025641025641,2
"441","mor;moor",0.0030393457117595,2
"442","map;mop",0.0016025641025641,2
"443","maro;morrow",0.00623219373219373,2
"444","nard;nard",0.00219298245614035,2
"445","nIr;near",0.0014367816091954,2
"446","nor;nor",0.0014367816091954,2
"447","naC;notch",0.0032051282051282,2
"448","or;oar",0.00362976406533575,2
"449","ad;odd",0.00219298245614035,2
"450","pa;pa",0.00154320987654321,2
"451","pEr;pair",0.00314577397910731,2
"452","pam;palm",0.00474833808167141,2
"453","par;par",0.7693565845704,2
"454","parx;para",0.00154320987654321,2
"455","parC;parch",0.00154320987654321,2
"456","pard;pard",0.00373619233268356,2
"457","park;park",0.00432098765432099,2
"458","pars;parse",0.00154320987654321,2
"459","part;part",0.00154320987654321,2
"460","pIr;peer",0.00297999148573861,2
"461","pak;pock",0.00303130511463845,2
"462","pad;pod",0.00154320987654321,2
"463","por;poor",0.00297999148573861,2
"464","pap;pop",0.00154320987654321,2
"465","paS;posh",0.00570987654320988,2
"466","pat;pot",0.00276870007262164,2
"467","sam;psalm",0.0032051282051282,2
"468","pYr;pyre",0.00154320987654321,2
"469","rEr;rare",0.0016025641025641,2
"470","rIr;rear",0.0014367816091954,2
"471","ror;roar",0.0014367816091954,2
"472","rab;rob",0.00189393939393939,2
"473","rak;rock",0.00148809523809524,2
"474","rat;rot",0.00122549019607843,2
"475","skar;scar",0.00173611111111111,2
"476","sIr;sear",0.0014367816091954,2
"477","Sard;shard",0.00219298245614035,2
"478","SEr;share",0.0016025641025641,2
"479","Sark;shark",0.00277777777777778,2
"480","SIr;shear",0.0014367816091954,2
"481","Sak;shock",0.00148809523809524,2
"482","Sor;shore",0.0014367816091954,2
"483","Sat;shot",0.00122549019607843,2
"484","sor;soar",0.0014367816091954,2
"485","sab;sob",0.00189393939393939,2
"486","sak;sock",0.00148809523809524,2
"487","saro;sorrow",0.00462962962962963,2
"488","sat;sot",0.00122549019607843,2
"489","spar;spar",0.00154320987654321,2
"490","star;star",0.00208333333333333,2
"491","tar;tar",0.76881646111361,2
"492","tEr;tare",0.00368589743589743,2
"493","tarn;tarn",0.00587121212121212,2
"494","tart;tart",0.00208333333333333,2
"495","DEr;their",0.0016025641025641,2
"496","tIr;tier",0.00352011494252873,2
"497","tYr;tire",0.00208333333333333,2
"498","tag;tog",0.00208333333333333,2
"499","tap;top",0.00208333333333333,2
"500","tor;tor",0.00352011494252873,2
"501","tat;tot",0.00330882352941176,2
"502","tUr;tour",0.00208333333333333,2
"503","vIr;veer",0.0014367816091954,2
"504","wor;war",0.0014367816091954,2
"505","wEr;ware",0.0016025641025641,2
"506","wat;watt",0.00122549019607843,2
"507","hor;whore",0.0014367816091954,2
"508","yat;yacht",0.00122549019607843,2
"509","yard;yard",0.00219298245614035,2
"510","yarn;yarn",0.00378787878787879,2
"511","yIr;year",0.0014367816091954,2
"512","yor;yore",0.0014367816091954,2
"513","xfar;afar",0.00648345822017849,3
"514","Er;air",0.0106514226824132,3
"515","xJar;ajar",0.00726133841436747,3
"516","ark;arc",0.0139348863444402,3
"517","arC;arch",0.00616093021001262,3
"518","ar;are",1.06442424606592,3
"519","arm;arm",0.0062200345235029,3
"520","art;art",0.0062307544293884,3
"521","beb;babe",0.00525430297108796,3
"522","b@k;back",0.00433123522405196,3
"523","bat;baht",1.051277497213,3
"524","bErn;bairn",0.0149438213866526,3
"525","bet;bait",0.00352729834509286,3
"526","bek;bake",0.00424878336218834,3
"527","bck;balk",0.00420056700882493,3
"528","bam;balm",1.04615115451201,3
"529","bar;bar",73.0718331762798,3
"530","barb;barb",1.06789438617467,3
"531","barbd;barbed",0.0176142787524366,3
"532","barbX;barber",0.0117999955697324,3
"533","bard;bard",1.06844628207739,3
"534","bEr;bare",1.02113493560379,3
"535","barJ;barge",1.06121241125897,3
"536","bark;bark",1.07046083473955,3
"537","barkX;barker",0.00777818810494249,3
"538","barn;barn",1.06378535622849,3
"539","b@ro;barrow",0.0126950548368677,3
"540","b@S;bash",0.0115671358869888,3
"541","b@t;bat",0.00360839127177402,3
"542","b@C;batch",0.00901972467123036,3
"543","biC;beach",0.00898981014131583,3
"544","bik;beak",0.00430132069413743,3
"545","bim;beam",0.00895829472186938,3
"546","bIrd;beard",0.0100030254314784,3
"547","bit;beat",0.00357847674185949,3
"548","bo;beau",0.00399947939767321,3
"549","boz;beaux",0.00399947939767321,3
"550","bEk;beck",0.00861126220944933,3
"551","bEd;bed",0.00445645752682244,3
"552","bIn;been",0.00404644807987729,3
"553","bIr;beer",1.02148594775515,3
"554","bEg;beg",0.00444317220103712,3
"555","bEl;bell",0.00445936011593193,3
"556","bEri;berry",0.00449920290437532,3
"557","bErL;beryl",0.00449920290437532,3
"558","bEt;bet",0.00789106690942411,3
"559","bIb;bib",0.00925336766750175,3
"560","bId;bid",0.00416237174332818,3
"561","bIg;big",0.00405878966549474,3
"562","bYt;bight",0.0034808177287593,3
"563","bYk;bike",0.00420056700882493,3
"564","bIl;bill",0.00407133738278384,3
"565","bRC;birch",0.00887976903862767,3
"566","bIt;bit",0.00749495499158947,3
"567","bIC;bitch",0.0129255389173957,3
"568","blEr;blare",0.00439529481111631,3
"569","blIr;blear",0.00395039355874671,3
"570","blab;blob",0.00534195583827937,3
"571","blak;bloc",0.00422913075486605,3
"572","blat;blot",0.00350485695100747,3
"573","blaC;blotch",0.00883814526348463,3
"574","box;boa",0.00399947939767321,3
"575","bor;boar",1.02148775980478,3
"576","bord;board",0.0101243612946473,3
"577","bot;boat",0.007463911009574,3
"578","bab;bob",1.06093738554569,3
"579","babL;bobble",0.00529696814623285,3
"580","babi;bobby",0.00541637488328665,3
"581","baCi;boccie",0.00880912608005368,3
"582","bak;bock",1.05825808387983,3
"583","bod;bode",0.00411423438708791,3
"584","bol;bole",0.00404192936469214,3
"585","bamX;bomber",0.00874599476692237,3
"586","band;bond",0.0060262714867978,3
"587","bon;bone",0.00412552432975263,3
"588","bUk;book",0.00432924347941316,3
"589","bum;boom",0.00887372855274439,3
"590","but;boot",0.00354441154235312,3
"591","born;born",0.0144790781312153,3
"592","baro;borrow",1.06172246285455,3
"593","baS;bosh",1.04325537801713,3
"594","baC;botch",1.04602158487453,3
"595","boT;both",0.00399947939767321,3
"596","batL;bottle",0.00347428511031452,3
"597","batM;bottom",0.0033907289605819,3
"598","bct;bought",0.0034808177287593,3
"599","bWt;bout",0.00346335493556122,3
"600","baks;box",0.00407669332301685,3
"601","b^k;buck",0.00426553744144242,3
"602","b^m;bum",0.00890384957551247,3
"603","bUS;bush",0.0114600455372514,3
"604","b^t;but",0.00354405242434694,3
"605","kam;calm",0.0137290934699993,3
"606","kar;car",1.06571835022365,3
"607","kard;card",0.0110940004745971,3
"608","kEr;care",0.0093139892095,3
"609","karp;carp",0.00486857831715745,3
"610","kart;cart",0.00498637727065487,3
"611","karv;carve",0.0048474969679511,3
"612","CEr;chair",0.0105843157012939,3
"613","Car;char",1.06444673593263,3
"614","Card;chard",0.0123876012201266,3
"615","CarJ;charge",0.0189584676438805,3
"616","Carm;charm",0.0062695001650738,3
"617","Cart;chart",0.00628022007095931,3
"618","CIr;cheer",0.0101304407581895,3
"619","Cak;chock",0.0103056928448884,3
"620","Can;chon",0.00609250535305393,3
"621","Cap;chop",0.0062010244770153,3
"622","Cor;chore",0.0101244916044746,3
"623","kab;cob",0.0102793622162522,3
"624","kak;cock",0.00912341774015073,3
"625","kad;cod",0.00502793051600085,3
"626","kag;cog",0.00498862481276971,3
"627","kan;con",0.0049626513142085,3
"628","kap;cop",0.00506484675860058,3
"629","kor;core",0.00885419874315974,3
"630","kat;cot",0.0084115659211037,3
"631","zar;czar",1.05742523576204,3
"632","dEr;dare",0.00454717842660734,3
"633","dark;dark",0.00793837930871922,3
"634","darn;darn",0.0106375007383779,3
"635","dIr;dear",0.00409035091649565,3
"636","dak;dock",0.00425782712381562,3
"637","dat;dot",0.0034961179403823,3
"638","Ir;ear",0.0101961471575673,3
"639","fEr;fair",0.010946924650059,3
"640","far;far",1.06415899995241,3
"641","fars;farce",0.00643316611259472,3
"642","farm;farm",0.006503509795877,3
"643","fIr;fear",0.0104924908013448,3
"644","fYr;fire",0.00649847262467099,3
"645","fab;fob",0.0117438249526653,3
"646","fap;fop",0.00648306330293416,3
"647","for;for",0.010486665575282,3
"648","garb;garb",0.0114868310295942,3
"649","gIr;gear",0.00408811881233657,3
"650","gab;gob",0.00552385522973758,3
"651","gor;gore",0.00408314098781419,3
"652","gat;got",0.00350045388221824,3
"653","gard;guard",0.00636040687301652,3
"654","hEr;hair",0.00455540817011953,3
"655","hard;hard",0.0062523821816585,3
"656","hark;hark",0.00786479452883745,3
"657","hIr;hear",0.00409808541308564,3
"658","hab;hob",0.00539508497163434,3
"659","hak;hock",0.00427391696592962,3
"660","hat;hot",0.00351159375483396,3
"661","Wr;hour",0.0060976360877209,3
"662","Yr;ire",0.00620853477318099,3
"663","Jar;jar",1.06334923111072,3
"664","JIr;jeer",0.011210797236846,3
"665","Jab;job",0.0127143575278935,3
"666","Jag;jog",0.00740357843770269,3
"667","JaS;josh",0.0187086477354871,3
"668","Jas;joss",0.00732966970754396,3
"669","Jat;jot",0.0108342818519507,3
"670","nab;knob",0.0054759766926104,3
"671","nak;knock",0.0043215163619467,3
"672","nat;knot",0.0035909584441143,3
"673","lEr;lair",0.00460903805109374,3
"674","lard;lard",0.00634388197491267,3
"675","larJ;large",0.0128968910123881,3
"676","lark;lark",0.00795777130398841,3
"677","lIr;leer",0.00414576705583674,3
"678","lab;lob",0.00543301865858094,3
"679","lak;loch",0.00429963645613822,3
"680","lor;lore",0.00409223915994482,3
"681","lat;lot",0.00353463142612762,3
"682","ma;ma",0.00450465873219678,3
"683","mar;mar",1.06611589392507,3
"684","marC;march",0.00467353619196568,3
"685","mEr;mare",0.00898291884772473,3
"686","marJ;marge",0.0174621790116757,3
"687","mark;mark",0.0124602477275968,3
"688","marl;marl",0.00464262513583532,3
"689","marz;mars",0.00461368995065014,3
"690","marS;marsh",0.00461368995065014,3
"691","mart;mart",0.00472639038931071,3
"692","mIr;mere",0.00852735444232442,3
"693","mYr;mire",0.00454435919334021,3
"694","mab;mob",0.00985803719832035,3
"695","mak;mock",0.00873333432716725,3
"696","mal;moll",0.00450317487654626,3
"697","mor;moor",0.00852186838326743,3
"698","map;mop",0.00460783597581628,3
"699","maro;morrow",0.0174979363829594,3
"700","nard;nard",0.00621908133695414,3
"701","nIr;near",0.00408811881233657,3
"702","nor;nor",0.00408314098781419,3
"703","naC;notch",0.0087784015490511,3
"704","or;oar",0.0101905370795569,3
"705","ad;odd",0.00605072446384196,3
"706","pa;pa",0.00443282499470508,3
"707","pEr;pair",0.00881914178229684,3
"708","pam;palm",0.0132222562633973,3
"709","par;par",1.06630613463953,3
"710","parx;para",0.00434676918138175,3
"711","parC;parch",0.004405774571162,3
"712","pard;pard",0.0105846668492867,3
"713","park;park",0.0121898148384808,3
"714","pars;parse",0.00442760398443878,3
"715","part;part",0.00447667740143751,3
"716","pIr;peer",0.00836348316383935,3
"717","pak;pock",0.00865460131718353,3
"718","pad;pod",0.00452220706325382,3
"719","por;poor",0.00835802536869952,3
"720","pap;pop",0.00452749479926158,3
"721","paS;posh",0.01581886664661,3
"722","pat;pot",0.00790593678667274,3
"723","sam;psalm",0.00887080528728817,3
"724","pYr;pyre",0.00438140649216261,3
"725","rEr;rare",0.00455540817011953,3
"726","rIr;rear",0.00409808541308564,3
"727","ror;roar",0.00409320643834717,3
"728","rab;rob",0.00539590260638055,3
"729","rak;rock",0.00424223513365255,3
"730","rat;rot",0.00351241138958016,3
"731","skar;scar",0.00488823345422852,3
"732","sIr;sear",0.00408811881233657,3
"733","Sard;shard",0.0062523821816585,3
"734","SEr;share",0.00455540817011953,3
"735","Sark;shark",0.00786561216358365,3
"736","SIr;shear",0.00409808541308564,3
"737","Sak;shock",0.00425782712381562,3
"738","Sor;shore",0.00409320643834717,3
"739","Sat;shot",0.0034961179403823,3
"740","sor;soar",0.00408314098781419,3
"741","sab;sob",0.005449267290901,3
"742","sak;sock",0.0042948069602373,3
"743","saro;sorrow",0.0127573767741896,3
"744","sat;sot",0.0035642490424049,3
"745","spar;spar",0.00436567253544593,3
"746","star;star",0.00582839300515653,3
"747","tar;tar",1.06480291135494,3
"748","tEr;tare",0.0103471407020073,3
"749","tarn;tarn",0.0163290332403545,3
"750","tart;tart",0.00594617045399246,3
"751","DEr;their",0.00453843318079313,3
"752","tIr;tier",0.00989170778607602,3
"753","tYr;tire",0.00590553523865589,3
"754","tag;tog",0.00581806981723939,3
"755","tap;top",0.00588089890592739,3
"756","tor;tor",0.00988614517521834,3
"757","tat;tot",0.00928729094120281,3
"758","tUr;tour",0.00579439288847845,3
"759","vIr;veer",0.0040791976193383,3
"760","wor;war",0.00408584262844686,3
"761","wEr;ware",0.00454764796308094,3
"762","wat;watt",0.00348408748717538,3
"763","hor;whore",0.00409320643834717,3
"764","yat;yacht",0.00348408748717538,3
"765","yard;yard",0.0063162149538246,3
"766","yarn;yarn",0.0106285663654085,3
"767","yIr;year",0.00408811881233657,3
"768","yor;yore",0.00408314098781419,3
"769","xfar;afar",0.0121101737630591,4
"770","Er;air",0.019941988061001,4
"771","xJar;ajar",0.0135053101783817,4
"772","ark;arc",0.0260631270444043,4
"773","arC;arch",0.0115484562388805,4
"774","ar;are",1.31111729677123,4
"775","arm;arm",0.0117659369193859,4
"776","art;art",0.0118105756782081,4
"777","beb;babe",0.00972375142967095,4
"778","b@k;back",0.00839551024988709,4
"779","bat;baht",1.28686192704859,4
"780","bErn;bairn",0.0276371856966315,4
"781","bet;bait",0.00676828025631218,4
"782","bek;bake",0.00809071109403277,4
"783","bck;balk",0.00791364741879897,4
"784","bam;balm",1.27800351660172,4
"785","bar;bar",65.9238657644229,4
"786","barb;barb",1.31777548024819,4
"787","barbd;barbed",0.0325485294092152,4
"788","barbX;barber",0.0222749919048342,4
"789","bard;bard",1.3194035214217,4
"790","bEr;bare",1.23219074888935,4
"791","barJ;barge",1.30515110498608,4
"792","bark;bark",1.3222446036388,4
"793","barkX;barker",0.0145301080450363,4
"794","barn;barn",1.31034639868546,4
"795","b@ro;barrow",0.0232224656071203,4
"796","b@S;bash",0.0214189798950016,4
"797","b@t;bat",0.00706834811625133,4
"798","b@C;batch",0.0169284888789168,4
"799","biC;beach",0.0168194697212268,4
"800","bik;beak",0.00828618029188632,4
"801","bim;beam",0.0167027913508996,4
"802","bIrd;beard",0.0183926006533614,4
"803","bit;beat",0.00695890160813401,4
"804","bo;beau",0.00743024393074415,4
"805","boz;beaux",0.00743024393074415,4
"806","bEk;beck",0.0160128816948688,4
"807","bEd;bed",0.00827059734362849,4
"808","bIn;been",0.00760497825695352,4
"809","bIr;beer",1.2326426702476,4
"810","bEg;beg",0.00821996038195271,4
"811","bEl;bell",0.00827979873572119,4
"812","bEri;berry",0.00842557453183126,4
"813","bErL;beryl",0.00842557453183126,4
"814","bEt;bet",0.0146947446843544,4
"815","bIb;bib",0.0171515162830594,4
"816","bId;bid",0.00802815263986025,4
"817","bIg;big",0.00764872904090876,4
"818","bYt;bight",0.00659740151026431,4
"819","bYk;bike",0.00791364741879897,4
"820","bIl;bill",0.00769559134339965,4
"821","bRC;birch",0.0164128959864149,4
"822","bIt;bit",0.0140816819595336,4
"823","bIC;bitch",0.0240135736475386,4
"824","blEr;blare",0.00804199916384666,4
"825","blIr;blear",0.00724495820227517,4
"826","blab;blob",0.0100476287529472,4
"827","blak;bloc",0.00801226496650691,4
"828","blat;blot",0.00667953120778397,4
"829","blaC;blotch",0.0162621694916695,4
"830","box;boa",0.00743024393074415,4
"831","bor;boar",1.23265114183723,4
"832","bord;board",0.0188347575645371,4
"833","bot;boat",0.013966657791637,4
"834","bab;bob",1.3046516069952,4
"835","babL;bobble",0.00988606932630091,4
"836","babi;bobby",0.0103142019654064,4
"837","baCi;boccie",0.0161550791851415,4
"838","bak;bock",1.29977626838249,4
"839","bod;bode",0.00785388940517742,4
"840","bol;bole",0.00758696532642943,4
"841","bamX;bomber",0.0159187118633994,4
"842","band;bond",0.0110470458227359,4
"843","bon;bone",0.00789258478241179,4
"844","bUk;book",0.00838102120726834,4
"845","bum;boom",0.0163905909370336,4
"846","but;boot",0.00682927624110602,4
"847","born;born",0.0267669367662646,4
"848","baro;borrow",1.30699931771415,4
"849","baS;bosh",1.27223975251404,4
"850","baC;botch",1.27753684493368,4
"851","boT;both",0.00743024393074415,4
"852","batL;bottle",0.00656495129104836,4
"853","batM;bottom",0.00625945820706263,4
"854","bct;bought",0.00659740151026431,4
"855","bWt;bout",0.0065325337991589,4
"856","baks;box",0.00744851714742886,4
"857","b^k;buck",0.00815247051933467,4
"858","b^m;bum",0.0165018466331204,4
"859","bUS;bush",0.0210260401867641,4
"860","b^t;but",0.00683011700813372,4
"861","kam;calm",0.0254526734756098,4
"862","kar;car",1.31356933903378,4
"863","kard;card",0.0209026560880978,4
"864","kEr;care",0.0173377869351737,4
"865","karp;carp",0.00910868514565889,4
"866","kart;cart",0.00954960699895703,4
"867","karv;carve",0.0090297185966704,4
"868","CEr;chair",0.0196936396542623,4
"869","Car;char",1.3112016322133,4
"870","Card;chard",0.0233436844172703,4
"871","CarJ;charge",0.0351424671699871,4
"872","Carm;charm",0.0119470610924933,4
"873","Cart;chart",0.0119922494695552,4
"874","CIr;cheer",0.0188646501637514,4
"875","Cak;chock",0.0192506094734544,4
"876","Can;chon",0.011291871527369,4
"877","Cap;chop",0.0116953093829385,4
"878","Cor;chore",0.0188423672374882,4
"879","kab;cob",0.0194208121433851,4
"880","kak;cock",0.0172258747158432,4
"881","kad;cod",0.00969949815444655,4
"882","kag;cog",0.00955591628861811,4
"883","kan;con",0.0094574716491115,4
"884","kap;cop",0.00984091629030594,4
"885","kor;core",0.0164866418995593,4
"886","kat;cot",0.0159406671716194,4
"887","zar;czar",1.29772543041679,4
"888","dEr;dare",0.0086085961930945,4
"889","dark;dark",0.0151256244264326,4
"890","darn;darn",0.0199250256687373,4
"891","dIr;dear",0.00776891314083882,4
"892","dak;dock",0.00812772488583848,4
"893","dat;dot",0.00665557592849722,4
"894","Ir;ear",0.0191079490851883,4
"895","fEr;fair",0.0204107648190069,4
"896","far;far",1.31075911768015,4
"897","fars;farce",0.0119276831759042,4
"898","farm;farm",0.0121877510423655,4
"899","fIr;fear",0.0195797593721269,4
"900","fYr;fire",0.0121700064732055,4
"901","fab;fob",0.0218658747655207,4
"902","fap;fop",0.012115625626979,4
"903","for;for",0.0195579189970747,4
"904","garb;garb",0.0211267279840261,4
"905","gIr;gear",0.00776062060122916,4
"906","gab;gob",0.0107213561885561,4
"907","gor;gore",0.00774186764905531,4
"908","gat;got",0.0066727289804481,4
"909","gard;guard",0.0122863306577143,4
"910","hEr;hair",0.00863943091864175,4
"911","hard;hard",0.0118946809206285,4
"912","hark;hark",0.0148545774985525,4
"913","hIr;hear",0.00779792630292072,4
"914","hab;hob",0.0102527807541752,4
"915","hak;hock",0.00818721172254682,4
"916","hat;hot",0.00671359865689319,4
"917","Wr;hour",0.0113100216825521,4
"918","Yr;ire",0.0117212195386031,4
"919","Jar;jar",1.30924702206621,4
"920","JIr;jeer",0.0207533749656391,4
"921","Jab;job",0.0239704277005537,4
"922","Jag;jog",0.0140310456428012,4
"923","JaS;josh",0.0344861783415,4
"924","Jas;joss",0.0137574521532879,4
"925","Jat;jot",0.020443776124031,4
"926","nab;knob",0.0105473953052583,4
"927","nak;knock",0.0083581242963295,4
"928","nat;knot",0.00700281494386513,4
"929","lEr;lair",0.00883472154199825,4
"930","lard;lard",0.0122320118294681,4
"931","larJ;large",0.0239652826264749,4
"932","lark;lark",0.0151972874064859,4
"933","lIr;leer",0.00797199491570797,4
"934","lab;lob",0.0103939075327138,4
"935","lak;loch",0.00828467461967024,4
"936","lor;lore",0.00777646887100746,4
"937","lat;lot",0.00680055488598231,4
"938","ma;ma",0.00844827299449835,4
"939","mar;mar",1.31436059559054,4
"940","marC;march",0.00907926948663888,4
"941","mEr;mare",0.0167989138459004,4
"942","marJ;marge",0.0326393040383586,4
"943","mark;mark",0.023642507564921,4
"944","marl;marl",0.00896389873661241,4
"945","marz;mars",0.00885671775468502,4
"946","marS;marsh",0.00885671775468502,4
"947","mart;mart",0.00927996980088919,4
"948","mIr;mere",0.0159637841956819,4
"949","mYr;mire",0.00859408918309285,4
"950","mab;mob",0.0185442283329736,4
"951","mak;mock",0.0164658011249049,4
"952","mal;moll",0.00844313666663807,4
"953","mor;moor",0.0159431814584835,4
"954","map;mop",0.00883226731960355,4
"955","maro;morrow",0.0327700163969658,4
"956","nard;nard",0.0117707464725912,4
"957","nIr;near",0.00776062060122916,4
"958","nor;nor",0.00774186764905531,4
"959","naC;notch",0.016040995434411,4
"960","or;oar",0.0190868800281097,4
"961","ad;odd",0.0111388154213578,4
"962","pa;pa",0.00848632767202501,4
"963","pEr;pair",0.0164976241306228,4
"964","pam;palm",0.024564899186705,4
"965","par;par",1.31475816378391,4
"966","parx;para",0.00817022782983066,4
"967","parC;parch",0.00839012418360292,4
"968","pard;pard",0.0200123697920611,4
"969","park;park",0.0229434226238429,4
"970","pars;parse",0.00846661269053285,4
"971","part;part",0.00865778039250659,4
"972","pIr;peer",0.0156621506223242,4
"973","pak;pock",0.0164791493919095,4
"974","pad;pod",0.00881543557248935,4
"975","por;poor",0.0156416510739542,4
"976","pap;pop",0.00884002910862989,4
"977","paS;posh",0.0292381528170668,4
"978","pat;pot",0.0150575191628509,4
"979","sam;psalm",0.016381634639109,4
"980","pYr;pyre",0.00829579546799856,4
"981","rEr;rare",0.00863943091864175,4
"982","rIr;rear",0.00779792630292072,4
"983","ror;roar",0.00777953339564409,4
"984","rab;rob",0.0102556195216642,4
"985","rak;rock",0.00806921879183842,4
"986","rat;rot",0.0067164408311936,4
"987","skar;scar",0.0091797054194243,4
"988","sIr;sear",0.00776062060122916,4
"989","Sard;shard",0.011894690005459,4
"990","SEr;share",0.00863943091864175,4
"991","Sark;shark",0.0148575288230025,4
"992","SIr;shear",0.00779792630292072,4
"993","Sak;shock",0.00812691636200364,4
"994","Sor;shore",0.00777953339564409,4
"995","Sat;shot",0.00665557592849722,4
"996","sor;soar",0.00774186764905531,4
"997","sab;sob",0.0104516011211494,4
"998","sak;sock",0.00826230076122975,4
"999","saro;sorrow",0.0234535347145397,4
"1000","sat;sot",0.00690692407413922,4
"1001","spar;spar",0.00823560814402724,4
"1002","star;star",0.0108780317944047,4
"1003","tar;tar",1.3119551521768,4
"1004","tEr;tare",0.0193792526194233,4
"1005","tarn;tarn",0.0302968992470769,4
"1006","tart;tart",0.0113162817856082,4
"1007","DEr;their",0.00857589844308465,4
"1008","tIr;tier",0.0185446366540689,4
"1009","tYr;tire",0.0111631686530928,4
"1010","tag;tog",0.0108410363437793,4
"1011","tap;top",0.0110748939851757,4
"1012","tor;tor",0.0185237416572954,4
"1013","tat;tot",0.0173948048251686,4
"1014","tUr;tour",0.0107510830397916,4
"1015","vIr;veer",0.0077272895421977,4
"1016","wor;war",0.00775188911552855,4
"1017","wEr;ware",0.0086103258423219,4
"1018","wat;watt",0.00661041711801571,4
"1019","hor;whore",0.00777953339564409,4
"1020","yat;yacht",0.00661041711801571,4
"1021","yard;yard",0.0121298196411155,4
"1022","yarn;yarn",0.019892166027386,4
"1023","yIr;year",0.00776062060122916,4
"1024","yor;yore",0.00774186764905531,4
"1025","xfar;afar",0.0188564169938953,5
"1026","Er;air",0.0311363658089027,5
"1027","xJar;ajar",0.0209430817366103,5
"1028","ark;arc",0.0406540146984281,5
"1029","arC;arch",0.0180541622994701,5
"1030","ar;are",1.5151982233118,5
"1031","arm;arm",0.0185544124476892,5
"1032","art;art",0.0186693755613641,5
"1033","beb;babe",0.0150051540723195,5
"1034","b@k;back",0.0135486387107109,5
"1035","bat;baht",1.47792664128331,5
"1036","bErn;bairn",0.0426219460071679,5
"1037","bet;bait",0.0108229115946036,5
"1038","bek;bake",0.0128441893058328,5
"1039","bck;balk",0.012437630559196,5
"1040","bam;balm",1.46515284060877,5
"1041","bar;bar",59.5269733868694,5
"1042","barb;barb",1.52583794245363,5
"1043","barbd;barbed",0.0501581600610509,5
"1044","barbX;barber",0.0350367038993916,5
"1045","bard;bard",1.52927895162098,5
"1046","bEr;bare",1.39524596964342,5
"1047","barJ;barge",1.50596823286569,5
"1048","bark;bark",1.53232835289658,5
"1049","barkX;barker",0.0226345609949525,5
"1050","barn;barn",1.51464482453436,5
"1051","b@ro;barrow",0.0354224336876766,5
"1052","b@S;bash",0.0330689940135643,5
"1053","b@t;bat",0.0115170852390824,5
"1054","b@C;batch",0.0264869428632115,5
"1055","biC;beach",0.0262386076262959,5
"1056","bik;beak",0.0132988967378569,5
"1057","bim;beam",0.0259684236941268,5
"1058","bIrd;beard",0.0282050382921998,5
"1059","bit;beat",0.0112668140752498,5
"1060","bo;beau",0.0115160780847218,5
"1061","boz;beaux",0.0115160780847218,5
"1062","bEk;beck",0.0248411873761843,5
"1063","bEd;bed",0.0128047136643883,5
"1064","bIn;been",0.0119224046399101,5
"1065","bIr;beer",1.39564443902344,5
"1066","bEg;beg",0.0126842210418244,5
"1067","bEl;bell",0.0128225591715687,5
"1068","bEri;berry",0.0131558084650111,5
"1069","bErL;beryl",0.0131558084650111,5
"1070","bEt;bet",0.0228287549936392,5
"1071","bIb;bib",0.0265131812036407,5
"1072","bId;bid",0.0128884818400651,5
"1073","bIg;big",0.0120193069525454,5
"1074","bYt;bight",0.0104301345906033,5
"1075","bYk;bike",0.012437630559196,5
"1076","bIl;bill",0.0121287387199632,5
"1077","bRC;birch",0.0252992317965286,5
"1078","bIt;bit",0.0220706333812562,5
"1079","bIC;bitch",0.0372076142502848,5
"1080","blEr;blare",0.0122704619924875,5
"1081","blIr;blear",0.0110788809617921,5
"1082","blab;blob",0.0157534437505479,5
"1083","blak;bloc",0.0126494251718597,5
"1084","blat;blot",0.0106042214834527,5
"1085","blaC;blotch",0.0249579475405371,5
"1086","box;boa",0.0115160780847218,5
"1087","bor;boar",1.39566793532967,5
"1088","bord;board",0.0292125847931985,5
"1089","bot;boat",0.0218042333197413,5
"1090","bab;bob",1.50523755459642,5
"1091","babL;bobble",0.0153903354128035,5
"1092","babi;bobby",0.0163503059495838,5
"1093","baCi;boccie",0.0247105844982974,5
"1094","bak;bock",1.4978345324121,5
"1095","bod;bode",0.0124939661345661,5
"1096","bol;bole",0.0118779251462725,5
"1097","bamX;bomber",0.0241576369586111,5
"1098","band;bond",0.0168865703005765,5
"1099","bon;bone",0.0125765380160701,5
"1100","bUk;book",0.0134989635870309,5
"1101","bum;boom",0.0252476555487352,5
"1102","but;boot",0.0109587249165986,5
"1103","born;born",0.0412613689694843,5
"1104","baro;borrow",1.51015565024076,5
"1105","baS;bosh",1.45566051042081,5
"1106","baC;botch",1.46410238335612,5
"1107","boT;both",0.0115160780847218,5
"1108","batL;bottle",0.0103358527372378,5
"1109","batM;bottom",0.00963723211678912,5
"1110","bct;bought",0.0104301345906033,5
"1111","bWt;bout",0.0102794159098615,5
"1112","baks;box",0.011345723534052,5
"1113","b^k;buck",0.0129865740085938,5
"1114","b^m;bum",0.0255046669474286,5
"1115","bUS;bush",0.0321673357489867,5
"1116","b^t;but",0.010965649745095,5
"1117","kam;calm",0.039357059069009,5
"1118","kar;car",1.51908232567226,5
"1119","kard;card",0.0328501006185963,5
"1120","kEr;care",0.0269191817168692,5
"1121","karp;carp",0.0142118581908668,5
"1122","kart;cart",0.0152438423914311,5
"1123","karv;carve",0.0140269267755571,5
"1124","CEr;chair",0.0305617221858216,5
"1125","Car;char",1.51539580788027,5
"1126","Card;chard",0.0366874297935729,5
"1127","CarJ;charge",0.0543189189221993,5
"1128","Carm;charm",0.0189690581949585,5
"1129","Cart;chart",0.0190865162421229,5
"1130","CIr;cheer",0.0292990935477698,5
"1131","Cak;chock",0.0299909437079153,5
"1132","Can;chon",0.0174525243357994,5
"1133","Cap;chop",0.0183904391909515,5
"1134","Cor;chore",0.0292469079500194,5
"1135","kab;cob",0.0306000189801593,5
"1136","kak;cock",0.0271268807690356,5
"1137","kad;cod",0.0155816923367431,5
"1138","kag;cog",0.0152535980971723,5
"1139","kan;con",0.0150205066183048,5
"1140","kap;cop",0.0159199719598515,5
"1141","kor;core",0.0256046703802829,5
"1142","kat;cot",0.0251953489636276,5
"1143","zar;czar",1.49385981803412,5
"1144","dEr;dare",0.0135922431703107,5
"1145","dark;dark",0.024019364780212,5
"1146","darn;darn",0.0311160677191664,5
"1147","dIr;dear",0.0123054069754948,5
"1148","dak;dock",0.0129382145939533,5
"1149","dat;dot",0.0105684673621992,5
"1150","Ir;ear",0.0298623562931842,5
"1151","fEr;fair",0.0317401785319902,5
"1152","far;far",1.51484694557772,5
"1153","fars;farce",0.0184425553424608,5
"1154","farm;farm",0.0190437771090801,5
"1155","fIr;fear",0.0304730045335428,5
"1156","fYr;fire",0.0190048151444142,5
"1157","fab;fob",0.0339576536187077,5
"1158","fap;fop",0.0188851831693027,5
"1159","for;for",0.0304218061468193,5
"1160","garb;garb",0.0324040179295871,5
"1161","gIr;gear",0.0122861395161589,5
"1162","gab;gob",0.017314091549262,5
"1163","gor;gore",0.0122419734231347,5
"1164","gat;got",0.0106106144295197,5
"1165","gard;guard",0.0197612778040753,5
"1166","hEr;hair",0.0136644893401484,5
"1167","hard;hard",0.0188735361330298,5
"1168","hark;hark",0.023395214468212,5
"1169","hIr;hear",0.012373463164475,5
"1170","hab;hob",0.0162480094029399,5
"1171","hak;hock",0.0130758113164203,5
"1172","hat;hot",0.0107044972950303,5
"1173","Wr;hour",0.0174925746891949,5
"1174","Yr;ire",0.018445901266951,5
"1175","Jar;jar",1.51249184403214,5
"1176","JIr;jeer",0.0320446899654149,5
"1177","Jab;job",0.0376777335200843,5
"1178","Jag;jog",0.0221583252628978,5
"1179","JaS;josh",0.0530106145103294,5
"1180","Jas;joss",0.0215250056986911,5
"1181","Jat;jot",0.0321629472440962,5
"1182","nab;knob",0.016918947255927,5
"1183","nak;knock",0.0134593128613898,5
"1184","nat;knot",0.0113634985762101,5
"1185","lEr;lair",0.0141091462650165,5
"1186","lard;lard",0.0196511083181504,5
"1187","larJ;large",0.0371323624808114,5
"1188","lark;lark",0.0241850414036447,5
"1189","lIr;leer",0.0127707607473999,5
"1190","lab;lob",0.0165762571362629,5
"1191","lak;loch",0.0133065007234112,5
"1192","lor;lore",0.0123241666819182,5
"1193","lat;lot",0.0109095696285841,5
"1194","ma;ma",0.0132142853111149,5
"1195","mar;mar",1.52039760510964,5
"1196","marC;march",0.0146885144047375,5
"1197","mEr;mare",0.0262028248734434,5
"1198","marJ;marge",0.0508722862695101,5
"1199","mark;mark",0.0374039155439002,5
"1200","marl;marl",0.0144192426712297,5
"1201","marz;mars",0.0141709507459688,5
"1202","marS;marsh",0.0141709507459688,5
"1203","mart;mart",0.0151647757736247,5
"1204","mIr;mere",0.0249262452733357,5
"1205","mYr;mire",0.0135490680553357,5
"1206","mab;mob",0.0290936206804399,5
"1207","mak;mock",0.0258921866049596,5
"1208","mal;moll",0.0132032680004559,5
"1209","mor;moor",0.0248778702772432,5
"1210","map;mop",0.0141079500611777,5
"1211","maro;morrow",0.0511708197089807,5
"1212","nard;nard",0.0185851050059898,5
"1213","nIr;near",0.0122861395161589,5
"1214","nor;nor",0.0122419734231347,5
"1215","naC;notch",0.0244461301174127,5
"1216","or;oar",0.0298128862020811,5
"1217","ad;odd",0.017101882842324,5
"1218","pa;pa",0.0135354883910192,5
"1219","pEr;pair",0.025740906908452,5
"1220","pam;palm",0.0380610397745803,5
"1221","par;par",1.52107833498893,5
"1222","parx;para",0.0128096149609968,5
"1223","parC;parch",0.0133220825564417,5
"1224","pard;pard",0.0315639321767342,5
"1225","park;park",0.0360143486119893,5
"1226","pars;parse",0.0134891696287913,5
"1227","part;part",0.0139536876405887,5
"1228","pIr;peer",0.0244635428732677,5
"1229","pak;pock",0.0261580695021784,5
"1230","pad;pod",0.0142933541062327,5
"1231","por;poor",0.0244154033502674,5
"1232","pap;pop",0.0143617501613306,5
"1233","paS;posh",0.045067594418648,5
"1234","pat;pot",0.0239103954829294,5
"1235","sam;psalm",0.0252313467201561,5
"1236","pYr;pyre",0.0130939561698835,5
"1237","rEr;rare",0.0136644893401484,5
"1238","rIr;rear",0.012373463164475,5
"1239","ror;roar",0.012330116964754,5
"1240","rab;rob",0.0162541492309245,5
"1241","rak;rock",0.012801017407622,5
"1242","rat;rot",0.0107106519747579,5
"1243","skar;scar",0.0143720617880703,5
"1244","sIr;sear",0.0122861395161589,5
"1245","Sard;shard",0.0188735770110228,5
"1246","SEr;share",0.0136644893401484,5
"1247","Sark;shark",0.0234018726160852,5
"1248","SIr;shear",0.012373463164475,5
"1249","Sak;shock",0.0129345143018779,5
"1250","Sor;shore",0.012330116964754,5
"1251","Sat;shot",0.0105684611427851,5
"1252","sor;soar",0.0122419734231347,5
"1253","sab;sob",0.0167042232089315,5
"1254","sak;sock",0.0132444575494682,5
"1255","saro;sorrow",0.0359580960483237,5
"1256","sat;sot",0.0111483418833598,5
"1257","spar;spar",0.0129501132507666,5
"1258","star;star",0.0169305148279633,5
"1259","tar;tar",1.51670140561072,5
"1260","tEr;tare",0.0302694026258314,5
"1261","tarn;tarn",0.046876108386026,5
"1262","tart;tart",0.0179505096154432,5
"1263","DEr;their",0.0135157887905784,5
"1264","tIr;tier",0.0289940713106624,5
"1265","tYr;tire",0.0175896317841654,5
"1266","tag;tog",0.0168477851217534,5
"1267","tap;top",0.0173921924540395,5
"1268","tor;tor",0.028945000074312,5
"1269","tat;tot",0.0271754712950432,5
"1270","tUr;tour",0.0166342838669503,5
"1271","vIr;veer",0.0122082610796249,5
"1272","wor;war",0.0122652214065443,5
"1273","wEr;ware",0.0135962270427987,5
"1274","wat;watt",0.0104624567131669,5
"1275","hor;whore",0.012330116964754,5
"1276","yat;yacht",0.0104624567131669,5
"1277","yard;yard",0.0194150628838529,5
"1278","yarn;yarn",0.0310405512357681,5
"1279","yIr;year",0.0122861395161589,5
"1280","yor;yore",0.0122419734231347,5
"1281","xfar;afar",0.026433745745657,6
"1282","Er;air",0.0437855423819505,6
"1283","xJar;ajar",0.0292446684378449,6
"1284","ark;arc",0.0571161631896095,6
"1285","arC;arch",0.0254231444021435,6
"1286","ar;are",1.68229849106077,6
"1287","arm;arm",0.0263438662547104,6
"1288","art;art",0.0265787154090704,6
"1289","beb;babe",0.0208529135110501,6
"1290","b@k;back",0.0196618865824928,6
"1291","bat;baht",1.63078128765376,6
"1292","bErn;bairn",0.0591978617408407,6
"1293","bet;bait",0.0155767885234866,6
"1294","bek;bake",0.0183589620129071,6
"1295","bck;balk",0.0176118409092249,6
"1296","bam;balm",1.61417256422225,6
"1297","bar;bar",53.7995120478572,6
"1298","barb;barb",1.69759150053614,6
"1299","barbd;barbed",0.0696174501969407,6
"1300","barbX;barber",0.0495950796524381,6
"1301","bard;bard",1.70365448465621,6
"1302","bEr;bare",1.51817854567601,6
"1303","barJ;barge",1.66945331648753,6
"1304","bark;bark",1.70608421413695,6
"1305","barkX;barker",0.0317545173780808,6
"1306","barn;barn",1.6824137277554,6
"1307","b@ro;barrow",0.0486596975438063,6
"1308","b@S;bash",0.0459747634768176,6
"1309","b@t;bat",0.0168618965513404,6
"1310","b@C;batch",0.0373129579057239,6
"1311","biC;beach",0.0368603729872973,6
"1312","bik;beak",0.0192054810723812,6
"1313","bim;beam",0.0363594860750544,6
"1314","bIrd;beard",0.0389590745958386,6
"1315","bit;beat",0.0164040493085458,6
"1316","bo;beau",0.0160818565219608,6
"1317","boz;beaux",0.0160818565219608,6
"1318","bEk;beck",0.0347217520474935,6
"1319","bEd;bed",0.0178613881553563,6
"1320","bIn;been",0.0168378430768552,6
"1321","bIr;beer",1.51832560416421,6
"1322","bEg;beg",0.0176322406001301,6
"1323","bEl;bell",0.0178882708623047,6
"1324","bEri;berry",0.0184975241399617,6
"1325","bErL;beryl",0.0184975241399617,6
"1326","bEt;bet",0.0319539745760559,6
"1327","bIb;bib",0.0369153334961254,6
"1328","bId;bid",0.0186033243649713,6
"1329","bIg;big",0.0170094821831888,6
"1330","bYt;bight",0.0148542497479795,6
"1331","bYk;bike",0.0176118409092249,6
"1332","bIl;bill",0.0172140033313854,6
"1333","bRC;birch",0.0351231078311811,6
"1334","bIt;bit",0.0311651348717024,6
"1335","bIC;bitch",0.0519275743359713,6
"1336","blEr;blare",0.0168620374558027,6
"1337","blIr;blear",0.0152564291002148,6
"1338","blab;blob",0.0222366195519209,6
"1339","blak;bloc",0.0179737036970189,6
"1340","blat;blot",0.0151468224036587,6
"1341","blaC;blotch",0.0345046206204169,6
"1342","box;boa",0.0160818565219608,6
"1343","bor;boar",1.51837598196046,6
"1344","bord;board",0.0407967458012273,6
"1345","bot;boat",0.0306714794736557,6
"1346","bab;bob",1.66852904182582,6
"1347","babL;bobble",0.0215828293789464,6
"1348","babi;bobby",0.0233058046444962,6
"1349","baCi;boccie",0.0340468622726034,6
"1350","bak;bock",1.65839854551452,6
"1351","bod;bode",0.0178883862277499,6
"1352","bol;bole",0.0167506337822446,6
"1353","bamX;bomber",0.0330122797289713,6
"1354","band;bond",0.0232467498579977,6
"1355","bon;bone",0.0180287134934611,6
"1356","bUk;book",0.0195405747817894,6
"1357","bum;boom",0.0350275195682386,6
"1358","but;boot",0.0158185716156081,6
"1359","born;born",0.0572798345264226,6
"1360","baro;borrow",1.67704621449828,6
"1361","baS;bosh",1.60018615858818,6
"1362","baC;botch",1.61228103851078,6
"1363","boT;both",0.0160818565219608,6
"1364","batL;bottle",0.0146439833123782,6
"1365","batM;bottom",0.0133648803922828,6
"1366","bct;bought",0.0148542497479795,6
"1367","bWt;bout",0.0145738755929204,6
"1368","baks;box",0.0155605602249757,6
"1369","b^k;buck",0.018621746871278,6
"1370","b^m;bum",0.0355028220611655,6
"1371","bUS;bush",0.0443185756428678,6
"1372","b^t;but",0.015840543207324,6
"1373","kam;calm",0.0548195166522269,6
"1374","kar;car",1.68785225023469,6
"1375","kard;card",0.0465063050589786,6
"1376","kEr;care",0.037650227730648,6
"1377","karp;carp",0.019971651316659,6
"1378","kart;cart",0.0219048908779309,6
"1379","karv;carve",0.0196250629518812,6
"1380","CEr;chair",0.0427214203150768,6
"1381","Car;char",1.68266870140237,6
"1382","Card;chard",0.0519337990364889,6
"1383","CarJ;charge",0.0756113317554072,6
"1384","Carm;charm",0.0271035223776811,6
"1385","Cart;chart",0.0273451687041848,6
"1386","CIr;cheer",0.0409895051192632,6
"1387","Cak;chock",0.0420863137068342,6
"1388","Can;chon",0.0242940353464688,6
"1389","Cap;chop",0.0260393623906818,6
"1390","Cor;chore",0.040891690284801,6
"1391","kab;cob",0.0434258291575626,6
"1392","kak;cock",0.038479786593689,6
"1393","kad;cod",0.0225139268597709,6
"1394","kag;cog",0.0219136211395718,6
"1395","kan;con",0.0214722901737859,6
"1396","kap;cop",0.0231607454476625,6
"1397","kor;core",0.0358210762597419,6
"1398","kat;cot",0.0358704584776736,6
"1399","zar;czar",1.65171660057771,6
"1400","dEr;dare",0.0193302184830127,6
"1401","dark;dark",0.0343327968949478,6
"1402","darn;darn",0.0437543771316135,6
"1403","dIr;dear",0.0175544609135801,6
"1404","dak;dock",0.0185489310749022,6
"1405","dat;dot",0.0151175692551285,6
"1406","Ir;ear",0.0420331009116797,6
"1407","fEr;fair",0.0444598726954869,6
"1408","far;far",1.68208519041584,6
"1409","fars;farce",0.0256829130235308,6
"1410","farm;farm",0.0267953587846189,6
"1411","fIr;fear",0.0427197574975805,6
"1412","fYr;fire",0.0267271355100974,6
"1413","fab;fob",0.0475059091647372,6
"1414","fap;fop",0.0265172193964617,6
"1415","for;for",0.0426237034358398,6
"1416","garb;garb",0.0447638924354493,6
"1417","gIr;gear",0.0175186238955212,6
"1418","gab;gob",0.0251306663180205,6
"1419","gor;gore",0.0174353873133303,6
"1420","gat;got",0.0151999800038662,6
"1421","gard;guard",0.0285850190587648,6
"1422","hEr;hair",0.0194657127000169,6
"1423","hard;hard",0.0269747418679726,6
"1424","hark;hark",0.03318270421058,6
"1425","hIr;hear",0.0176822401191203,6
"1426","hab;hob",0.0231895068040543,6
"1427","hak;hock",0.018803805934412,6
"1428","hat;hot",0.0153728235386361,6
"1429","Wr;hour",0.0243645788873551,6
"1430","Yr;ire",0.0261335081878755,6
"1431","Jar;jar",1.6787807781861,6
"1432","JIr;jeer",0.044572611991963,6
"1433","Jab;job",0.053326866742995,6
"1434","Jag;jog",0.0314933166120339,6
"1435","JaS;josh",0.0733874944153707,6
"1436","Jas;joss",0.0303198847106229,6
"1437","Jat;jot",0.0455628552266346,6
"1438","nab;knob",0.024412438752841,6
"1439","nak;knock",0.0194921111245881,6
"1440","nat;knot",0.0165746219099698,6
"1441","lEr;lair",0.0202760246687649,6
"1442","lard;lard",0.0284091965928837,6
"1443","larJ;large",0.0518110633369512,6
"1444","lark;lark",0.034639514545962,6
"1445","lIr;leer",0.0184079325249416,6
"1446","lab;lob",0.0238004712305952,6
"1447","lak;loch",0.0192403875610091,6
"1448","lor;lore",0.0175914977130507,6
"1449","lat;lot",0.0157596231820896,6
"1450","ma;ma",0.0186171318999848,6
"1451","mar;mar",1.68982300797664,6
"1452","marC;march",0.0213738724941909,6
"1453","mEr;mare",0.0368165545536348,6
"1454","marJ;marge",0.0714078604206861,6
"1455","mark;mark",0.0532867719652917,6
"1456","marl;marl",0.0208708250003507,6
"1457","marz;mars",0.0204103847240751,6
"1458","marS;marsh",0.0204103847240751,6
"1459","mart;mart",0.0222779224453277,6
"1460","mIr;mere",0.0350592744411411,6
"1461","mYr;mire",0.0192321308062321,6
"1462","mab;mob",0.0411130599330144,6
"1463","mak;mock",0.0366741724481845,6
"1464","mal;moll",0.0185984201448064,6
"1465","mor;moor",0.0349683745109955,6
"1466","map;mop",0.0202818617213848,6
"1467","maro;morrow",0.0719531075053342,6
"1468","nard;nard",0.0264374412208092,6
"1469","nIr;near",0.0175186238955212,6
"1470","nor;nor",0.0174353873133303,6
"1471","naC;notch",0.033556970937892,6
"1472","or;oar",0.041940145003428,6
"1473","ad;odd",0.0236510073387845,6
"1474","pa;pa",0.0194261350084494,6
"1475","pEr;pair",0.0361791303844403,6
"1476","pam;palm",0.0531161967299169,6
"1477","par;par",1.69085805500853,6
"1478","parx;para",0.0180923060367143,6
"1479","parC;parch",0.0190482822723811,6
"1480","pard;pard",0.044850417384566,6
"1481","park;park",0.0509180672638687,6
"1482","pars;parse",0.019339448241893,6
"1483","part;part",0.0202408497408942,6
"1484","pIr;peer",0.0344204185480689,6
"1485","pak;pock",0.0373840351600849,6
"1486","pad;pod",0.0208232252134796,6
"1487","por;poor",0.0343299485234515,6
"1488","pap;pop",0.0209709096793462,6
"1489","paS;posh",0.0625671344978013,6
"1490","pat;pot",0.0341883007567978,6
"1491","sam;psalm",0.0350056961327509,6
"1492","pYr;pyre",0.018607077483926,6
"1493","rEr;rare",0.0194657127000169,6
"1494","rIr;rear",0.0176822401191203,6
"1495","ror;roar",0.0176004976774248,6
"1496","rab;rob",0.0232000906631694,6
"1497","rak;rock",0.0182915635086365,6
"1498","rat;rot",0.0153834461612897,6
"1499","skar;scar",0.0202603862355221,6
"1500","sIr;sear",0.0175186238955212,6
"1501","Sard;shard",0.0269748522288073,6
"1502","SEr;share",0.0194657127000169,6
"1503","Sark;shark",0.0331947205846254,6
"1504","SIr;shear",0.0176822401191203,6
"1505","Sak;shock",0.018538768210311,6
"1506","Sor;shore",0.0176004976774248,6
"1507","Sat;shot",0.0151175352353334,6
"1508","sor;soar",0.0174353873133303,6
"1509","sab;sob",0.0240274077179797,6
"1510","sak;sock",0.0191067278660153,6
"1511","saro;sorrow",0.0496535018654785,6
"1512","sat;sot",0.0161884293021723,6
"1513","spar;spar",0.0183321446091464,6
"1514","star;star",0.0237317095411818,6
"1515","tar;tar",1.68467761501483,6
"1516","tEr;tare",0.0425838585554323,6
"1517","tarn;tarn",0.0653197998244012,6
"1518","tart;tart",0.0256323438747168,6
"1519","DEr;their",0.0191871197751321,6
"1520","tIr;tier",0.0408289950372543,6
"1521","tYr;tire",0.0249513509741002,6
"1522","tag;tog",0.0235839743685626,6
"1523","tap;top",0.0245985544379129,6
"1524","tor;tor",0.0407367701806081,6
"1525","tat;tot",0.0382460761819528,6
"1526","tUr;tour",0.0231787400737828,6
"1527","vIr;veer",0.0173729647244461,6
"1528","wor;war",0.0174785589285287,6
"1529","wEr;ware",0.0193375623982309,6
"1530","wat;watt",0.0149183595587695,6
"1531","hor;whore",0.0176004976774248,6
"1532","yat;yacht",0.0149183595587695,6
"1533","yard;yard",0.0279727676296748,6
"1534","yarn;yarn",0.0436155690065873,6
"1535","yIr;year",0.0175186238955212,6
"1536","yor;yore",0.0174353873133303,6
"1537","xfar;afar",0.034597522317516,7
"1538","Er;air",0.0575111391483641,7
"1539","xJar;ajar",0.0381342687450064,7
"1540","ark;arc",0.074952887201063,7
"1541","arC;arch",0.0334404961446637,7
"1542","ar;are",1.81736158906466,7
"1543","arm;arm",0.0349235675369946,7
"1544","art;art",0.0353403986078927,7
"1545","beb;babe",0.027065426519824,7
"1546","b@k;back",0.026611514027752,7
"1547","bat;baht",1.75093768127417,7
"1548","bErn;bairn",0.0767906590382044,7
"1549","bet;bait",0.0209260647683213,7
"1550","bek;bake",0.0245022013628737,7
"1551","bck;balk",0.0233003359950847,7
"1552","bam;balm",1.73073336848731,7
"1553","bar;bar",48.6689079328584,7
"1554","barb;barb",1.8378655833616,7
"1555","barbd;barbed",0.0902513920551781,7
"1556","barbX;barber",0.0655197942346911,7
"1557","bard;bard",1.84738572864601,7
"1558","bEr;bare",1.60772009765336,7
"1559","barJ;barge",1.80068309328511,7
"1560","bark;bark",1.84825289826483,7
"1561","barkX;barker",0.0416061297229336,7
"1562","barn;barn",1.81865692752705,7
"1563","b@ro;barrow",0.0624275746171843,7
"1564","b@S;bash",0.0596886633672771,7
"1565","b@t;bat",0.0230084108162508,7
"1566","b@C;batch",0.0490792290714279,7
"1567","biC;beach",0.048357444830277,7
"1568","bik;beak",0.0258816585384173,7
"1569","bim;beam",0.04754433775067,7
"1570","bIrd;beard",0.0502673433783519,7
"1571","bit;beat",0.0222755001603964,7
"1572","bo;beau",0.0209843637425494,7
"1573","boz;beaux",0.0209843637425494,7
"1574","bEk;beck",0.0453475080107155,7
"1575","bEd;bed",0.0232792726737888,7
"1576","bIn;been",0.0222152487782817,7
"1577","bIr;beer",1.60739465617378,7
"1578","bEg;beg",0.0228982954760107,7
"1579","bEl;bell",0.023313201176247,7
"1580","bEri;berry",0.0242874613513811,7
"1581","bErL;beryl",0.0242874613513811,7
"1582","bEt;bet",0.0417915476109809,7
"1583","bIb;bib",0.0480105514421381,7
"1584","bId;bid",0.0250400958432718,7
"1585","bIg;big",0.022481162026887,7
"1586","bYt;bight",0.0197625905692874,7
"1587","bYk;bike",0.0233003359950847,7
"1588","bIl;bill",0.0228157652716297,7
"1589","bRC;birch",0.0455446467531185,7
"1590","bIt;bit",0.0411155821102768,7
"1591","bIC;bitch",0.0676939825006478,7
"1592","blEr;blare",0.021642800332842,7
"1593","blIr;blear",0.0196204992996122,7
"1594","blab;blob",0.0293052870995705,7
"1595","blak;bloc",0.0238377388806119,7
"1596","blat;blot",0.0201880813614818,7
"1597","blaC;blotch",0.0445634633061255,7
"1598","box;boa",0.0209843637425494,7
"1599","bor;boar",1.60748690628001,7
"1600","bord;board",0.0532016482684702,7
"1601","bot;boat",0.040315054016388,7
"1602","bab;bob",1.79964763618009,7
"1603","babL;bobble",0.0282737622903377,7
"1604","babi;bobby",0.0309812178570317,7
"1605","baCi;boccie",0.0438211980348579,7
"1606","bak;bock",1.78669276490764,7
"1607","bod;bode",0.0239057728389125,7
"1608","bol;bole",0.0220665935757932,7
"1609","bamX;bomber",0.042127763788553,7
"1610","band;bond",0.0298886774230201,7
"1611","bon;bone",0.0241133408174787,7
"1612","bUk;book",0.0263682665442267,7
"1613","bum;boom",0.0453893489498312,7
"1614","but;boot",0.0213024451025819,7
"1615","born;born",0.0742624798600176,7
"1616","baro;borrow",1.81273496636762,7
"1617","baS;bosh",1.71159490483183,7
"1618","baC;botch",1.7277532806971,7
"1619","boT;both",0.0209843637425494,7
"1620","batL;bottle",0.0193636721986423,7
"1621","batM;bottom",0.0173129406820566,7
"1622","bct;bought",0.0197625905692874,7
"1623","bWt;bout",0.0193058623449697,7
"1624","baks;box",0.0199273561507443,7
"1625","b^k;buck",0.0249268423724542,7
"1626","b^m;bum",0.0461589991123948,7
"1627","bUS;bush",0.0570251924315746,7
"1628","b^t;but",0.0213527765536224,7
"1629","kam;calm",0.0713291464508652,7
"1630","kar;car",1.82479374446784,7
"1631","kard;card",0.0615056698332796,7
"1632","kEr;care",0.0491935749491887,7
"1633","karp;carp",0.0262145011662138,7
"1634","kart;cart",0.0293849264563726,7
"1635","karv;carve",0.0256459441943952,7
"1636","CEr;chair",0.055786254045678,7
"1637","Car;char",1.81796837601273,7
"1638","Card;chard",0.0686684867869341,7
"1639","CarJ;charge",0.0982962659109895,7
"1640","Carm;charm",0.036141757458983,7
"1641","Cart;chart",0.0365729955601291,7
"1642","CIr;cheer",0.0535676420782483,7
"1643","Cak;chock",0.0551688244284404,7
"1644","Can;chon",0.0315854724301262,7
"1645","Cap;chop",0.0344288540661184,7
"1646","Cor;chore",0.0534071489008981,7
"1647","kab;cob",0.0575620320275682,7
"1648","kak;cock",0.0509881606318294,7
"1649","kad;cod",0.030345287605635,7
"1650","kag;cog",0.0293833452621159,7
"1651","kan;con",0.0286524694756348,7
"1652","kap;cop",0.0314266760488534,7
"1653","kor;core",0.046815440296253,7
"1654","kat;cot",0.0477029152498896,7
"1655","zar;czar",1.77647508757203,7
"1656","dEr;dare",0.0256778135207347,7
"1657","dark;dark",0.045809858219894,7
"1658","darn;darn",0.0574518704134816,7
"1659","dIr;dear",0.0233897202040909,7
"1660","dak;dock",0.024836377843519,7
"1661","dat;dot",0.020201444923721,7
"1662","Ir;ear",0.0552601249871609,7
"1663","fEr;fair",0.0581743992118186,7
"1664","far;far",1.81743431014936,7
"1665","fars;farce",0.0334057012473527,7
"1666","farm;farm",0.0352076275420137,7
"1667","fIr;fear",0.0559428411010098,7
"1668","fYr;fire",0.0351034845600783,7
"1669","fab;fob",0.0620858273774995,7
"1670","fap;fop",0.034782281812008,7
"1671","for;for",0.0557850942119715,7
"1672","garb;garb",0.0577586906071703,7
"1673","gIr;gear",0.0233313589610058,7
"1674","gab;gob",0.0340042969759026,7
"1675","gor;gore",0.023194059177541,7
"1676","gat;got",0.0203418033267186,7
"1677","gard;guard",0.038568481603044,7
"1678","hEr;hair",0.0259002859163621,7
"1679","hard;hard",0.0360119018688415,7
"1680","hark;hark",0.0439550704162964,7
"1681","hIr;hear",0.0235997549740582,7
"1682","hab;hob",0.03091035984139,7
"1683","hak;hock",0.0252498998372498,7
"1684","hat;hot",0.0206207521311693,7
"1685","Wr;hour",0.0316939206452168,7
"1686","Yr;ire",0.0345671928107824,7
"1687","Jar;jar",1.81310274521382,7
"1688","JIr;jeer",0.0579194670757543,7
"1689","Jab;job",0.070478203544329,7
"1690","Jag;jog",0.0417772879309816,7
"1691","JaS;josh",0.0948897959700752,7
"1692","Jas;joss",0.0398738903497614,7
"1693","Jat;jot",0.0602730848099467,7
"1694","nab;knob",0.0328617148628413,7
"1695","nak;knock",0.0263306453319578,7
"1696","nat;knot",0.0225393358760092,7
"1697","lEr;lair",0.0271929498156013,7
"1698","lard;lard",0.0383283128151173,7
"1699","larJ;large",0.0675134231162742,7
"1700","lark;lark",0.0463071969086376,7
"1701","lIr;leer",0.0247600105641945,7
"1702","lab;lob",0.0319057054279571,7
"1703","lak;loch",0.0259724976328155,7
"1704","lor;lore",0.0234533738039441,7
"1705","lat;lot",0.0212589757484592,7
"1706","ma;ma",0.0245001744377204,7
"1707","mar;mar",1.82755256660087,7
"1708","marC;march",0.0290128891831476,7
"1709","mEr;mare",0.0483238346054663,7
"1710","marJ;marge",0.0936120965159656,7
"1711","mark;mark",0.0708913336289201,7
"1712","marl;marl",0.0281901381753802,7
"1713","marz;mars",0.0274425365041606,7
"1714","marS;marsh",0.0274425365041606,7
"1715","mart;mart",0.0305143628511231,7
"1716","mIr;mere",0.0460648592958872,7
"1717","mYr;mire",0.025488851408379,7
"1718","mab;mob",0.0542684509401946,7
"1719","mak;mock",0.0485233158928217,7
"1720","mal;moll",0.0244727170886,7
"1721","mor;moor",0.0459153474330429,7
"1722","map;mop",0.0272150543608502,7
"1723","maro;morrow",0.0944831076623239,7
"1724","nard;nard",0.0351356326447254,7
"1725","nIr;near",0.0233313589610058,7
"1726","nor;nor",0.023194059177541,7
"1727","naC;notch",0.0430279508103242,7
"1728","or;oar",0.0551072377840943,7
"1729","ad;odd",0.0305530135039328,7
"1730","pa;pa",0.0260177459103136,7
"1731","pEr;pair",0.0475027646105134,7
"1732","pam;palm",0.0692386801919254,7
"1733","par;par",1.82900551506321,7
"1734","parx;para",0.0238725833711976,7
"1735","parC;parch",0.0254338546871491,7
"1736","pard;pard",0.059539708945932,7
"1737","park;park",0.0672419370504733,7
"1738","pars;parse",0.0258763690585609,7
"1739","part;part",0.0274045148674734,7
"1740","pIr;peer",0.0452415026005143,7
"1741","pak;pock",0.0498853461688104,7
"1742","pad;pod",0.0282727900809531,7
"1743","por;poor",0.0450926775706822,7
"1744","pap;pop",0.0285458705829741,7
"1745","paS;posh",0.0811322505866049,7
"1746","pat;pot",0.0456478395574024,7
"1747","sam;psalm",0.0453678886570951,7
"1748","pYr;pyre",0.0246874590179145,7
"1749","rEr;rare",0.0259002859163621,7
"1750","rIr;rear",0.0235997549740582,7
"1751","ror;roar",0.023464838502163,7
"1752","rab;rob",0.0309262549423095,7
"1753","rak;rock",0.0244139480956682,7
"1754","rat;rot",0.0206367257341423,7
"1755","skar;scar",0.0266691937929587,7
"1756","sIr;sear",0.0233313589610058,7
"1757","Sard;shard",0.0360121336052515,7
"1758","SEr;share",0.0259002859163621,7
"1759","Sark;shark",0.043974045751057,7
"1760","SIr;shear",0.0235997549740582,7
"1761","Sak;shock",0.0248146639221328,7
"1762","Sor;shore",0.023464838502163,7
"1763","Sat;shot",0.0202013363568226,7
"1764","sor;soar",0.023194059177541,7
"1765","sab;sob",0.0322576282453056,7
"1766","sak;sock",0.0257258236338218,7
"1767","saro;sorrow",0.0640415295817426,7
"1768","sat;sot",0.0219328237308932,7
"1769","spar;spar",0.0242277705815609,7
"1770","star;star",0.0310683443569601,7
"1771","tar;tar",1.82082302462878,7
"1772","tEr;tare",0.0559570784255163,7
"1773","tarn;tarn",0.085010531121246,7
"1774","tart;tart",0.0341696173185581,7
"1775","DEr;their",0.0254433171684723,7
"1776","tIr;tier",0.0537021815347999,7
"1777","tYr;tire",0.0330443268962723,7
"1778","tag;tog",0.03083796587269,7
"1779","tap;top",0.0324935643013406,7
"1780","tor;tor",0.0535504665737362,7
"1781","tat;tot",0.050285676458048,7
"1782","tUr;tour",0.0301651879068547,7
"1783","vIr;veer",0.0230928363833597,7
"1784","wor;war",0.0232642510748883,7
"1785","wEr;ware",0.0256896643546638,7
"1786","wat;watt",0.0198736961957065,7
"1787","hor;whore",0.023464838502163,7
"1788","yat;yacht",0.0198736961957065,7
"1789","yard;yard",0.0376218373084703,7
"1790","yarn;yarn",0.0572286654593255,7
"1791","yIr;year",0.0233313589610058,7
"1792","yor;yore",0.023194059177541,7
"1793","xfar;afar",0.0431413408016222,8
"1794","Er;air",0.071995644245072,8
"1795","xJar;ajar",0.0473826101439679,8
"1796","ark;arc",0.0937488485804007,8
"1797","arC;arch",0.0419256800389346,8
"1798","ar;are",1.92472487006861,8
"1799","arm;arm",0.0441102276729394,8
"1800","art;art",0.0447826436108826,8
"1801","beb;babe",0.0334785427101281,8
"1802","b@k;back",0.0342798303273617,8
"1803","bat;baht",1.84320460581932,8
"1804","bErn;bairn",0.0949327904545051,8
"1805","bet;bait",0.0267768476049021,8
"1806","bek;bake",0.0311567042593551,8
"1807","bck;balk",0.0293882376825676,8
"1808","bam;balm",1.81972464653148,8
"1809","bar;bar",44.070634249534,8
"1810","barb;barb",1.95089112362186,8
"1811","barbd;barbed",0.11151198460678,8
"1812","barbX;barber",0.0824351568661573,8
"1813","bard;bard",1.96469555955775,8
"1814","bEr;bare",1.66961282914729,8
"1815","barJ;barge",1.90410558926163,8
"1816","bark;bark",1.9630139707063,8
"1817","barkX;barker",0.0519511958802289,8
"1818","barn;barn",1.92773915211456,8
"1819","b@ro;barrow",0.0763263167817728,8
"1820","b@S;bash",0.0738439863168068,8
"1821","b@t;bat",0.0298627532748776,8
"1822","b@C;batch",0.0615065945796647,8
"1823","biC;beach",0.0604540622018899,8
"1824","bik;beak",0.0332126815191375,8
"1825","bim;beam",0.0592463704461039,8
"1826","bIrd;beard",0.0618208659403689,8
"1827","bit;beat",0.0287900548692061,8
"1828","bo;beau",0.0261072083525396,8
"1829","boz;beaux",0.0261072083525396,8
"1830","bEk;beck",0.0564680509162777,8
"1831","bEd;bed",0.0289273185558866,8
"1832","bIn;been",0.0279397918022248,8
"1833","bIr;beer",1.6685862576458,8
"1834","bEg;beg",0.0283486502174267,8
"1835","bEl;bell",0.0289638177879236,8
"1836","bEri;berry",0.0303876492791814,8
"1837","bErL;beryl",0.0303876492791814,8
"1838","bEt;bet",0.0521135078921357,8
"1839","bIb;bib",0.059515523020757,8
"1840","bId;bid",0.0320748802341192,8
"1841","bIg;big",0.0283162946601208,8
"1842","bYt;bight",0.0250632372455579,8
"1843","bYk;bike",0.0293882376825676,8
"1844","bIl;bill",0.0288170170116209,8
"1845","bRC;birch",0.0562879442545479,8
"1846","bIt;bit",0.0517125105671245,8
"1847","bIC;bitch",0.0841127880176473,8
"1848","blEr;blare",0.0264760343083335,8
"1849","blIr;blear",0.024046416293936,8
"1850","blab;blob",0.0367950064084918,8
"1851","blak;bloc",0.0301121145175995,8
"1852","blat;blot",0.0256210898357407,8
"1853","blaC;blotch",0.0548641489738624,8
"1854","box;boa",0.0261072083525396,8
"1855","bor;boar",1.66873794840596,8
"1856","bord;board",0.0661068829107736,8
"1857","bot;boat",0.0505254665219057,8
"1858","bab;bob",1.90308439368299,8
"1859","babL;bobble",0.035304765591251,8
"1860","babi;bobby",0.039196831244174,8
"1861","baCi;boccie",0.0537621953447893,8
"1862","bak;bock",1.887288077511,8
"1863","bod;bode",0.0304284508404209,8
"1864","bol;bole",0.0277094080475904,8
"1865","bamX;bomber",0.0512283210134463,8
"1866","band;bond",0.0366228924630655,8
"1867","bon;bone",0.0307073990655119,8
"1868","bUk;book",0.0338514385525577,8
"1869","bum;boom",0.0560568536458772,8
"1870","but;boot",0.0273121153059903,8
"1871","born;born",0.0917535145215418,8
"1872","baro;borrow",1.92160251046068,8
"1873","baS;bosh",1.79488900399738,8
"1874","baC;botch",1.81543224424175,8
"1875","boT;both",0.0261072083525396,8
"1876","batL;bottle",0.024385227465522,8
"1877","batM;bottom",0.0213769190634356,8
"1878","bct;bought",0.0250632372455579,8
"1879","bWt;bout",0.0243824696367487,8
"1880","baks;box",0.0243156661246257,8
"1881","b^k;buck",0.0317844614754826,8
"1882","b^m;bum",0.0571970927088876,8
"1883","bUS;bush",0.0699253762434613,8
"1884","b^t;but",0.0274083965426727,8
"1885","kam;calm",0.0884694794770402,8
"1886","kar;car",1.93422108965083,8
"1887","kard;card",0.0775379680242065,8
"1888","kEr;care",0.0612718427440392,8
"1889","karp;carp",0.0327951586582187,8
"1890","kart;cart",0.0375511646547522,8
"1891","karv;carve",0.0319421225445545,8
"1892","CEr;chair",0.0694383493690673,8
"1893","Car;char",1.92563396670132,8
"1894","Card;chard",0.0865383651765375,8
"1895","CarJ;charge",0.121780719748217,8
"1896","Carm;charm",0.0458969045878003,8
"1897","Cart;chart",0.0465955021403166,8
"1898","CIr;cheer",0.0667300475877045,8
"1899","Cak;chock",0.0689326531594233,8
"1900","Can;chon",0.0391379642771166,8
"1901","Cap;chop",0.0433754914623815,8
"1902","Cor;chore",0.066489176847628,8
"1903","kab;cob",0.0727201459098821,8
"1904","kak;cock",0.0643989917704895,8
"1905","kad;cod",0.0389352230653724,8
"1906","kag;cog",0.0375245975736434,8
"1907","kan;con",0.0364183411407654,8
"1908","kap;cop",0.0405871175519243,8
"1909","kor;core",0.0583241634368979,8
"1910","kat;cot",0.0604661969218921,8
"1911","zar;czar",1.87268732546867,8
"1912","dEr;dare",0.0325104817203746,8
"1913","dark;dark",0.0582227266249196,8
"1914","darn;darn",0.0718798538514075,8
"1915","dIr;dear",0.0297014993412737,8
"1916","dak;dock",0.031691887831275,8
"1917","dat;dot",0.0257323625094222,8
"1918","Ir;ear",0.0692405636784474,8
"1919","fEr;fair",0.0725564310571684,8
"1920","far;far",1.92523754702434,8
"1921","fars;farce",0.0414118415048976,8
"1922","farm;farm",0.0440816675245979,8
"1923","fIr;fear",0.0698294385470192,8
"1924","fYr;fire",0.0439369474300884,8
"1925","fab;fob",0.0773476624085341,8
"1926","fap;fop",0.0434893320897789,8
"1927","for;for",0.0695924815811341,8
"1928","garb;garb",0.0710305313375656,8
"1929","gIr;gear",0.0296145486703746,8
"1930","gab;gob",0.0437754524907482,8
"1931","gor;gore",0.029407422116106,8
"1932","gat;got",0.0259500694305645,8
"1933","gard;guard",0.0495349682886404,8
"1934","hEr;hair",0.0328446420735173,8
"1935","hard;hard",0.0458227123095867,8
"1936","hark;hark",0.0554871559804805,8
"1937","hIr;hear",0.030017315864968,8
"1938","hab;hob",0.0392650262982861,8
"1939","hak;hock",0.0323059312385251,8
"1940","hat;hot",0.0263624292938831,8
"1941","Wr;hour",0.0392899575062609,8
"1942","Yr;ire",0.0435588575731205,8
"1943","Jar;jar",1.91982437169949,8
"1944","JIr;jeer",0.0717471463328207,8
"1945","Jab;job",0.08875356478403,8
"1946","Jag;jog",0.0527821718388514,8
"1947","JaS;josh",0.116931504688397,8
"1948","Jas;joss",0.049957861837697,8
"1949","Jat;jot",0.0759748504517738,8
"1950","nab;knob",0.0421131727363792,8
"1951","nak;knock",0.0338570923899246,8
"1952","nat;knot",0.0291640645073213,8
"1953","lEr;lair",0.0347309116425917,8
"1954","lard;lard",0.0492441127326329,8
"1955","larJ;large",0.0838364333359265,8
"1956","lark;lark",0.0589607697336505,8
"1957","lIr;leer",0.0317139897718776,8
"1958","lab;lob",0.0407480675514179,8
"1959","lak;loch",0.0333989280421118,8
"1960","lor;lore",0.0298010843212101,8
"1961","lat;lot",0.0273250548070633,8
"1962","ma;ma",0.0307316772555518,8
"1963","mar;mar",1.93790127919244,8
"1964","marC;march",0.0374888473931473,8
"1965","mEr;mare",0.0604612696679615,8
"1966","marJ;marge",0.116954069797151,8
"1967","mark;mark",0.0898691079307786,8
"1968","marl;marl",0.0362578904526269,8
"1969","marz;mars",0.0351473623815881,8
"1970","marS;marsh",0.0351473623815881,8
"1971","mart;mart",0.0397686900833235,8
"1972","mIr;mere",0.0576942269782623,8
"1973","mYr;mire",0.0321850394610134,8
"1974","mab;mob",0.068276713823477,8
"1975","mak;mock",0.0611943493854436,8
"1976","mal;moll",0.0306954251974541,8
"1977","mor;moor",0.0574693029865495,8
"1978","map;mop",0.0347818115416245,8
"1979","maro;morrow",0.118225653159008,8
"1980","nard;nard",0.0445154034370037,8
"1981","nIr;near",0.0296145486703746,8
"1982","nor;nor",0.029407422116106,8
"1983","naC;notch",0.0525890083695976,8
"1984","or;oar",0.0690105763457614,8
"1985","ad;odd",0.0376213673003865,8
"1986","pa;pa",0.0331829131020206,8
"1987","pEr;pair",0.0594538628392687,8
"1988","pam;palm",0.086024164604086,8
"1989","par;par",1.93982620528993,8
"1990","parx;para",0.0300277988215251,8
"1991","parC;parch",0.0323603667060546,8
"1992","pard;pard",0.0753482997423171,8
"1993","park;park",0.0846355557062009,8
"1994","pars;parse",0.0329729432894615,8
"1995","part;part",0.03533826584238,8
"1996","pIr;peer",0.0566834806115845,8
"1997","pak;pock",0.0634223516695241,8
"1998","pad;pod",0.0365130337533737,8
"1999","por;poor",0.0564595599758693,8
"2000","pap;pop",0.0369672754066723,8
"2001","paS;posh",0.100272901005147,8
"2002","pat;pot",0.058074962882497,8
"2003","sam;psalm",0.0560461750781377,8
"2004","pYr;pyre",0.0312062542861778,8
"2005","rEr;rare",0.0328446420735173,8
"2006","rIr;rear",0.030017315864968,8
"2007","ror;roar",0.0298136662993741,8
"2008","rab;rob",0.0392867424382849,8
"2009","rak;rock",0.0310579741206755,8
"2010","rat;rot",0.0263842813340415,8
"2011","skar;scar",0.0334487855135628,8
"2012","sIr;sear",0.0296145486703746,8
"2013","Sard;shard",0.0458231293920445,8
"2014","SEr;share",0.0328446420735173,8
"2015","Sark;shark",0.0555145508648376,8
"2016","SIr;shear",0.030017315864968,8
"2017","Sak;shock",0.0316521136920922,8
"2018","Sor;shore",0.0298136662993741,8
"2019","Sat;shot",0.0257320984928284,8
"2020","sor;soar",0.029407422116106,8
"2021","sab;sob",0.0412466864346048,8
"2022","sak;sock",0.0329892911853135,8
"2023","saro;sorrow",0.0787237073264985,8
"2024","sat;sot",0.0282932370274561,8
"2025","spar;spar",0.0305036726286362,8
"2026","star;star",0.0387621905235586,8
"2027","tar;tar",1.92946427877054,8
"2028","tEr;tare",0.0700822328450004,8
"2029","tarn;tarn",0.105440971541268,8
"2030","tart;tart",0.0433923300043388,8
"2031","DEr;their",0.0321589395570125,8
"2032","tIr;tier",0.0673214624101834,8
"2033","tYr;tire",0.041691004431395,8
"2034","tag;tog",0.0384344706831782,8
"2035","tap;top",0.0409062066529721,8
"2036","tor;tor",0.0670931933654855,8
"2037","tat;tot",0.0630265974711083,8
"2038","tUr;tour",0.0374135574130691,8
"2039","vIr;veer",0.029257221155147,8
"2040","wor;war",0.0295118276983413,8
"2041","wEr;ware",0.0325279741110631,8
"2042","wat;watt",0.0252390609205393,8
"2043","hor;whore",0.0298136662993741,8
"2044","yat;yacht",0.0252390609205393,8
"2045","yard;yard",0.0481978818160473,8
"2046","yarn;yarn",0.07155176946494,8
"2047","yIr;year",0.0296145486703746,8
"2048","yor;yore",0.029407422116106,8
"2049","xfar;afar",0.0518921013787936,9
"2050","Er;air",0.0869739197565041,9
"2051","xJar;ajar",0.0568003184927741,9
"2052","ark;arc",0.113158471934897,9
"2053","arC;arch",0.0507276536379435,9
"2054","ar;are",2.00819171578646,9
"2055","arm;arm",0.0537449344214689,9
"2056","art;art",0.0547567463224003,9
"2057","beb;babe",0.0399598984292852,9
"2058","b@k;back",0.0425559263925551,9
"2059","bat;baht",1.91177182396456,9
"2060","bErn;bairn",0.113246914172036,9
"2061","bet;bait",0.0330445709752648,9
"2062","bek;bake",0.0382192692847503,9
"2063","bck;balk",0.0357786014258038,9
"2064","bam;balm",1.88535971359261,9
"2065","bar;bar",39.9473048273989,9
"2066","barb;barb",2.0403726585747,9
"2067","barbd;barbed",0.132958038889567,9
"2068","barbX;barber",0.100015178363331,9
"2069","bard;bard",2.05925562671162,9
"2070","bEr;bare",1.70874571739407,9
"2071","barJ;barge",1.9836145594667,9
"2072","bark;bark",2.05404863708577,9
"2073","barkX;barker",0.0625906746591199,9
"2074","barn;barn",2.01346525748341,9
"2075","b@ro;barrow",0.0900448241087142,9
"2076","b@S;bash",0.088142929438427,9
"2077","b@t;bat",0.0373332060225144,9
"2078","b@C;batch",0.0743581082426133,9
"2079","biC;beach",0.0729190615762692,9
"2080","bik;beak",0.0410930552907599,9
"2081","bim;beam",0.0712361846706627,9
"2082","bIrd;beard",0.0733759144679495,9
"2083","bit;beat",0.0358612618403507,9
"2084","bo;beau",0.0313564904776211,9
"2085","boz;beaux",0.0313564904776211,9
"2086","bEk;beck",0.0678805303434264,9
"2087","bEd;bed",0.0346998709633436,9
"2088","bIn;been",0.0339147609159208,9
"2089","bIr;beer",1.70679347316657,9
"2090","bEg;beg",0.0338764219635899,9
"2091","bEl;bell",0.0347321109302504,9
"2092","bEri;berry",0.0366820496074054,9
"2093","bErL;beryl",0.0366820496074054,9
"2094","bEt;bet",0.0627347521138617,9
"2095","bIb;bib",0.0712011560057561,9
"2096","bId;bid",0.0395931564459752,9
"2097","bIg;big",0.0344143107152721,9
"2098","bYt;bight",0.0306774424561863,9
"2099","bYk;bike",0.0357786014258038,9
"2100","bIl;bill",0.0351171108393607,9
"2101","bRC;birch",0.067130970052468,9
"2102","bIt;bit",0.0627806510317705,9
"2103","bIC;bitch",0.10086232632791,9
"2104","blEr;blare",0.0312558653719612,9
"2105","blIr;blear",0.0284366248063662,9
"2106","blab;blob",0.0445656038601784,9
"2107","blak;bloc",0.0366838027978908,9
"2108","blat;blot",0.0313506526286628,9
"2109","blaC;blotch",0.0651931617089571,9
"2110","box;boa",0.0313564904776211,9
"2111","bor;boar",1.70702409244429,9
"2112","bord;board",0.0792481805716513,9
"2113","bot;boat",0.0611302691897504,9
"2114","bab;bob",1.98277268509448,9
"2115","babL;bobble",0.0425440745967657,9
"2116","babi;bobby",0.0477924670143544,9
"2117","baCi;boccie",0.0636574002690271,9
"2118","bak;bock",1.96417938491674,9
"2119","bod;bode",0.0373514604092515,9
"2120","bol;bole",0.0335816741305464,9
"2121","bamX;bomber",0.0601033708084976,9
"2122","band;bond",0.0433011061617997,9
"2123","bon;bone",0.0377002459210065,9
"2124","bUk;book",0.0418678766524197,9
"2125","bum;boom",0.0668080325001816,9
"2126","but;boot",0.0337575774269681,9
"2127","born;born",0.109385200697815,9
"2128","baro;borrow",2.0074387798355,9
"2129","baS;bosh",1.85439469881758,9
"2130","baC;botch",1.87956391676097,9
"2131","boT;both",0.0313564904776211,9
"2132","batL;bottle",0.0296135662089656,9
"2133","batM;bottom",0.0254732580897251,9
"2134","bct;bought",0.0306774424561863,9
"2135","bWt;bout",0.0297254171295073,9
"2136","baks;box",0.0286244140747024,9
"2137","b^k;buck",0.0390898095622804,9
"2138","b^m;bum",0.0683928046172907,9
"2139","bUS;bush",0.0827347354804536,9
"2140","b^t;but",0.0339213628090921,9
"2141","kam;calm",0.105903610677339,9
"2142","kar;car",2.01991891099689,9
"2143","kard;card",0.094340536033125,9
"2144","kEr;care",0.0736584825236205,9
"2145","karp;carp",0.0395927126540281,9
"2146","kart;cart",0.0462846135083179,9
"2147","karv;carve",0.0383924222787671,9
"2148","CEr;chair",0.0834180578424337,9
"2149","Car;char",2.0094683844573,9
"2150","Card;chard",0.105243193763386,9
"2151","CarJ;charge",0.145582595583726,9
"2152","Carm;charm",0.0562024739940863,9
"2153","Cart;chart",0.057257119500197,9
"2154","CIr;cheer",0.0802283549797751,9
"2155","Cak;chock",0.0831250308281732,9
"2156","Can;chon",0.0467983014357955,9
"2157","Cap;chop",0.0527220736134768,9
"2158","Cor;chore",0.0798892920715478,9
"2159","kab;cob",0.0886531370458618,9
"2160","kak;cock",0.0784967898666468,9
"2161","kad;cod",0.0481538834113144,9
"2162","kag;cog",0.0462127329633187,9
"2163","kan;con",0.0446434285815625,9
"2164","kap;cop",0.0505181978131839,9
"2165","kor;core",0.0701318767342904,9
"2166","kat;cot",0.0739655371368641,9
"2167","zar;czar",1.94435053250434,9
"2168","dEr;dare",0.039721200733927,9
"2169","dark;dark",0.0713694377295924,9
"2170","darn;darn",0.0867613027012965,9
"2171","dIr;dear",0.0363947204821554,9
"2172","dak;dock",0.0390198442779796,9
"2173","dat;dot",0.0316344815221148,9
"2174","Ir;ear",0.0837208839226899,9
"2175","fEr;fair",0.0873366516053744,9
"2176","far;far",2.00929573484547,9
"2177","fars;farce",0.0495395052396503,9
"2178","farm;farm",0.0532497785101156,9
"2179","fIr;fear",0.0841216461008274,9
"2180","fYr;fire",0.0530622035254886,9
"2181","fab;fob",0.0930052593024682,9
"2182","fap;fop",0.0524800348371016,9
"2183","for;for",0.0837878086416407,9
"2184","garb;garb",0.0842965345603369,9
"2185","gIr;gear",0.0362731962288036,9
"2186","gab;gob",0.0542936833103854,9
"2187","gor;gore",0.0359801695528345,9
"2188","gat;got",0.0319499780565432,9
"2189","gard;guard",0.0613208345980332,9
"2190","hEr;hair",0.0401920116063392,9
"2191","hard;hard",0.0562657663540952,9
"2192","hark;hark",0.0675860230549461,9
"2193","hIr;hear",0.0368401517577785,9
"2194","hab;hob",0.0481267236161079,9
"2195","hak;hock",0.039875539868143,9
"2196","hat;hot",0.0325225069800801,9
"2197","Wr;hour",0.0469973560275205,9
"2198","Yr;ire",0.0529460143287385,9
"2199","Jar;jar",2.00276553089906,9
"2200","JIr;jeer",0.0857843816251363,9
"2201","Jab;job",0.107828812826158,9
"2202","Jag;jog",0.0643079577370693,9
"2203","JaS;josh",0.139045036256028,9
"2204","Jas;joss",0.0603770171361458,9
"2205","Jat;jot",0.092394849452138,9
"2206","nab;knob",0.0520259095495844,9
"2207","nak;knock",0.0419622335034401,9
"2208","nat;knot",0.0363597343964817,9
"2209","lEr;lair",0.0427736824041667,9
"2210","lard;lard",0.0610053925145341,9
"2211","larJ;large",0.100449743605528,9
"2212","lark;lark",0.0723972698551158,9
"2213","lIr;leer",0.0391670719753215,9
"2214","lab;lob",0.050198996053112,9
"2215","lak;loch",0.0414248687095559,9
"2216","lor;lore",0.036540232952562,9
"2217","lat;lot",0.0338834622947955,9
"2218","ma;ma",0.0372013157908255,9
"2219","mar;mar",2.02465380747755,9
"2220","marC;march",0.0466913148122224,9
"2221","mEr;mare",0.0730106025400942,9
"2222","marJ;marge",0.140991600719736,9
"2223","mark;mark",0.109916897617223,9
"2224","marl;marl",0.0449638010923615,9
"2225","marz;mars",0.0434162588281728,9
"2226","marS;marsh",0.0434162588281728,9
"2227","mart;mart",0.0499365968397207,9
"2228","mIr;mere",0.0697407346353618,9
"2229","mYr;mire",0.0392044895554516,9
"2230","mab;mob",0.0828987873901414,9
"2231","mak;mock",0.0744793380315274,9
"2232","mal;moll",0.0371573721752042,9
"2233","mor;moor",0.0694233851953641,9
"2234","map;mop",0.042868792750081,9
"2235","maro;morrow",0.142731130397474,9
"2236","nard;nard",0.0544362759427832,9
"2237","nIr;near",0.0362731962288036,9
"2238","nor;nor",0.0359801695528345,9
"2239","naC;notch",0.0620323081273147,9
"2240","or;oar",0.0833964177628761,9
"2241","ad;odd",0.0447084483763011,9
"2242","pa;pa",0.040806712825187,9
"2243","pEr;pair",0.0718185115338405,9
"2244","pam;palm",0.103142442133465,9
"2245","par;par",2.02709410880771,9
"2246","parx;para",0.0364550591769561,9
"2247","parC;parch",0.0397239788108128,9
"2248","pard;pard",0.09203427835334,9
"2249","park;park",0.10280234902357,9
"2250","pars;parse",0.0405155051816286,9
"2251","part;part",0.0439435758675541,9
"2252","pIr;peer",0.068544070791587,9
"2253","pak;pock",0.0777841960248837,9
"2254","pad;pod",0.045420211890111,9
"2255","por;poor",0.0682280956462208,9
"2256","pap;pop",0.046119693560917,9
"2257","paS;posh",0.1195954904933,9
"2258","pat;pot",0.0712818013556115,9
"2259","sam;psalm",0.0668232999115744,9
"2260","pYr;pyre",0.0380514342578326,9
"2261","rEr;rare",0.0401920116063392,9
"2262","rIr;rear",0.0368401517577785,9
"2263","ror;roar",0.0365518822898539,9
"2264","rab;rob",0.0481543745910567,9
"2265","rak;rock",0.0381280212082917,9
"2266","rat;rot",0.0325503690503372,9
"2267","skar;scar",0.0404720236074915,9
"2268","sIr;sear",0.0362731962288036,9
"2269","Sard;shard",0.0562664419450866,9
"2270","SEr;share",0.0401920116063392,9
"2271","Sark;shark",0.0676230993800158,9
"2272","SIr;shear",0.0368401517577785,9
"2273","Sak;shock",0.0389542609057426,9
"2274","Sor;shore",0.0365518822898539,9
"2275","Sat;shot",0.0316339397123742,9
"2276","sor;soar",0.0359801695528345,9
"2277","sab;sob",0.0508607937713404,9
"2278","sak;sock",0.0407950009142202,9
"2279","saro;sorrow",0.0933847321305574,9
"2280","sat;sot",0.0351876260286421,9
"2281","spar;spar",0.0370448794014171,9
"2282","star;star",0.0466650414697954,9
"2283","tar;tar",2.01438942379791,9
"2284","tEr;tare",0.0847029750731227,9
"2285","tarn;tarn",0.126197291871816,9
"2286","tart;tart",0.0531506085187552,9
"2287","DEr;their",0.0392268342909083,9
"2288","tIr;tier",0.081442123560469,9
"2289","tYr;tire",0.0507374387528301,9
"2290","tag;tog",0.0462290973576094,9
"2291","tap;top",0.0496910011012293,9
"2292","tor;tor",0.0811200182749668,9
"2293","tat;tot",0.0762466530704843,9
"2294","tUr;tour",0.0447771083495624,9
"2295","vIr;veer",0.0357710405986,9
"2296","wor;war",0.036125848316712,9
"2297","wEr;ware",0.0397454179263959,9
"2298","wat;watt",0.0309379964163927,9
"2299","hor;whore",0.0365518822898539,9
"2300","yat;yacht",0.0309379964163927,9
"2301","yard;yard",0.0595519374961299,9
"2302","yarn;yarn",0.0863092884965766,9
"2303","yIr;year",0.0362731962288036,9
"2304","yor;yore",0.0359801695528345,9
"2305","xfar;afar",0.0607056612480278,10
"2306","Er;air",0.102225822377207,10
"2307","xJar;ajar",0.0662321762805555,10
"2308","ark;arc",0.132895903635373,10
"2309","arC;arch",0.0597206518212151,10
"2310","ar;are",2.07109517440503,10
"2311","arm;arm",0.0636904059927261,10
"2312","art;art",0.0651341680472607,10
"2313","beb;babe",0.0464040173563916,10
"2314","b@k;back",0.0513361437685155,10
"2315","bat;baht",1.96028448046254,10
"2316","bErn;bairn",0.131431725269156,10
"2317","bet;bait",0.0396533602966254,10
"2318","bek;bake",0.0455992351697396,10
"2319","bck;balk",0.0423897456592603,10
"2320","bam;balm",1.93126693435245,10
"2321","bar;bar",36.247871027292,10
"2322","barb;barb",2.10955186947899,10
"2323","barbd;barbed",0.154237988374143,10
"2324","barbX;barber",0.117978855475353,10
"2325","bard;bard",2.13425735512221,10
"2326","bEr;bare",1.72927265849499,10
"2327","barJ;barge",2.04261537165016,10
"2328","bark;bark",2.12459580426201,10
"2329","barkX;barker",0.0733591040525573,10
"2330","barn;barn",2.07914979687603,10
"2331","b@ro;barrow",0.103345217029348,10
"2332","b@S;bash",0.102346204503373,10
"2333","b@t;bat",0.0453314542718317,10
"2334","b@C;batch",0.08743378316794,10
"2335","biC;beach",0.0855597974182784,10
"2336","bik;beak",0.0494261980643058,10
"2337","bim;beam",0.0833248161159475,10
"2338","bIrd;beard",0.084742900441113,10
"2339","bit;beat",0.043407772912925,10
"2340","bo;beau",0.0366571159871178,10
"2341","boz;beaux",0.0366571159871178,10
"2342","bEk;beck",0.0794219020235577,10
"2343","bEd;bed",0.0405125032479624,10
"2344","bIn;been",0.040058918177019,10
"2345","bIr;beer",1.72618271893738,10
"2346","bEg;beg",0.039397193146279,10
"2347","bEl;bell",0.0405315752135126,10
"2348","bEri;berry",0.0430736168300732,10
"2349","bErL;beryl",0.0430736168300732,10
"2350","bEt;bet",0.0735061793016955,10
"2351","bIb;bib",0.0828840824292882,10
"2352","bId;bid",0.0474901436768725,10
"2353","bIg;big",0.0406898731974597,10
"2354","bYt;bight",0.0365378381454179,10
"2355","bYk;bike",0.0423897456592603,10
"2356","bIl;bill",0.0416297647945113,10
"2357","bRC;birch",0.0778969468304914,10
"2358","bIt;bit",0.0741738338170903,10
"2359","bIC;bitch",0.117682146655941,10
"2360","blEr;blare",0.0359018751378599,10
"2361","blIr;blear",0.0327161545997287,10
"2362","blab;blob",0.0524983108629668,10
"2363","blak;bloc",0.0434546688567021,10
"2364","blat;blot",0.037292577331547,10
"2365","blaC;blotch",0.0753840306988804,10
"2366","box;boa",0.0366571159871178,10
"2367","bor;boar",1.72651298472564,10
"2368","bord;board",0.0924095006040887,10
"2369","bot;boat",0.0719882417140271,10
"2370","bab;bob",2.0421530315761,10
"2371","babL;bobble",0.049882471358599,10
"2372","babi;bobby",0.0566268292603283,10
"2373","baCi;boccie",0.0733429264510206,10
"2374","bak;bock",2.02085425992779,10
"2375","bod;bode",0.0445815939437884,10
"2376","bol;bole",0.0396022837981419,10
"2377","bamX;bomber",0.0685958007552833,10
"2378","band;bond",0.0498091830546283,10
"2379","bon;bone",0.0449930880833301,10
"2380","bUk;book",0.0503046139117991,10
"2381","bum;boom",0.0774664352598804,10
"2382","but;boot",0.0405569526243606,10
"2383","born;born",0.126864104569548,10
"2384","baro;borrow",2.07352299868148,10
"2385","baS;bosh",1.89384955072943,10
"2386","baC;botch",1.92381440116158,10
"2387","boT;both",0.0366571159871178,10
"2388","batL;bottle",0.0349668666182256,10
"2389","batM;bottom",0.0295359094601629,10
"2390","bct;bought",0.0365378381454179,10
"2391","bWt;bout",0.0352688896245524,10
"2392","baks;box",0.0327768990419348,10
"2393","b^k;buck",0.0467496192009229,10
"2394","b^m;bum",0.0795655933959054,10
"2395","bUS;bush",0.0952332661388239,10
"2396","b^t;but",0.040813292428891,10
"2397","kam;calm",0.123361511510363,10
"2398","kar;car",2.08520467589357,10
"2399","kard;card",0.111691541316712,10
"2400","kEr;care",0.0861699296344942,10
"2401","karp;carp",0.0465071321182574,10
"2402","kart;cart",0.0554789012761061,10
"2403","karv;carve",0.0448980702065397,10
"2404","CEr;chair",0.0975150292711197,10
"2405","Car;char",2.0728024272788,10
"2406","Card;chard",0.124528427773175,10
"2407","CarJ;charge",0.169313845031441,10
"2408","Carm;charm",0.0669108739674353,10
"2409","Cart;chart",0.0684195404039897,10
"2410","CIr;cheer",0.0938609309778611,10
"2411","Cak;chock",0.0975384396849126,10
"2412","Can;chon",0.0544434349198168,10
"2413","Cap;chop",0.0623344386745276,10
"2414","Cor;chore",0.09340616459524,10
"2415","kab;cob",0.105149951222123,10
"2416","kak;cock",0.0930984670768618,10
"2417","kad;cod",0.0578821860804879,10
"2418","kag;cog",0.0553357082786972,10
"2419","kan;con",0.0532161140476122,10
"2420","kap;cop",0.0611033938230098,10
"2421","kor;core",0.0820640478994838,10
"2422","kat;cot",0.0880337443334579,10
"2423","zar;czar",1.99497136272908,10
"2424","dEr;dare",0.0472181760929843,10
"2425","dark;dark",0.0850716295185509,10
"2426","darn;darn",0.101864073847054,10
"2427","dIr;dear",0.0433871030101791,10
"2428","dak;dock",0.0467361268097354,10
"2429","dat;dot",0.0378422739500487,10
"2430","Ir;ear",0.0984900350439666,10
"2431","fEr;fair",0.102295043307481,10
"2432","far;far",2.0729331100176,10
"2433","fars;farce",0.0576583461920792,10
"2434","farm;farm",0.0625713283898265,10
"2435","fIr;fear",0.0986083159762933,10
"2436","fYr;fire",0.0623411966010385,10
"2437","fab;fob",0.108826212263814,10
"2438","fap;fop",0.06162385567459,10
"2439","for;for",0.0981601893124308,10
"2440","garb;garb",0.0973362633969504,10
"2441","gIr;gear",0.0432252463682036,10
"2442","gab;gob",0.0654188058107329,10
"2443","gor;gore",0.0428303083626268,10
"2444","gat;got",0.0382764122334325,10
"2445","gard;guard",0.0737757448187389,10
"2446","hEr;hair",0.0478502824672296,10
"2447","hard;hard",0.0672178054080112,10
"2448","hark;hark",0.0800868919846874,10
"2449","hIr;hear",0.0439857465946083,10
"2450","hab;hob",0.057385140031012,10
"2451","hak;hock",0.0478729674188517,10
"2452","hat;hot",0.0390348564036873,10
"2453","Wr;hour",0.0546907722996016,10
"2454","Yr;ire",0.0625889487543616,10
"2455","Jar;jar",2.06526579789192,10
"2456","JIr;jeer",0.0998158875957383,10
"2457","Jab;job",0.127427283008118,10
"2458","Jag;jog",0.0761802012452916,10
"2459","JaS;josh",0.160861975856733,10
"2460","Jas;joss",0.0709667901954817,10
"2461","Jat;jot",0.109299786735278,10
"2462","nab;knob",0.0624715918767101,10
"2463","nak;knock",0.0505456970235779,10
"2464","nat;knot",0.0440426018883208,10
"2465","lEr;lair",0.0512171136461531,10
"2466","lard;lard",0.0734735438974824,10
"2467","larJ;large",0.11708499138299,10
"2468","lark;lark",0.0864362694106096,10
"2469","lIr;leer",0.0470262675650482,10
"2470","lab;lob",0.060143796530254,10
"2471","lak;loch",0.0499638547210989,10
"2472","lor;lore",0.0435889396839388,10
"2473","lat;lot",0.0408671110240187,10
"2474","ma;ma",0.0438171479502994,10
"2475","mar;mar",2.09112681176703,10
"2476","marC;march",0.0565164896562855,10
"2477","mEr;mare",0.0857920401838426,10
"2478","marJ;marge",0.165358815676788,10
"2479","mark;mark",0.130771513331363,10
"2480","marl;marl",0.0542063215737702,10
"2481","marz;mars",0.05215113855431,10
"2482","marS;marsh",0.05215113855431,10
"2483","mart;mart",0.0609160420483279,10
"2484","mIr;mere",0.0820337194311166,10
"2485","mYr;mire",0.0464469595894225,10
"2486","mab;mob",0.0979335470972651,10
"2487","mak;mock",0.0882025884021318,10
"2488","mal;moll",0.0437678449694342,10
"2489","mor;moor",0.081607115157411,10
"2490","map;mop",0.0513741805727503,10
"2491","maro;morrow",0.167624026836092,10
"2492","nard;nard",0.0647781183791744,10
"2493","nIr;near",0.0432252463682036,10
"2494","nor;nor",0.0428303083626268,10
"2495","naC;notch",0.071201071623773,10
"2496","or;oar",0.0980539094486725,10
"2497","ad;odd",0.0516989983171252,10
"2498","pa;pa",0.0487860142276056,10
"2499","pEr;pair",0.0844203188975921,10
"2500","pam;palm",0.120326056954084,10
"2501","par;par",2.09411464392792,10
"2502","parx;para",0.0430683650824057,10
"2503","parC;parch",0.0474338013794454,10
"2504","pard;pard",0.109391337841396,10
"2505","park;park",0.121492239881961,10
"2506","pars;parse",0.0484028747163824,10
"2507","part;part",0.0531293810646823,10
"2508","pIr;peer",0.0806560339339841,10
"2509","pak;pock",0.0927858618818518,10
"2510","pad;pod",0.0548772816763221,10
"2511","por;poor",0.0802312226224262,10
"2512","pap;pop",0.055892838505472,10
"2513","paS;posh",0.138787441975092,10
"2514","pat;pot",0.0851038204503923,10
"2515","sam;psalm",0.0775275372407536,10
"2516","pYr;pyre",0.0451259513677586,10
"2517","rEr;rare",0.0478502824672296,10
"2518","rIr;rear",0.0439857465946083,10
"2519","ror;roar",0.0435970097206962,10
"2520","rab;rob",0.0574184368076743,10
"2521","rak;rock",0.0455411821899337,10
"2522","rat;rot",0.0390684557398314,10
"2523","skar;scar",0.0476314807382698,10
"2524","sIr;sear",0.0432252463682036,10
"2525","Sard;shard",0.067218818643161,10
"2526","SEr;share",0.0478502824672296,10
"2527","Sark;shark",0.0801346783500336,10
"2528","SIr;shear",0.0439857465946083,10
"2529","Sak;shock",0.0466359766684739,10
"2530","Sor;shore",0.0435970097206962,10
"2531","Sat;shot",0.0378412854458684,10
"2532","sor;soar",0.0428303083626268,10
"2533","sab;sob",0.0609796319366218,10
"2534","sak;sock",0.049050581846759,10
"2535","saro;sorrow",0.107778445552982,10
"2536","sat;sot",0.0425402132696794,10
"2537","spar;spar",0.043752716255732,10
"2538","star;star",0.054654381208769,10
"2539","tar;tar",2.0789130282746,10
"2540","tEr;tare",0.0996062988571173,10
"2541","tarn;tarn",0.146944886803541,10
"2542","tart;tart",0.0633128019181477,10
"2543","DEr;their",0.0465556697340863,10
"2544","tIr;tier",0.0958602887353365,10
"2545","tYr;tire",0.0600507322073622,10
"2546","tag;tog",0.0541036772118243,10
"2547","tap;top",0.0587246262551313,10
"2548","tor;tor",0.0954272519187528,10
"2549","tat;tot",0.0897624289081032,10
"2550","tUr;tour",0.0521373763570742,10
"2551","vIr;veer",0.0425527581157798,10
"2552","wor;war",0.0430240140122274,10
"2553","wEr;ware",0.0472501222167872,10
"2554","wat;watt",0.036905195561399,10
"2555","hor;whore",0.0435970097206962,10
"2556","yat;yacht",0.036905195561399,10
"2557","yard;yard",0.0715492741251149,10
"2558","yarn;yarn",0.101271087040335,10
"2559","yIr;year",0.0432252463682036,10
"2560","yor;yore",0.0428303083626268,10
