"","node","activation","time"
"1","Eret;aerate",7.5,1
"2","xprez;appraise",0,1
"3","xre;array",0,1
"4","et;ate",0,1
"5","bet;bait",0,1
"6","bre;brae",0,1
"7","brez;braise",0,1
"8","kren;crane",0,1
"9","krep;crape",0,1
"10","kret;crate",7.5,1
"11","kretX;crater",0,1
"12","krev;crave",0,1
"13","krez;craze",0,1
"14","kriet;create",0,1
"15","det;date",0,1
"16","dre;dray",0,1
"17","xlet;elate",0,1
"18","fet;fate",0,1
"19","frel;frail",0,1
"20","frem;frame",0,1
"21","frct;fraught",0,1
"22","fre;fray",0,1
"23","fret;freight",7.5,1
"24","frEt;fret",0,1
"25","frYt;fright",0,1
"26","frut;fruit",0,1
"27","get;gait",0,1
"28","gres;grace",0,1
"29","gred;grade",0,1
"30","grel;grail",0,1
"31","gren;grain",0,1
"32","grep;grape",0,1
"33","gret;grate",7.5,1
"34","grev;grave",0,1
"35","gre;gray",0,1
"36","grez;graze",0,1
"37","grit;greet",0,1
"38","grIt;grit",0,1
"39","grot;groat",0,1
"40","grat;grot",0,1
"41","JYret;gyrate",0,1
"42","het;hate",0,1
"43","Yret;irate",7.5,1
"44","krWt;kraut",0,1
"45","let;late",0,1
"46","met;mate",0,1
"47","oret;orate",7.5,1
"48","ornet;ornate",0,1
"49","pes;pace",0,1
"50","peJ;page",0,1
"51","ped;paid",0,1
"52","pel;pail",0,1
"53","pen;pain",0,1
"54","pent;paint",0,1
"55","pest;paste",0,1
"56","p@t;pat",0,1
"57","pet;pate",7.5,1
"58","pev;pave",0,1
"59","pe;pay",0,1
"60","pei;payee",0,1
"61","peX;payer",0,1
"62","pit;peat",0,1
"63","pRt;pert",0,1
"64","pEt;pet",0,1
"65","frez;phrase",0,1
"66","pIt;pit",0,1
"67","ples;place",0,1
"68","pleg;plague",0,1
"69","plen;plain",0,1
"70","plent;plaint",0,1
"71","plet;plait",7.5,1
"72","pl@t;plat",0,1
"73","ple;play",0,1
"74","plit;pleat",0,1
"75","plYt;plight",0,1
"76","plat;plot",0,1
"77","pat;pot",0,1
"78","pWt;pout",0,1
"79","prez;praise",7.5,1
"80","pret;prate",10,1
"81","pre;pray",7.5,1
"82","prYz;prise",0,1
"83","pro;pro",0,1
"84","proz;prose",0,1
"85","prW;prow",0,1
"86","prY;pry",0,1
"87","pUt;put",0,1
"88","p^t;putt",0,1
"89","kwet;quoit",0,1
"90","res;race",0,1
"91","reJ;rage",0,1
"92","red;raid",0,1
"93","rel;rail",0,1
"94","ren;rain",0,1
"95","rez;raise",0,1
"96","rek;rake",0,1
"97","rep;rape",0,1
"98","r@t;rat",0,1
"99","ret;rate",7.5,1
"100","rev;rave",0,1
"101","re;ray",0,1
"102","rYt;right",0,1
"103","rut;root",0,1
"104","rat;rot",0,1
"105","rot;rote",0,1
"106","rWt;rout",0,1
"107","r^t;rut",0,1
"108","set;sate",0,1
"109","slet;slate",0,1
"110","spet;spate",0,1
"111","spre;spray",0,1
"112","stret;straight",0,1
"113","tres;trace",0,1
"114","tred;trade",0,1
"115","trel;trail",0,1
"116","tren;train",0,1
"117","tret;trait",7.5,1
"118","tretX;traitor",0,1
"119","tre;tray",0,1
"120","trit;treat",0,1
"121","trYt;trite",0,1
"122","trat;trot",0,1
"123","trWt;trout",0,1
"124","^prez;upraise",0,1
"125","wet;wait",0,1
"126","reT;wraith",0,1
"127","rIt;writ",0,1
"128","rct;wrought",0,1
"129","Eret;aerate",4.66870247592964,2
"130","xprez;appraise",0.613636363636364,2
"131","xre;array",0.45,2
"132","et;ate",0.371606334841629,2
"133","bet;bait",0.371606334841629,2
"134","bre;brae",0.45,2
"135","brez;braise",0.613636363636364,2
"136","kren;crane",0.421875,2
"137","krep;crape",0.421875,2
"138","kret;crate",5.09057747592964,2
"139","kretX;crater",0.421875,2
"140","krev;crave",0.421875,2
"141","krez;craze",1.03551136363636,2
"142","kriet;create",0.421875,2
"143","det;date",0.371606334841629,2
"144","dre;dray",0.45,2
"145","xlet;elate",0.482142857142857,2
"146","fet;fate",0.768665158371041,2
"147","frel;frail",0.397058823529412,2
"148","frem;frame",0.397058823529412,2
"149","frct;fraught",0.397058823529412,2
"150","fre;fray",0.847058823529412,2
"151","fret;freight",5.11539365240023,2
"152","frEt;fret",0.397058823529412,2
"153","frYt;fright",0.397058823529412,2
"154","frut;fruit",0.397058823529412,2
"155","get;gait",0.6930349062702,2
"156","gres;grace",0.321428571428572,2
"157","gred;grade",0.321428571428572,2
"158","grel;grail",0.321428571428572,2
"159","gren;grain",0.321428571428572,2
"160","grep;grape",0.321428571428572,2
"161","gret;grate",5.19102390450107,2
"162","grev;grave",0.321428571428572,2
"163","gre;gray",0.771428571428572,2
"164","grez;graze",0.935064935064935,2
"165","grit;greet",0.321428571428572,2
"166","grIt;grit",0.321428571428572,2
"167","grot;groat",0.321428571428572,2
"168","grat;grot",0.321428571428572,2
"169","JYret;gyrate",0.75,2
"170","het;hate",0.371606334841629,2
"171","Yret;irate",4.76245247592964,2
"172","krWt;kraut",0.421875,2
"173","let;late",0.853749191984486,2
"174","met;mate",0.371606334841629,2
"175","oret;orate",4.76245247592964,2
"176","ornet;ornate",0.75,2
"177","pes;pace",0.198529411764706,2
"178","peJ;page",0.198529411764706,2
"179","ped;paid",0.198529411764706,2
"180","pel;pail",0.198529411764706,2
"181","pen;pain",0.198529411764706,2
"182","pent;paint",0.198529411764706,2
"183","pest;paste",0.198529411764706,2
"184","p@t;pat",0.198529411764706,2
"185","pet;pate",2.15521978021978,2
"186","pev;pave",0.198529411764706,2
"187","pe;pay",0.648529411764706,2
"188","pei;payee",0.198529411764706,2
"189","peX;payer",0.198529411764706,2
"190","pit;peat",0.198529411764706,2
"191","pRt;pert",0.198529411764706,2
"192","pEt;pet",0.198529411764706,2
"193","frez;phrase",1.01069518716578,2
"194","pIt;pit",0.198529411764706,2
"195","ples;place",0.482142857142857,2
"196","pleg;plague",0.482142857142857,2
"197","plen;plain",0.482142857142857,2
"198","plent;plaint",0.482142857142857,2
"199","plet;plait",1.69852941176471,2
"200","pl@t;plat",0.482142857142857,2
"201","ple;play",0.932142857142857,2
"202","plit;pleat",0.482142857142857,2
"203","plYt;plight",0.482142857142857,2
"204","plat;plot",0.482142857142857,2
"205","pat;pot",0.198529411764706,2
"206","pWt;pout",0.198529411764706,2
"207","prez;praise",1.95,2
"208","pret;prate",6.75676110847357,2
"209","pre;pray",2.11363636363636,2
"210","prYz;prise",0.613636363636364,2
"211","pro;pro",0.45,2
"212","proz;prose",0.613636363636364,2
"213","prW;prow",0.45,2
"214","prY;pry",0.45,2
"215","pUt;put",0.198529411764706,2
"216","p^t;putt",0.198529411764706,2
"217","kwet;quoit",0.421875,2
"218","res;race",0.173076923076923,2
"219","reJ;rage",0.173076923076923,2
"220","red;raid",0.173076923076923,2
"221","rel;rail",0.173076923076923,2
"222","ren;rain",0.173076923076923,2
"223","rez;raise",0.786713286713287,2
"224","rek;rake",0.173076923076923,2
"225","rep;rape",0.173076923076923,2
"226","r@t;rat",0.173076923076923,2
"227","ret;rate",5.53790496461743,2
"228","rev;rave",0.173076923076923,2
"229","re;ray",0.623076923076923,2
"230","rYt;right",0.173076923076923,2
"231","rut;root",0.173076923076923,2
"232","rat;rot",0.173076923076923,2
"233","rot;rote",0.173076923076923,2
"234","rWt;rout",0.173076923076923,2
"235","r^t;rut",0.173076923076923,2
"236","set;sate",0.371606334841629,2
"237","slet;slate",0.482142857142857,2
"238","spet;spate",0.198529411764706,2
"239","spre;spray",0.45,2
"240","stret;straight",0.355263157894737,2
"241","tres;trace",0.355263157894737,2
"242","tred;trade",0.355263157894737,2
"243","trel;trail",0.355263157894737,2
"244","tren;train",0.355263157894737,2
"245","tret;trait",5.15718931803491,2
"246","tretX;traitor",0.355263157894737,2
"247","tre;tray",0.805263157894737,2
"248","trit;treat",0.355263157894737,2
"249","trYt;trite",0.355263157894737,2
"250","trat;trot",0.355263157894737,2
"251","trWt;trout",0.355263157894737,2
"252","^prez;upraise",0.613636363636364,2
"253","wet;wait",0.371606334841629,2
"254","reT;wraith",0.173076923076923,2
"255","rIt;writ",0.173076923076923,2
"256","rct;wrought",0.173076923076923,2
"257","Eret;aerate",3.07783594199435,3
"258","xprez;appraise",0.497045454545455,3
"259","xre;array",0.485799758677855,3
"260","et;ate",0.561733443395053,3
"261","bet;bait",0.561733443395053,3
"262","bre;brae",0.585077356080452,3
"263","brez;braise",0.585142633102192,3
"264","kren;crane",0.635296541331154,3
"265","krep;crape",0.590516760762532,3
"266","kret;crate",4.5291996953076,3
"267","kretX;crater",0.488400904073674,3
"268","krev;crave",0.589660885868195,3
"269","krez;craze",1.03234800573362,3
"270","kriet;create",0.328532483021042,3
"271","det;date",0.561733443395053,3
"272","dre;dray",0.485799758677855,3
"273","xlet;elate",0.299075053098162,3
"274","fet;fate",0.845008551607274,3
"275","frel;frail",0.646883829212583,3
"276","frem;frame",0.531945592140058,3
"277","frct;fraught",0.546465410556935,3
"278","fre;fray",1.02633110330072,3
"279","fret;freight",4.03717023930017,3
"280","frEt;fret",0.513020840421189,3
"281","frYt;fright",0.610250565030944,3
"282","frut;fruit",0.546465410556935,3
"283","get;gait",0.794775290286552,3
"284","gres;grace",0.561822471452696,3
"285","gred;grade",0.561822471452696,3
"286","grel;grail",0.60905141704271,3
"287","gren;grain",0.612242068303214,3
"288","grep;grape",0.580282904617709,3
"289","gret;grate",3.98592065993217,3
"290","grev;grave",0.579427029723373,3
"291","gre;gray",0.98503345048914,3
"292","grez;graze",1.03104053570269,3
"293","grit;greet",0.482491250042527,3
"294","grIt;grit",0.432704720782314,3
"295","grot;groat",0.434120804698398,3
"296","grat;grot",0.494456981679312,3
"297","JYret;gyrate",0.551245247592964,3
"298","het;hate",0.561733443395053,3
"299","Yret;irate",3.81119472294347,3
"300","krWt;kraut",0.394802725936022,3
"301","let;late",0.926087755049785,3
"302","met;mate",0.561733443395053,3
"303","oret;orate",3.81119472294347,3
"304","ornet;ornate",0.551245247592964,3
"305","pes;pace",0.40907967032967,3
"306","peJ;page",0.261611586942469,3
"307","ped;paid",0.259757191338074,3
"308","pel;pail",0.259015433096315,3
"309","pen;pain",0.378983920491273,3
"310","pent;paint",0.295994263089851,3
"311","pest;paste",0.136461700064641,3
"312","p@t;pat",0.326538241170594,3
"313","pet;pate",1.846295662571,3
"314","pev;pave",0.259757191338074,3
"315","pe;pay",0.559012539318267,3
"316","pei;payee",0.246645523594053,3
"317","peX;payer",0.246645523594053,3
"318","pit;peat",0.309336986542869,3
"319","pRt;pert",0.220565978139508,3
"320","pEt;pet",0.220565978139508,3
"321","frez;phrase",1.04570787764867,3
"322","pIt;pit",0.236712111417994,3
"323","ples;place",0.492920168067227,3
"324","pleg;plague",0.456334033613445,3
"325","plen;plain",0.65202731092437,3
"326","plent;plaint",0.274396008403361,3
"327","plet;plait",1.94086526486975,3
"328","pl@t;plat",0.455702349121467,3
"329","ple;play",0.645452635599695,3
"330","plit;pleat",0.457326680672269,3
"331","plYt;plight",0.417762605042017,3
"332","plat;plot",0.455702349121467,3
"333","pat;pot",0.32394208732444,3
"334","pWt;pout",0.235532041487924,3
"335","prez;praise",2.1546838071468,3
"336","pret;prate",3.75771849884829,3
"337","pre;pray",2.18046602821521,3
"338","prYz;prise",0.50625,3
"339","pro;pro",0.592159090909091,3
"340","proz;prose",0.50625,3
"341","prW;prow",0.374318181818182,3
"342","prY;pry",0.592159090909091,3
"343","pUt;put",0.220565978139508,3
"344","p^t;putt",0.238128195334078,3
"345","kwet;quoit",0.356402958134165,3
"346","res;race",0.404673934736971,3
"347","reJ;rage",0.331192217151151,3
"348","red;raid",0.407651875913441,3
"349","rel;rail",0.451104597727231,3
"350","ren;rain",0.451317307811265,3
"351","rez;raise",0.864363182215498,3
"352","rek;rake",0.312144500162257,3
"353","rep;rape",0.406532912230958,3
"354","r@t;rat",0.27793972378241,3
"355","ret;rate",4.30273424254084,3
"356","rev;rave",0.425256434184118,3
"357","re;ray",0.859573606659475,3
"358","rYt;right",0.375960789404094,3
"359","rut;root",0.333166996509682,3
"360","rat;rot",0.38203963702706,3
"361","rot;rote",0.319553551131531,3
"362","rWt;rout",0.462012182863576,3
"363","r^t;rut",0.279564055333212,3
"364","set;sate",0.712755543466927,3
"365","slet;slate",0.44221761189683,3
"366","spet;spate",0.189415183233057,3
"367","spre;spray",0.171818181818182,3
"368","stret;straight",0.279814230854285,3
"369","tres;trace",0.505874815006975,3
"370","tred;trade",0.505874815006975,3
"371","trel;trail",0.559263193269579,3
"372","tren;train",0.562453844530083,3
"373","tret;trait",4.34272912314079,3
"374","tretX;traitor",0.469657980854285,3
"375","tre;tray",0.93436398953214,3
"376","trit;treat",0.49753979476406,3
"377","trYt;trite",0.52406020933401,3
"378","trat;trot",0.511535601588814,3
"379","trWt;trout",0.589883815874528,3
"380","^prez;upraise",0.497045454545455,3
"381","wet;wait",0.754110872950791,3
"382","reT;wraith",0.312144500162257,3
"383","rIt;writ",0.338837282106439,3
"384","rct;wrought",0.333166996509682,3
"385","Eret;aerate",2.29617871104137,4
"386","xprez;appraise",0.449667311493829,4
"387","xre;array",0.561557604678364,4
"388","et;ate",0.676600710725474,4
"389","bet;bait",0.676600710725474,4
"390","bre;brae",0.655895525797768,4
"391","brez;braise",0.628433524095752,4
"392","kren;crane",0.739006213401621,4
"393","krep;crape",0.667554123923299,4
"394","kret;crate",3.68902836893268,4
"395","kretX;crater",0.514953664652848,4
"396","krev;crave",0.666713216322273,4
"397","krez;craze",1.10534456693291,4
"398","kriet;create",0.287620731163157,4
"399","det;date",0.676600710725474,4
"400","dre;dray",0.561557604678364,4
"401","xlet;elate",0.293810798160359,4
"402","fet;fate",0.901245131261798,4
"403","frel;frail",0.726466880496433,4
"404","frem;frame",0.538641211916602,4
"405","frct;fraught",0.60369516057182,4
"406","fre;fray",1.1152600294166,4
"407","fret;freight",3.38310847403968,4
"408","frEt;fret",0.553299758677855,4
"409","frYt;fright",0.696284295103029,4
"410","frut;fruit",0.60369516057182,4
"411","get;gait",0.857081928788133,4
"412","gres;grace",0.703406884259334,4
"413","gred;grade",0.703598323334964,4
"414","grel;grail",0.790960684229805,4
"415","gren;grain",0.78990061278657,4
"416","grep;grape",0.729257788345608,4
"417","gret;grate",3.37497995660086,4
"418","grev;grave",0.728314175757262,4
"419","gre;gray",1.16246978772734,4
"420","grez;graze",1.15894690692615,4
"421","grit;greet",0.538828601040159,4
"422","grIt;grit",0.480977410677608,4
"423","grot;groat",0.481900893211996,4
"424","grat;grot",0.568531201917416,4
"425","JYret;gyrate",0.436243997053643,4
"426","het;hate",0.676600710725474,4
"427","Yret;irate",2.83077238314996,4
"428","krWt;kraut",0.417381241550602,4
"429","let;late",0.99355353402673,4
"430","met;mate",0.676600710725474,4
"431","oret;orate",2.83077238314996,4
"432","ornet;ornate",0.436243997053643,4
"433","pes;pace",0.458750957945234,4
"434","peJ;page",0.320300605123883,4
"435","ped;paid",0.32164883690451,4
"436","pel;pail",0.322501503162719,4
"437","pen;pain",0.493801515282952,4
"438","pent;paint",0.230153065130758,4
"439","pest;paste",0.159798386720932,4
"440","p@t;pat",0.373015340515449,4
"441","pet;pate",1.82824227296809,4
"442","pev;pave",0.322780558507624,4
"443","pe;pay",0.57518288800992,4
"444","pei;payee",0.292845072968122,4
"445","peX;payer",0.292845072968122,4
"446","pit;peat",0.345449455989231,4
"447","pRt;pert",0.260037283602794,4
"448","pEt;pet",0.260037283602794,4
"449","frez;phrase",1.09243307636105,4
"450","pIt;pit",0.290127455071137,4
"451","ples;place",0.502040051507567,4
"452","pleg;plague",0.453750935476539,4
"453","plen;plain",0.588933920689855,4
"454","plent;plaint",0.316612316558692,4
"455","plet;plait",1.56235366169456,4
"456","pl@t;plat",0.455398721480642,4
"457","ple;play",0.651273960040017,4
"458","plit;pleat",0.456392338558751,4
"459","plYt;plight",0.412917818593422,4
"460","plat;plot",0.455186308893229,4
"461","pat;pot",0.376606535354859,4
"462","pWt;pout",0.297043517732441,4
"463","prez;praise",1.7947932806101,4
"464","pret;prate",2.90935733810325,4
"465","pre;pray",1.79292468269924,4
"466","prYz;prise",0.512028106948375,4
"467","pro;pro",0.587450120783822,4
"468","proz;prose",0.512028106948375,4
"469","prW;prow",0.434731370783822,4
"470","prY;pry",0.587450120783822,4
"471","pUt;put",0.260037283602794,4
"472","p^t;putt",0.287579330536124,4
"473","kwet;quoit",0.346966094145778,4
"474","res;race",0.587135992918865,4
"475","reJ;rage",0.458222155296923,4
"476","red;raid",0.579939519906583,4
"477","rel;rail",0.663672246791747,4
"478","ren;rain",0.667923367648859,4
"479","rez;raise",1.00746222045744,4
"480","rek;rake",0.432072661591727,4
"481","rep;rape",0.579708987565018,4
"482","r@t;rat",0.389482613723986,4
"483","ret;rate",3.82052074976197,4
"484","rev;rave",0.605560749611372,4
"485","re;ray",1.04828491688963,4
"486","rYt;right",0.536968718170658,4
"487","rut;root",0.461681895164822,4
"488","rat;rot",0.546940682314644,4
"489","rot;rote",0.441323731656503,4
"490","rWt;rout",0.599658029766965,4
"491","r^t;rut",0.384213629432876,4
"492","set;sate",0.824742040301348,4
"493","slet;slate",0.424417569345872,4
"494","spet;spate",0.196757835256972,4
"495","spre;spray",0.148009779874731,4
"496","stret;straight",0.233689644707887,4
"497","tres;trace",0.594185992112402,4
"498","tred;trade",0.594377431188032,4
"499","trel;trail",0.685138526442942,4
"500","tren;train",0.683882665035995,4
"501","tret;trait",3.68612691849321,4
"502","tretX;traitor",0.47245442654104,4
"503","tre;tray",1.06078018118418,4
"504","trit;treat",0.586132570126122,4
"505","trYt;trite",0.635182331211505,4
"506","trat;trot",0.616332068649078,4
"507","trWt;trout",0.662684869401441,4
"508","^prez;upraise",0.449667311493829,4
"509","wet;wait",0.845621478375163,4
"510","reT;wraith",0.432072661591727,4
"511","rIt;writ",0.465338068924393,4
"512","rct;wrought",0.461681895164822,4
"513","Eret;aerate",1.80800161011232,5
"514","xprez;appraise",0.394163744280615,5
"515","xre;array",0.599930601580849,5
"516","et;ate",0.741918507669383,5
"517","bet;bait",0.741918507669383,5
"518","bre;brae",0.70204143911355,5
"519","brez;braise",0.640160622115078,5
"520","kren;crane",0.773723458653498,5
"521","krep;crape",0.685586681956855,5
"522","kret;crate",3.17572539942288,5
"523","kretX;crater",0.471607704161216,5
"524","krev;crave",0.684339008396998,5
"525","krez;craze",1.10045708303712,5
"526","kriet;create",0.236269918868779,5
"527","det;date",0.741918507669383,5
"528","dre;dray",0.599930601580849,5
"529","xlet;elate",0.270084562023233,5
"530","fet;fate",0.931253547590106,5
"531","frel;frail",0.755051943077303,5
"532","frem;frame",0.526864604067656,5
"533","frct;fraught",0.618626848236192,5
"534","fre;fray",1.13919876734783,5
"535","fret;freight",2.92485669409345,5
"536","frEt;fret",0.556208620682372,5
"537","frYt;fright",0.729768029657641,5
"538","frut;fruit",0.618626848236192,5
"539","get;gait",0.895685722925024,5
"540","gres;grace",0.802953981122411,5
"541","gred;grade",0.802517878700673,5
"542","grel;grail",0.906462520766377,5
"543","gren;grain",0.908169229528235,5
"544","grep;grape",0.829339509360221,5
"545","gret;grate",2.98656602496358,5
"546","grev;grave",0.827999143287226,5
"547","gre;gray",1.27450582256627,5
"548","grez;graze",1.23499928438115,5
"549","grit;greet",0.562626495854496,5
"550","grIt;grit",0.499823843190976,5
"551","grot;groat",0.501395985707132,5
"552","grat;grot",0.605272722690096,5
"553","JYret;gyrate",0.326701638020361,5
"554","het;hate",0.741918507669383,5
"555","Yret;irate",2.22932344134862,5
"556","krWt;kraut",0.393623052550262,5
"557","let;late",1.03007615439125,5
"558","met;mate",0.741918507669383,5
"559","oret;orate",2.22932344134862,5
"560","ornet;ornate",0.326701638020361,5
"561","pes;pace",0.524914606345379,5
"562","peJ;page",0.374964318119973,5
"563","ped;paid",0.377892965070219,5
"564","pel;pail",0.380440000260597,5
"565","pen;pain",0.529939618120369,5
"566","pent;paint",0.251368279545281,5
"567","pest;paste",0.150565248574503,5
"568","p@t;pat",0.421363812959337,5
"569","pet;pate",1.87959824754912,5
"570","pev;pave",0.379551361338701,5
"571","pe;pay",0.606696398916021,5
"572","pei;payee",0.337394650421465,5
"573","peX;payer",0.337394650421465,5
"574","pit;peat",0.383161626257849,5
"575","pRt;pert",0.297556510757382,5
"576","pEt;pet",0.297556510757382,5
"577","frez;phrase",1.08274549958874,5
"578","pIt;pit",0.338530900038271,5
"579","ples;place",0.473172490697288,5
"580","pleg;plague",0.422210506037433,5
"581","plen;plain",0.581501485551337,5
"582","plent;plaint",0.272222780522704,5
"583","plet;plait",1.46367999789773,5
"584","pl@t;plat",0.433486995933141,5
"585","ple;play",0.597079872532698,5
"586","plit;pleat",0.433978520654659,5
"587","plYt;plight",0.38778472937615,5
"588","plat;plot",0.433797813972449,5
"589","pat;pot",0.427357989083668,5
"590","pWt;pout",0.345501298167229,5
"591","prez;praise",1.66812138260279,5
"592","pret;prate",2.31269165088492,5
"593","pre;pray",1.72155119327825,5
"594","prYz;prise",0.483834242914718,5
"595","pro;pro",0.582524613536355,5
"596","proz;prose",0.483834242914718,5
"597","prW;prow",0.415401172393056,5
"598","prY;pry",0.582524613536355,5
"599","pUt;put",0.297556510757382,5
"600","p^t;putt",0.335011530711702,5
"601","kwet;quoit",0.305626066045178,5
"602","res;race",0.728622725681516,5
"603","reJ;rage",0.573827908148587,5
"604","red;raid",0.722949625375978,5
"605","rel;rail",0.824313258894764,5
"606","ren;rain",0.833877464509213,5
"607","rez;raise",1.11874607371691,5
"608","rek;rake",0.54140116637941,5
"609","rep;rape",0.717148818962,5
"610","r@t;rat",0.483036487757681,5
"611","ret;rate",3.57787666619183,5
"612","rev;rave",0.749777977966173,5
"613","re;ray",1.19817641001368,5
"614","rYt;right",0.65810528621946,5
"615","rut;root",0.561904172523753,5
"616","rat;rot",0.670838494295597,5
"617","rot;rote",0.539777622763902,5
"618","rWt;rout",0.714964694884668,5
"619","r^t;rut",0.478346500711757,5
"620","set;sate",0.890415867787751,5
"621","slet;slate",0.411018192551743,5
"622","spet;spate",0.201563120277067,5
"623","spre;spray",0.122376458949427,5
"624","stret;straight",0.197974976399415,5
"625","tres;trace",0.645069040479502,5
"626","tred;trade",0.644618169900502,5
"627","trel;trail",0.750368659775875,5
"628","tren;train",0.752164892121759,5
"629","tret;trait",3.23265814402528,5
"630","tretX;traitor",0.453580603676512,5
"631","tre;tray",1.12393080235275,5
"632","trit;treat",0.61733830751777,5
"633","trYt;trite",0.683857096859473,5
"634","trat;trot",0.662723392969388,5
"635","trWt;trout",0.704294246168262,5
"636","^prez;upraise",0.394163744280615,5
"637","wet;wait",0.906891955890263,5
"638","reT;wraith",0.54140116637941,5
"639","rIt;writ",0.569770321709811,5
"640","rct;wrought",0.561904172523753,5
"641","Eret;aerate",1.49728461468203,6
"642","xprez;appraise",0.35327271793093,6
"643","xre;array",0.630127784233226,6
"644","et;ate",0.782222698845446,6
"645","bet;bait",0.782222698845446,6
"646","bre;brae",0.734517233892449,6
"647","brez;braise",0.646228058054693,6
"648","kren;crane",0.780497414817147,6
"649","krep;crape",0.683657832106888,6
"650","kret;crate",2.75432095262814,6
"651","kretX;crater",0.429906595788089,6
"652","krev;crave",0.682150831317889,6
"653","krez;craze",1.08285856492909,6
"654","kriet;create",0.202261545604415,6
"655","det;date",0.782222698845446,6
"656","dre;dray",0.630127784233226,6
"657","xlet;elate",0.261304626365929,6
"658","fet;fate",0.946859964516211,6
"659","frel;frail",0.758417191542826,6
"660","frem;frame",0.506091643599818,6
"661","frct;fraught",0.613244391528634,6
"662","fre;fray",1.14672391065934,6
"663","fret;freight",2.60179114007616,6
"664","frEt;fret",0.542637086275095,6
"665","frYt;fright",0.732098304869841,6
"666","frut;fruit",0.613244391528634,6
"667","get;gait",0.919121101290555,6
"668","gres;grace",0.869895823434399,6
"669","gred;grade",0.869468794030382,6
"670","grel;grail",0.979523316663044,6
"671","gren;grain",0.982730899638446,6
"672","grep;grape",0.892868964973091,6
"673","gret;grate",2.73409834301113,6
"674","grev;grave",0.89121965875796,6
"675","gre;gray",1.35386734530907,6
"676","grez;graze",1.28384525798026,6
"677","grit;greet",0.566389709327975,6
"678","grIt;grit",0.506910597964116,6
"679","grot;groat",0.508747240835317,6
"680","grat;grot",0.61973669352621,6
"681","JYret;gyrate",0.255602507936898,6
"682","het;hate",0.782222698845446,6
"683","Yret;irate",1.81391610902676,6
"684","krWt;kraut",0.377263348014153,6
"685","let;late",1.05462406293553,6
"686","met;mate",0.782222698845446,6
"687","oret;orate",1.81391610902676,6
"688","ornet;ornate",0.255602507936898,6
"689","pes;pace",0.56830919654937,6
"690","peJ;page",0.424792412419977,6
"691","ped;paid",0.428259938838219,6
"692","pel;pail",0.431268871663925,6
"693","pen;pain",0.585069900181584,6
"694","pent;paint",0.241472779301371,6
"695","pest;paste",0.160737054489695,6
"696","p@t;pat",0.463822484566013,6
"697","pet;pate",1.94983890122419,6
"698","pev;pave",0.430001202610274,6
"699","pe;pay",0.642783863261992,6
"700","pei;payee",0.378005676127633,6
"701","peX;payer",0.378005676127633,6
"702","pit;peat",0.416608131144649,6
"703","pRt;pert",0.334660381164232,6
"704","pEt;pet",0.334660381164232,6
"705","frez;phrase",1.06293159640957,6
"706","pIt;pit",0.384663261940872,6
"707","ples;place",0.452564126267228,6
"708","pleg;plague",0.398273016792429,6
"709","plen;plain",0.54338656128538,6
"710","plent;plaint",0.265099077933228,6
"711","plet;plait",1.35090318314863,6
"712","pl@t;plat",0.415368939146705,6
"713","ple;play",0.56999063793587,6
"714","plit;pleat",0.415338942471881,6
"715","plYt;plight",0.367099586589028,6
"716","plat;plot",0.415834506295551,6
"717","pat;pot",0.470827020007509,6
"718","pWt;pout",0.391737746262254,6
"719","prez;praise",1.55137876795831,6
"720","pret;prate",1.96132544166307,6
"721","pre;pray",1.65802469035056,6
"722","prYz;prise",0.461084393788159,6
"723","pro;pro",0.562384195588343,6
"724","proz;prose",0.461084393788159,6
"725","prW;prow",0.406969264927361,6
"726","prY;pry",0.562384195588343,6
"727","pUt;put",0.334660381164232,6
"728","p^t;putt",0.381061681535407,6
"729","kwet;quoit",0.277214057013825,6
"730","res;race",0.845131315311594,6
"731","reJ;rage",0.672629659604625,6
"732","red;raid",0.839473257674413,6
"733","rel;rail",0.947409000176655,6
"734","ren;rain",0.956039779114732,6
"735","rez;raise",1.20980927460882,6
"736","rek;rake",0.634380830840647,6
"737","rep;rape",0.824081848912584,6
"738","r@t;rat",0.562516965535777,6
"739","ret;rate",3.46388858731119,6
"740","rev;rave",0.862645354873359,6
"741","re;ray",1.32361425338457,6
"742","rYt;right",0.747220699233993,6
"743","rut;root",0.640183254005643,6
"744","rat;rot",0.765147412956503,6
"745","rot;rote",0.618860433252813,6
"746","rWt;rout",0.795911666495376,6
"747","r^t;rut",0.558145882369061,6
"748","set;sate",0.930582893492256,6
"749","slet;slate",0.404553194911785,6
"750","spet;spate",0.205537833407903,6
"751","spre;spray",0.115530717491638,6
"752","stret;straight",0.17292340972535,6
"753","tres;trace",0.672948020551764,6
"754","tred;trade",0.672556954044994,6
"755","trel;trail",0.783595083488206,6
"756","tren;train",0.786686746159763,6
"757","tret;trait",2.91021215510603,6
"758","tretX;traitor",0.410707439325607,6
"759","tre;tray",1.16334479234568,6
"760","trit;treat",0.623763722490563,6
"761","trYt;trite",0.700995345407258,6
"762","trat;trot",0.67984564366539,6
"763","trWt;trout",0.708372573411191,6
"764","^prez;upraise",0.35327271793093,6
"765","wet;wait",0.928937300050862,6
"766","reT;wraith",0.634380830840647,6
"767","rIt;writ",0.654006912770434,6
"768","rct;wrought",0.640183254005643,6
"769","Eret;aerate",1.28724721733387,7
"770","xprez;appraise",0.321230984967691,7
"771","xre;array",0.651147160886309,7
"772","et;ate",0.807612807203702,7
"773","bet;bait",0.807612807203702,7
"774","bre;brae",0.756903555148949,7
"775","brez;braise",0.645699367337911,7
"776","kren;crane",0.772407352188495,7
"777","krep;crape",0.671664512762873,7
"778","kret;crate",2.45339032952993,7
"779","kretX;crater",0.382739560860665,7
"780","krev;crave",0.669995377746916,7
"781","krez;craze",1.05552910214614,7
"782","kriet;create",0.175156708145774,7
"783","det;date",0.807612807203702,7
"784","dre;dray",0.651147160886309,7
"785","xlet;elate",0.253591074968982,7
"786","fet;fate",0.954803959314893,7
"787","frel;frail",0.752712051630074,7
"788","frem;frame",0.485977855074698,7
"789","frct;fraught",0.598974896517283,7
"790","fre;fray",1.14541678261985,7
"791","fret;freight",2.36358850020831,7
"792","frEt;fret",0.522588319194679,7
"793","frYt;fright",0.720098580574898,7
"794","frut;fruit",0.598974896517283,7
"795","get;gait",0.933544247119772,7
"796","gres;grace",0.914498859585203,7
"797","gred;grade",0.914080577035045,7
"798","grel;grail",1.02526742624541,7
"799","gren;grain",1.02903029057226,7
"800","grep;grape",0.933477327499269,7
"801","gret;grate",2.55663311078753,7
"802","grev;grave",0.931638736822723,7
"803","gre;gray",1.40702160768239,7
"804","grez;graze",1.31094706038345,7
"805","grit;greet",0.561870999265834,7
"806","grIt;grit",0.507861514626041,7
"807","grot;groat",0.509902365689698,7
"808","grat;grot",0.623280773809006,7
"809","JYret;gyrate",0.206951861696366,7
"810","het;hate",0.807612807203702,7
"811","Yret;irate",1.5360055321606,7
"812","krWt;kraut",0.35860614938558,7
"813","let;late",1.0691104604739,7
"814","met;mate",0.807612807203702,7
"815","oret;orate",1.5360055321606,7
"816","ornet;ornate",0.206951861696366,7
"817","pes;pace",0.614436017461152,7
"818","peJ;page",0.470910906796923,7
"819","ped;paid",0.474464495584114,7
"820","pel;pail",0.477372986929615,7
"821","pen;pain",0.624044251989416,7
"822","pent;paint",0.247391742850097,7
"823","pest;paste",0.164641653212445,7
"824","p@t;pat",0.503975266037335,7
"825","pet;pate",2.01805629650807,7
"826","pev;pave",0.475971543041767,7
"827","pe;pay",0.679962949160926,7
"828","pei;payee",0.416215758202377,7
"829","peX;payer",0.416215758202377,7
"830","pit;peat",0.449076284966075,7
"831","pRt;pert",0.37014919400969,7
"832","pEt;pet",0.37014919400969,7
"833","frez;phrase",1.03832373231146,7
"834","pIt;pit",0.427505483128498,7
"835","ples;place",0.431341387088964,7
"836","pleg;plague",0.375139200350086,7
"837","plen;plain",0.521163965278458,7
"838","plent;plaint",0.249193043388493,7
"839","plet;plait",1.2773956448783,7
"840","pl@t;plat",0.398538410108477,7
"841","ple;play",0.54411406671803,7
"842","plit;pleat",0.398086429271899,7
"843","plYt;plight",0.347931364543002,7
"844","plat;plot",0.399074263090874,7
"845","pat;pot",0.510945952387491,7
"846","pWt;pout",0.433759946459466,7
"847","prez;praise",1.46476144007439,7
"848","pret;prate",1.7198660413247,7
"849","pre;pray",1.6223508963793,7
"850","prYz;prise",0.43790119162832,7
"851","pro;pro",0.542672442601901,7
"852","proz;prose",0.43790119162832,7
"853","prW;prow",0.393251295928524,7
"854","prY;pry",0.542672442601901,7
"855","pUt;put",0.37014919400969,7
"856","p^t;putt",0.424192940238259,7
"857","kwet;quoit",0.25232225679053,7
"858","res;race",0.937569667840041,7
"859","reJ;rage",0.754997762979872,7
"860","red;raid",0.933199086481432,7
"861","rel;rail",1.04246930830888,7
"862","ren;rain",1.05132972003745,7
"863","rez;raise",1.28020566986709,7
"864","rek;rake",0.711484901296334,7
"865","rep;rape",0.908213950617496,7
"866","r@t;rat",0.627025580017083,7
"867","ret;rate",3.40940115051857,7
"868","rev;rave",0.951991969266831,7
"869","re;ray",1.4242766967883,7
"870","rYt;right",0.812001176424871,7
"871","rut;root",0.700237121003353,7
"872","rat;rot",0.836039544618682,7
"873","rot;rote",0.681214405671028,7
"874","rWt;rout",0.858040377230054,7
"875","r^t;rut",0.62332830815002,7
"876","set;sate",0.956504821221856,7
"877","slet;slate",0.399574064221059,7
"878","spet;spate",0.209411710653839,7
"879","spre;spray",0.111034553170198,7
"880","stret;straight",0.155144495688084,7
"881","tres;trace",0.688146624788388,7
"882","tred;trade",0.687755633194115,7
"883","trel;trail",0.799456416765414,7
"884","tren;train",0.803036942174938,7
"885","tret;trait",2.66214231867786,7
"886","tretX;traitor",0.372380866752749,7
"887","tre;tray",1.18573678895786,7
"888","trit;treat",0.615560709016216,7
"889","trYt;trite",0.699412876624775,7
"890","trat;trot",0.679865936953826,7
"891","trWt;trout",0.700965409857265,7
"892","^prez;upraise",0.321230984967691,7
"893","wet;wait",0.941360334473095,7
"894","reT;wraith",0.711484901296334,7
"895","rIt;writ",0.721205933974006,7
"896","rct;wrought",0.700237121003353,7
"897","Eret;aerate",1.14240009999867,8
"898","xprez;appraise",0.296521159556499,8
"899","xre;array",0.665859552990718,8
"900","et;ate",0.824344786779811,8
"901","bet;bait",0.824344786779811,8
"902","bre;brae",0.771857368248794,8
"903","brez;braise",0.641720430299263,8
"904","kren;crane",0.759660661653376,8
"905","krep;crape",0.657420700801246,8
"906","kret;crate",2.22293862772322,8
"907","kretX;crater",0.343848552160862,8
"908","krev;crave",0.655661817702372,8
"909","krez;craze",1.02741545503438,8
"910","kriet;create",0.155518876850636,8
"911","det;date",0.824344786779811,8
"912","dre;dray",0.665859552990718,8
"913","xlet;elate",0.248129260115044,8
"914","fet;fate",0.958662172434179,8
"915","frel;frail",0.743668192334777,8
"916","frem;frame",0.468054496990994,8
"917","frct;fraught",0.58146262671356,8
"918","fre;fray",1.14037532756881,8
"919","fret;freight",2.18622737592462,8
"920","frEt;fret",0.501035737645306,8
"921","frYt;fright",0.70170273989892,8
"922","frut;fruit",0.58146262671356,8
"923","get;gait",0.942569514198242,8
"924","gres;grace",0.943153978523711,8
"925","gred;grade",0.942818559405893,8
"926","grel;grail",1.05316615461988,8
"927","gren;grain",1.05670125707614,8
"928","grep;grape",0.958221460139281,8
"929","gret;grate",2.42811689282196,8
"930","grev;grave",0.956275837291339,8
"931","gre;gray",1.44158398495631,8
"932","grez;graze",1.32369336745042,8
"933","grit;greet",0.553247632540009,8
"934","grIt;grit",0.50577522192251,8
"935","grot;groat",0.507913492113573,8
"936","grat;grot",0.620915202557381,8
"937","JYret;gyrate",0.174295739385697,8
"938","het;hate",0.824344786779811,8
"939","Yret;irate",1.34474736574208,8
"940","krWt;kraut",0.34336166074546,8
"941","let;late",1.07796237951037,8
"942","met;mate",0.824344786779811,8
"943","oret;orate",1.34474736574208,8
"944","ornet;ornate",0.174295739385697,8
"945","pes;pace",0.654097506074556,8
"946","peJ;page",0.512764265500023,8
"947","ped;paid",0.516166339009639,8
"948","pel;pail",0.518752212576392,8
"949","pen;pain",0.663948950643586,8
"950","pent;paint",0.249112039425005,8
"951","pest;paste",0.17162914603261,8
"952","p@t;pat",0.540943425851222,8
"953","pet;pate",2.08523787866768,8
"954","pev;pave",0.517389523377563,8
"955","pe;pay",0.714853299996968,8
"956","pei;payee",0.451430324208563,8
"957","peX;payer",0.451430324208563,8
"958","pit;peat",0.479757343293537,8
"959","pRt;pert",0.403611023174935,8
"960","pEt;pet",0.403611023174935,8
"961","frez;phrase",1.01382310435609,8
"962","pIt;pit",0.466893836240456,8
"963","ples;place",0.415533156353187,8
"964","pleg;plague",0.357065365966957,8
"965","plen;plain",0.499460799662549,8
"966","plent;plaint",0.240875332728352,8
"967","plet;plait",1.21698562153787,8
"968","pl@t;plat",0.384979954063294,8
"969","ple;play",0.525090337644644,8
"970","plit;pleat",0.384198638228658,8
"971","plYt;plight",0.332137266355587,8
"972","plat;plot",0.385507414707897,8
"973","pat;pot",0.547437282784738,8
"974","pWt;pout",0.472301650931783,8
"975","prez;praise",1.3936653832251,8
"976","pret;prate",1.55420994157246,8
"977","pre;pray",1.59291528136363,8
"978","prYz;prise",0.417105894061024,8
"979","pro;pro",0.523055343895429,8
"980","proz;prose",0.417105894061024,8
"981","prW;prow",0.380868782546466,8
"982","prY;pry",0.523055343895429,8
"983","pUt;put",0.403611023174935,8
"984","p^t;putt",0.463952500310819,8
"985","kwet;quoit",0.233837456800594,8
"986","res;race",1.0115211353255,8
"987","reJ;rage",0.822429836729532,8
"988","red;raid",1.00789623064976,8
"989","rel;rail",1.11643687955926,8
"990","ren;rain",1.1238739788591,8
"991","rez;raise",1.33402408888187,8
"992","rek;rake",0.77410900015779,8
"993","rep;rape",0.973880592067061,8
"994","r@t;rat",0.678567124325805,8
"995","ret;rate",3.38661321009001,8
"996","rev;rave",1.02235685608125,8
"997","re;ray",1.50413008295884,8
"998","rYt;right",0.858752904910255,8
"999","rut;root",0.745880381160269,8
"1000","rat;rot",0.889240192638721,8
"1001","rot;rote",0.729657098457981,8
"1002","rWt;rout",0.904278589483492,8
"1003","r^t;rut",0.675473176280069,8
"1004","set;sate",0.973838679889925,8
"1005","slet;slate",0.395924627713436,8
"1006","spet;spate",0.212503204431811,8
"1007","spre;spray",0.108444509099778,8
"1008","stret;straight",0.14161592782197,8
"1009","tres;trace",0.695129860204829,8
"1010","tred;trade",0.694822420019241,8
"1011","trel;trail",0.805431692952036,8
"1012","tren;train",0.808758684734722,8
"1013","tret;trait",2.47475492206238,8
"1014","tretX;traitor",0.335572367315736,8
"1015","tre;tray",1.19739087732883,8
"1016","trit;treat",0.600830962538013,8
"1017","trYt;trite",0.688419642535764,8
"1018","trat;trot",0.671140824461521,8
"1019","trWt;trout",0.685825642006525,8
"1020","^prez;upraise",0.296521159556499,8
"1021","wet;wait",0.946739941475491,8
"1022","reT;wraith",0.77410900015779,8
"1023","rIt;writ",0.774065929854541,8
"1024","rct;wrought",0.745880381160269,8
"1025","Eret;aerate",1.03997697412968,9
"1026","xprez;appraise",0.277113805474491,9
"1027","xre;array",0.675456397941387,9
"1028","et;ate",0.835885185623355,9
"1029","bet;bait",0.835885185623355,9
"1030","bre;brae",0.781090804040044,9
"1031","brez;braise",0.635836185669244,9
"1032","kren;crane",0.745585453596909,9
"1033","krep;crape",0.643206276486896,9
"1034","kret;crate",2.05181931154169,9
"1035","kretX;crater",0.310432718317599,9
"1036","krev;crave",0.641419552805886,9
"1037","krez;craze",1.00076158533948,9
"1038","kriet;create",0.140592185494495,9
"1039","det;date",0.835885185623355,9
"1040","dre;dray",0.675456397941387,9
"1041","xlet;elate",0.243611730495881,9
"1042","fet;fate",0.960605102215506,9
"1043","frel;frail",0.733871694851814,9
"1044","frem;frame",0.452847127211973,9
"1045","frct;fraught",0.563668671052909,9
"1046","fre;fray",1.13326555690701,9
"1047","fret;freight",2.05196541418514,9
"1048","frEt;fret",0.480426979679907,9
"1049","frYt;fright",0.681495857581827,9
"1050","frut;fruit",0.563668671052909,9
"1051","get;gait",0.948523488995464,9
"1052","gres;grace",0.960697040039899,9
"1053","gred;grade",0.960421128238561,9
"1054","grel;grail",1.06922553802679,9
"1055","gren;grain",1.07216649977712,9
"1056","grep;grape",0.972483124635272,9
"1057","gret;grate",2.33168819828098,9
"1058","grev;grave",0.970500274162323,9
"1059","gre;gray",1.46251457928511,9
"1060","grez;graze",1.32704227227871,9
"1061","grit;greet",0.543137737970458,9
"1062","grIt;grit",0.502118624551115,9
"1063","grot;groat",0.504284034808949,9
"1064","grat;grot",0.61556635330608,9
"1065","JYret;gyrate",0.151904310512777,9
"1066","het;hate",0.835885185623355,9
"1067","Yret;irate",1.21112314082679,9
"1068","krWt;kraut",0.330071204396218,9
"1069","let;late",1.08333575598102,9
"1070","met;mate",0.835885185623355,9
"1071","oret;orate",1.21112314082679,9
"1072","ornet;ornate",0.151904310512777,9
"1073","pes;pace",0.691471038800639,9
"1074","peJ;page",0.550617410905637,9
"1075","ped;paid",0.553762522999217,9
"1076","pel;pail",0.555981265395241,9
"1077","pen;pain",0.698808021813566,9
"1078","pent;paint",0.253656192127908,9
"1079","pest;paste",0.177467909688329,9
"1080","p@t;pat",0.574994358623995,9
"1081","pet;pate",2.14851803744883,9
"1082","pev;pave",0.554704366477778,9
"1083","pe;pay",0.747265597611884,9
"1084","pei;payee",0.483807530495922,9
"1085","peX;payer",0.483807530495922,9
"1086","pit;peat",0.508744919001897,9
"1087","pRt;pert",0.434791590687803,9
"1088","pEt;pet",0.434791590687803,9
"1089","frez;phrase",0.991059882156456,9
"1090","pIt;pit",0.502793196038306,9
"1091","ples;place",0.402867796485561,9
"1092","pleg;plague",0.342419965292355,9
"1093","plen;plain",0.484138867171871,9
"1094","plent;plaint",0.23329165204885,9
"1095","plet;plait",1.17211988568416,9
"1096","pl@t;plat",0.374269767390568,9
"1097","ple;play",0.509987533537582,9
"1098","plit;pleat",0.373251425984112,9
"1099","plYt;plight",0.319291997851538,9
"1100","plat;plot",0.374758886106287,9
"1101","pat;pot",0.580829344924669,9
"1102","pWt;pout",0.507335501408383,9
"1103","prez;praise",1.33570086639753,9
"1104","pret;prate",1.43614657173407,9
"1105","pre;pray",1.56840362704231,9
"1106","prYz;prise",0.398556977719298,9
"1107","pro;pro",0.504960306630079,9
"1108","proz;prose",0.398556977719298,9
"1109","prW;prow",0.369036699889407,9
"1110","prY;pry",0.504960306630079,9
"1111","pUt;put",0.434791590687803,9
"1112","p^t;putt",0.500223701556117,9
"1113","kwet;quoit",0.219429539100153,9
"1114","res;race",1.06961890184495,9
"1115","reJ;rage",0.876887666633223,9
"1116","red;raid",1.06681738277449,9
"1117","rel;rail",1.17391699838639,9
"1118","ren;rain",1.18004265138252,9
"1119","rez;raise",1.37459108896518,9
"1120","rek;rake",0.82425284591376,9
"1121","rep;rape",1.02499673003169,9
"1122","r@t;rat",0.719096702836141,9
"1123","ret;rate",3.37943510566073,9
"1124","rev;rave",1.07767003679558,9
"1125","re;ray",1.56618956503886,9
"1126","rYt;right",0.892184070568627,9
"1127","rut;root",0.780174100643281,9
"1128","rat;rot",0.928881756028974,9
"1129","rot;rote",0.766773023588261,9
"1130","rWt;rout",0.939048481868803,9
"1131","r^t;rut",0.716562480814012,9
"1132","set;sate",0.985878759982493,9
"1133","slet;slate",0.392734174546815,9
"1134","spet;spate",0.215133827605906,9
"1135","spre;spray",0.106419367791795,9
"1136","stret;straight",0.13138682593252,9
"1137","tres;trace",0.69738348037219,9
"1138","tred;trade",0.697129047070591,9
"1139","trel;trail",0.806035055160983,9
"1140","tren;train",0.808785104003879,9
"1141","tret;trait",2.32803550797879,9
"1142","tretX;traitor",0.305514318354285,9
"1143","tre;tray",1.20194552948609,9
"1144","trit;treat",0.583700819611898,9
"1145","trYt;trite",0.673278752926626,9
"1146","trat;trot",0.658455976366172,9
"1147","trWt;trout",0.668720833092311,9
"1148","^prez;upraise",0.277113805474491,9
"1149","wet;wait",0.94979245268815,9
"1150","reT;wraith",0.82425284591376,9
"1151","rIt;writ",0.815185935228286,9
"1152","rct;wrought",0.780174100643281,9
"1153","Eret;aerate",0.966173442192765,10
"1154","xprez;appraise",0.261697209352586,10
"1155","xre;array",0.68117341050908,10
"1156","et;ate",0.84432567930915,10
"1157","bet;bait",0.84432567930915,10
"1158","bre;brae",0.786083957535863,10
"1159","brez;braise",0.629116003178534,10
"1160","kren;crane",0.732257011463292,10
"1161","krep;crape",0.630370335565063,10
"1162","kret;crate",1.92156361317013,10
"1163","kretX;crater",0.283939551365408,10
"1164","krev;crave",0.628598691207148,10
"1165","krez;craze",0.977004794566659,10
"1166","kriet;create",0.12947405482367,10
"1167","det;date",0.84432567930915,10
"1168","dre;dray",0.68117341050908,10
"1169","xlet;elate",0.240046901432205,10
"1170","fet;fate",0.961776357502578,10
"1171","frel;frail",0.724335004894453,10
"1172","frem;frame",0.440100823619296,10
"1173","frct;fraught",0.546996809121882,10
"1174","fre;fray",1.12506198018087,10
"1175","fret;freight",1.94909603741132,10
"1176","frEt;fret",0.461821261288231,10
"1177","frYt;fright",0.661788532309191,10
"1178","frut;fruit",0.546996809121882,10
"1179","get;gait",0.952770348280199,10
"1180","gres;grace",0.970558246263215,10
"1181","gred;grade",0.970342676637609,10
"1182","grel;grail",1.07743583054243,10
"1183","gren;grain",1.07967227694465,10
"1184","grep;grape",0.979693555209148,10
"1185","gret;grate",2.25740094237411,10
"1186","grev;grave",0.977723194152866,10
"1187","gre;gray",1.47374834356092,10
"1188","grez;graze",1.3245214800228,10
"1189","grit;greet",0.532796847219953,10
"1190","grIt;grit",0.497709259827491,10
"1191","grot;groat",0.499848568065675,10
"1192","grat;grot",0.608837929219243,10
"1193","JYret;gyrate",0.136302745133957,10
"1194","het;hate",0.84432567930915,10
"1195","Yret;irate",1.11588703383089,10
"1196","krWt;kraut",0.319158717817849,10
"1197","let;late",1.08694456420377,10
"1198","met;mate",0.84432567930915,10
"1199","oret;orate",1.11588703383089,10
"1200","ornet;ornate",0.136302745133957,10
"1201","pes;pace",0.72511036003408,10
"1202","peJ;page",0.584578541778108,10
"1203","ped;paid",0.587424535365626,10
"1204","pel;pail",0.589300625228696,10
"1205","pen;pain",0.73127202560441,10
"1206","pent;paint",0.257876625655372,10
"1207","pest;paste",0.18355229839307,10
"1208","p@t;pat",0.606137870308511,10
"1209","pet;pate",2.20817864181917,10
"1210","pev;pave",0.588131624416054,10
"1211","pe;pay",0.776777707030031,10
"1212","pei;payee",0.51330579267156,10
"1213","peX;payer",0.51330579267156,10
"1214","pit;peat",0.535868871906042,10
"1215","pRt;pert",0.463596166038883,10
"1216","pEt;pet",0.463596166038883,10
"1217","frez;phrase",0.970635823312637,10
"1218","pIt;pit",0.535321129063399,10
"1219","ples;place",0.393661123935498,10
"1220","pleg;plague",0.331227724082751,10
"1221","plen;plain",0.472221373636374,10
"1222","plent;plaint",0.228373202589141,10
"1223","plet;plait",1.13773246628799,10
"1224","pl@t;plat",0.366305089489947,10
"1225","ple;play",0.498679980510846,10
"1226","plit;pleat",0.365128606534308,10
"1227","plYt;plight",0.309290178171424,10
"1228","plat;plot",0.366743367962745,10
"1229","pat;pot",0.611279430784273,10
"1230","pWt;pout",0.539098157193127,10
"1231","prez;praise",1.28767238936684,10
"1232","pret;prate",1.350688752992,10
"1233","pre;pray",1.54646754785384,10
"1234","prYz;prise",0.382323476421103,10
"1235","pro;pro",0.488494420559926,10
"1236","proz;prose",0.382323476421103,10
"1237","prW;prow",0.358240025595015,10
"1238","prY;pry",0.488494420559926,10
"1239","pUt;put",0.463596166038883,10
"1240","p^t;putt",0.533089026327705,10
"1241","kwet;quoit",0.208592224135847,10
"1242","res;race",1.11514729155656,10
"1243","reJ;rage",0.920437723290803,10
"1244","red;raid",1.11296799154874,10
"1245","rel;rail",1.21847092384026,10
"1246","ren;rain",1.22314429704438,10
"1247","rez;raise",1.40481267303889,10
"1248","rek;rake",0.863946380023715,10
"1249","rep;rape",1.06450274825773,10
"1250","r@t;rat",0.750661838158257,10
"1251","ret;rate",3.37968241866662,10
"1252","rev;rave",1.1209295308218,10
"1253","re;ray",1.61372015217422,10
"1254","rYt;right",0.91586359828363,10
"1255","rut;root",0.805687979947526,10
"1256","rat;rot",0.958273672451513,10
"1257","rot;rote",0.794864734653063,10
"1258","rWt;rout",0.964891771607756,10
"1259","r^t;rut",0.74861163609976,10
"1260","set;sate",0.994694797619854,10
"1261","slet;slate",0.390143806771273,10
"1262","spet;spate",0.217331215386292,10
"1263","spre;spray",0.104746154401718,10
"1264","stret;straight",0.123414048760668,10
"1265","tres;trace",0.696681723024839,10
"1266","tred;trade",0.696484062831092,10
"1267","trel;trail",0.803579619982816,10
"1268","tren;train",0.805659462391054,10
"1269","tret;trait",2.21367305791803,10
"1270","tretX;traitor",0.280521521245764,10
"1271","tre;tray",1.20175790486066,10
"1272","trit;treat",0.566478575321055,10
"1273","trYt;trite",0.656967167547337,10
"1274","trat;trot",0.644488133935101,10
"1275","trWt;trout",0.651423803859734,10
"1276","^prez;upraise",0.261697209352586,10
"1277","wet;wait",0.951615870755543,10
"1278","reT;wraith",0.863946380023715,10
"1279","rIt;writ",0.846880180672913,10
"1280","rct;wrought",0.805687979947526,10
