"","node","activation","time"
"1","xbEd;abed",0,1
"2","xbYd;abide",5,1
"3","xbod;abode",0,1
"4","xlRt;alert",0,1
"5","xlYt;alight",5,1
"6","xlYk;alike",5,1
"7","xlYn;aline",5,1
"8","xlIt;alit",0,1
"9","xlYv;alive",5,1
"10","xlYd;allied",40,1
"11","xlat;allot",0,1
"12","xlW;allow",0,1
"13","xlud;allude",5,1
"14","xlon;alone",0,1
"15","xluf;aloof",0,1
"16","xlWd;aloud",5,1
"17","xplcd;applaud",0,1
"18","xplYd;applied",5,1
"19","xplY;apply",0,1
"20","xrYt;aright",0,1
"21","xsYd;aside",5,1
"22","xsYn;assign",0,1
"23","xsYz;assize",0,1
"24","bYd;bide",0,1
"25","blYt;blight",0,1
"26","klWd;cloud",0,1
"27","kxlYd;collide",5,1
"28","dxlud;delude",0,1
"29","xlet;elate",0,1
"30","xlit;elite",0,1
"31","flYt;flight",0,1
"32","gl@d;glad",0,1
"33","gled;glade",0,1
"34","glYd;glide",5,1
"35","gYd;guide",0,1
"36","lud;lewd",0,1
"37","lYt;light",0,1
"38","lYk;like",0,1
"39","lYn;line",0,1
"40","lWd;loud",0,1
"41","mxlYn;malign",0,1
"42","xklud;occlude",0,1
"43","plYt;plight",0,1
"44","pxlYt;polite",0,1
"45","sYd;side",0,1
"46","slEd;sled",0,1
"47","slYt;sleight",0,1
"48","slYs;slice",0,1
"49","slId;slid",0,1
"50","slYd;slide",5,1
"51","slYm;slime",0,1
"52","slY;sly",0,1
"53","snYd;snide",0,1
"54","xbEd;abed",0.6,2
"55","xbYd;abide",4.6,2
"56","xbod;abode",0.6,2
"57","xlRt;alert",0.1875,2
"58","xlYt;alight",5.725,2
"59","xlYk;alike",5.3125,2
"60","xlYn;aline",5.5375,2
"61","xlIt;alit",0.1875,2
"62","xlYv;alive",5.1625,2
"63","xlYd;allied",25.1125,2
"64","xlat;allot",0.1875,2
"65","xlW;allow",0.6,2
"66","xlud;allude",4.6,2
"67","xlon;alone",0.375,2
"68","xluf;aloof",0.5,2
"69","xlWd;aloud",4.5,2
"70","xplcd;applaud",1,2
"71","xplYd;applied",4,2
"72","xplY;apply",1,2
"73","xrYt;aright",0.1875,2
"74","xsYd;aside",4.6,2
"75","xsYn;assign",0.975,2
"76","xsYz;assize",0.6,2
"77","bYd;bide",0.6,2
"78","blYt;blight",0.1875,2
"79","klWd;cloud",0.6,2
"80","kxlYd;collide",4,2
"81","dxlud;delude",0.5,2
"82","xlet;elate",0.1875,2
"83","xlit;elite",0.1875,2
"84","flYt;flight",0.1875,2
"85","gl@d;glad",0.6,2
"86","gled;glade",0.6,2
"87","glYd;glide",4.3,2
"88","gYd;guide",0.6,2
"89","lud;lewd",0.5,2
"90","lYt;light",0.1875,2
"91","lYk;like",0.6,2
"92","lYn;line",0.375,2
"93","lWd;loud",0.6,2
"94","mxlYn;malign",0.375,2
"95","xklud;occlude",0.5,2
"96","plYt;plight",0.1875,2
"97","pxlYt;polite",0.1875,2
"98","sYd;side",0.9,2
"99","slEd;sled",0.3,2
"100","slYt;sleight",0.4875,2
"101","slYs;slice",0.3,2
"102","slId;slid",0.3,2
"103","slYd;slide",4.6,2
"104","slYm;slime",0.3,2
"105","slY;sly",0.3,2
"106","snYd;snide",0.3,2
"107","xbEd;abed",0.972,3
"108","xbYd;abide",4.127625,3
"109","xbod;abode",0.972,3
"110","xlRt;alert",0.3796875,3
"111","xlYt;alight",5.76638392857143,3
"112","xlYk;alike",4.905,3
"113","xlYn;aline",5.8171875,3
"114","xlIt;alit",0.3796875,3
"115","xlYv;alive",4.588125,3
"116","xlYd;allied",18.182875,3
"117","xlat;allot",0.3796875,3
"118","xlW;allow",0.78,3
"119","xlud;allude",4.685625,3
"120","xlon;alone",0.5653125,3
"121","xluf;aloof",0.66,3
"122","xlWd;aloud",4.175625,3
"123","xplcd;applaud",1.2,3
"124","xplYd;applied",4.055625,3
"125","xplY;apply",1.2,3
"126","xrYt;aright",0.2896875,3
"127","xsYd;aside",4.130625,3
"128","xsYn;assign",1.5373125,3
"129","xsYz;assize",0.987,3
"130","bYd;bide",1.02,3
"131","blYt;blight",0.379508928571429,3
"132","klWd;cloud",0.9,3
"133","kxlYd;collide",2.855625,3
"134","dxlud;delude",0.66,3
"135","xlet;elate",0.3796875,3
"136","xlit;elite",0.3796875,3
"137","flYt;flight",0.379508928571429,3
"138","gl@d;glad",0.936,3
"139","gled;glade",0.936,3
"140","glYd;glide",3.731625,3
"141","gYd;guide",0.984,3
"142","lud;lewd",0.78,3
"143","lYt;light",0.5809375,3
"144","lYk;like",0.968571428571429,3
"145","lYn;line",0.701383928571429,3
"146","lWd;loud",1.11,3
"147","mxlYn;malign",0.5653125,3
"148","xklud;occlude",0.66,3
"149","plYt;plight",0.439508928571429,3
"150","pxlYt;polite",0.3084375,3
"151","sYd;side",1.518,3
"152","slEd;sled",0.486,3
"153","slYt;sleight",0.900508928571429,3
"154","slYs;slice",0.5185,3
"155","slId;slid",0.486,3
"156","slYd;slide",4.157125,3
"157","slYm;slime",0.5185,3
"158","slY;sly",0.5185,3
"159","snYd;snide",0.504,3
"160","xbEd;abed",1.175715,4
"161","xbYd;abide",3.84306875,4
"162","xbod;abode",1.175715,4
"163","xlRt;alert",0.550364397321429,4
"164","xlYt;alight",5.66782299107143,4
"165","xlYk;alike",4.40560524553571,4
"166","xlYn;aline",5.85519118303571,4
"167","xlIt;alit",0.550364397321429,4
"168","xlYv;alive",3.98552220982143,4
"169","xlYd;allied",14.3848472098214,4
"170","xlat;allot",0.550364397321429,4
"171","xlW;allow",0.813075,4
"172","xlud;allude",4.70646875,4
"173","xlon;alone",0.6624140625,4
"174","xluf;aloof",0.7325625,4
"175","xlWd;aloud",4.00795625,4
"176","xplcd;applaud",1.291125,4
"177","xplYd;applied",3.97139375,4
"178","xplY;apply",1.291125,4
"179","xrYt;aright",0.332114397321429,4
"180","xsYd;aside",3.84243125,4
"181","xsYn;assign",1.8429890625,4
"182","xsYz;assize",1.1979375,4
"183","bYd;bide",1.282275,4
"184","blYt;blight",0.567363504464286,4
"185","klWd;cloud",1.083075,4
"186","kxlYd;collide",2.05139375,4
"187","dxlud;delude",0.7325625,4
"188","xlet;elate",0.550364397321429,4
"189","xlit;elite",0.550364397321429,4
"190","flYt;flight",0.567363504464286,4
"191","gl@d;glad",1.102995,4
"192","gled;glade",1.102995,4
"193","glYd;glide",3.40962125,4
"194","gYd;guide",1.227555,4
"195","lud;lewd",1.0025625,4
"196","lYt;light",0.977672433035714,4
"197","lYk;like",1.1661,4
"198","lYn;line",0.9603515625,4
"199","lWd;loud",1.449075,4
"200","mxlYn;malign",0.6624140625,4
"201","xklud;occlude",0.7325625,4
"202","plYt;plight",0.685484933035714,4
"203","pxlYt;polite",0.383565290178571,4
"204","sYd;side",1.9043025,4
"205","slEd;sled",0.5896275,4
"206","slYt;sleight",1.24402314732143,4
"207","slYs;slice",0.672411428571429,4
"208","slId;slid",0.5896275,4
"209","slYd;slide",3.93810767857143,4
"210","slYm;slime",0.672411428571429,4
"211","slY;sly",0.672411428571429,4
"212","snYd;snide",0.6331875,4
"213","xbEd;abed",1.28416875,5
"214","xbYd;abide",3.67944561049107,5
"215","xbod;abode",1.28416875,5
"216","xlRt;alert",0.696864031808036,5
"217","xlYt;alight",5.56801982554741,5
"218","xlYk;alike",3.96421549107143,5
"219","xlYn;aline",5.75592815680804,5
"220","xlIt;alit",0.696864031808036,5
"221","xlYv;alive",3.49380657477679,5
"222","xlYd;allied",12.0765401814732,5
"223","xlat;allot",0.696864031808036,5
"224","xlW;allow",0.80618475,5
"225","xlud;allude",4.70216586049107,5
"226","xlon;alone",0.704104963727679,5
"227","xluf;aloof",0.763671875,5
"228","xlWd;aloud",3.89565423549107,5
"229","xplcd;applaud",1.31072875,5
"230","xplYd;applied",3.85714986049107,5
"231","xplY;apply",1.31072875,5
"232","xrYt;aright",0.34538912109375,5
"233","xsYd;aside",3.67387847299107,5
"234","xsYn;assign",1.99680796372768,5
"235","xsYz;assize",1.3088645625,5
"236","bYd;bide",1.44810555,5
"237","blYt;blight",0.742856248538478,5
"238","klWd;cloud",1.20399975,5
"239","kxlYd;collide",1.53979986049107,5
"240","dxlud;delude",0.763671875,5
"241","xlet;elate",0.696864031808036,5
"242","xlit;elite",0.696864031808036,5
"243","flYt;flight",0.742856248538478,5
"244","gl@d;glad",1.18125105,5
"245","gled;glade",1.18125105,5
"246","glYd;glide",3.22668532120536,5
"247","gYd;guide",1.38514785,5
"248","lud;lewd",1.161486875,5
"249","lYt;light",1.31655325874256,5
"250","lYk;like",1.27098343622449,5
"251","lYn;line",1.14030045798788,5
"252","lWd;loud",1.686276,5
"253","mxlYn;malign",0.704104963727679,5
"254","xklud;occlude",0.763671875,5
"255","plYt;plight",0.904709534252764,5
"256","pxlYt;polite",0.434517971540179,5
"257","sYd;side",2.15102146071429,5
"258","slEd;sled",0.649025710714286,5
"259","slYt;sleight",1.53754045330038,5
"260","slYs;slice",0.789909337202381,5
"261","slId;slid",0.649025710714286,5
"262","slYd;slide",3.86140905126488,5
"263","slYm;slime",0.789909337202381,5
"264","slY;sly",0.789909337202381,5
"265","snYd;snide",0.718077760714286,5
"266","xbEd;abed",1.34045159825893,6
"267","xbYd;abide",3.57659303002902,6
"268","xbod;abode",1.34045159825893,6
"269","xlRt;alert",0.822041091449099,6
"270","xlYt;alight",5.50232025154058,6
"271","xlYk;alike",3.60827623418228,6
"272","xlYn;aline",5.58712350121632,6
"273","xlIt;alit",0.822041091449099,6
"274","xlYv;alive",3.11755085313158,6
"275","xlYd;allied",10.6051789272923,6
"276","xlat;allot",0.822041091449099,6
"277","xlW;allow",0.789952408258929,6
"278","xlud;allude",4.67522729902902,6
"279","xlon;alone",0.713336597251674,6
"280","xluf;aloof",0.775685336049107,6
"281","xlWd;aloud",3.8144712643192,6
"282","xplcd;applaud",1.29572147209821,6
"283","xplYd;applied",3.71956145327009,6
"284","xplY;apply",1.29572147209821,6
"285","xrYt;aright",0.346956391895528,6
"286","xsYd;aside",3.56505540831027,6
"287","xsYn;assign",2.0639425827606,6
"288","xsYz;assize",1.36377283450446,6
"289","bYd;bide",1.55592783854464,6
"290","blYt;blight",0.900907065187938,6
"291","klWd;cloud",1.28633360825893,6
"292","kxlYd;collide",1.21974695327009,6
"293","dxlud;delude",0.775685336049107,6
"294","xlet;elate",0.822041091449099,6
"295","xlit;elite",0.822041091449099,6
"296","flYt;flight",0.900907065187938,6
"297","gl@d;glad",1.21407797354464,6
"298","gled;glade",1.21407797354464,6
"299","glYd;glide",3.1119658806317,6
"300","gYd;guide",1.48900506383036,6
"301","lud;lewd",1.27206653604911,6
"302","lYt;light",1.58893797575873,6
"303","lYk;like",1.32500674719388,6
"304","lYn;line",1.25485890437859,6
"305","lWd;loud",1.85163489575893,6
"306","mxlYn;malign",0.713336597251674,6
"307","xklud;occlude",0.775685336049107,6
"308","plYt;plight",1.09467556733505,6
"309","pxlYt;polite",0.473078885499375,6
"310","sYd;side",2.31503255233482,6
"311","slEd;sled",0.686002540575893,6
"312","slYt;sleight",1.79256454484759,6
"313","slYs;slice",0.887123776004252,6
"314","slId;slid",0.686002540575893,6
"315","slYd;slide",3.85651609668059,6
"316","slYm;slime",0.887123776004252,6
"317","slY;sly",0.887123776004252,6
"318","snYd;snide",0.777038222647321,6
"319","xbEd;abed",1.36750728238473,7
"320","xbYd;abide",3.50415933403774,7
"321","xbod;abode",1.36750728238473,7
"322","xlRt;alert",0.929733169907979,7
"323","xlYt;alight",5.47555348030518,7
"324","xlYk;alike",3.33157468947003,7
"325","xlYn;aline",5.39183534648537,7
"326","xlIt;alit",0.929733169907979,7
"327","xlYv;alive",2.83564370774311,7
"328","xlYd;allied",9.63091304732715,7
"329","xlat;allot",0.929733169907979,7
"330","xlW;allow",0.773717515021875,7
"331","xlud;allude",4.63593998339765,7
"332","xlon;alone",0.704368901491893,7
"333","xluf;aloof",0.777796864322545,7
"334","xlWd;aloud",3.75376868858002,7
"335","xplcd;applaud",1.2622008794933,7
"336","xplYd;applied",3.57294929419051,7
"337","xplY;apply",1.2622008794933,7
"338","xrYt;aright",0.345119566190983,7
"339","xsYd;aside",3.48519654647584,7
"340","xsYn;assign",2.08154979504404,7
"341","xsYz;assize",1.38610429935114,7
"342","bYd;bide",1.62716721806759,7
"343","blYt;blight",1.03997522669031,7
"344","klWd;cloud",1.34259697417366,7
"345","kxlYd;collide",1.01815772767265,7
"346","dxlud;delude",0.777796864322545,7
"347","xlet;elate",0.929733169907979,7
"348","xlit;elite",0.929733169907979,7
"349","flYt;flight",1.03997522669031,7
"350","gl@d;glad",1.22329048715705,7
"351","gled;glade",1.22329048715705,7
"352","glYd;glide",3.03268406131099,7
"353","gYd;guide",1.55802740519705,7
"354","lud;lewd",1.34667632347433,7
"355","lYt;light",1.80307488541921,7
"356","lYk;like",1.3501623114916,7
"357","lYn;line",1.3221738574179,7
"358","lWd;loud",1.96591055331429,7
"359","mxlYn;malign",0.704368901491893,7
"360","xklud;occlude",0.777796864322545,7
"361","plYt;plight",1.25804758428801,7
"362","pxlYt;polite",0.505036120366027,7
"363","sYd;side",2.42730868300119,7
"364","slEd;sled",0.71159274420396,7
"365","slYt;sleight",2.01583942838963,7
"366","slYs;slice",0.971881911993651,7
"367","slId;slid",0.71159274420396,7
"368","slYd;slide",3.88752819032432,7
"369","slYm;slime",0.971881911993651,7
"370","slY;sly",0.971881911993651,7
"371","snYd;snide",0.820010161139943,7
"372","xbEd;abed",1.37775421775384,8
"373","xbYd;abide",3.44737078460291,8
"374","xbod;abode",1.37775421775384,8
"375","xlRt;alert",1.02349844503047,8
"376","xlYt;alight",5.48205007609541,8
"377","xlYk;alike",3.11927545311201,8
"378","xlYn;aline",5.19473597765248,8
"379","xlIt;alit",1.02349844503047,8
"380","xlYv;alive",2.62531300469785,8
"381","xlYd;allied",8.96264886517604,8
"382","xlat;allot",1.02349844503047,8
"383","xlW;allow",0.759939248638352,8
"384","xlud;allude",4.5904111411779,8
"385","xlon;alone",0.68613521158316,8
"386","xluf;aloof",0.774712744068783,8
"387","xlWd;aloud",3.70683883806621,8
"388","xplcd;applaud",1.21947021063542,8
"389","xplYd;applied",3.42536642543453,8
"390","xplY;apply",1.21947021063542,8
"391","xrYt;aright",0.343381081987837,8
"392","xsYd;aside",3.41954168181552,8
"393","xsYn;assign",2.07106244438646,8
"394","xsYz;assize",1.38897526432636,8
"395","bYd;bide",1.67424853031112,8
"396","blYt;blight",1.16086370293825,8
"397","klWd;cloud",1.38067314296192,8
"398","kxlYd;collide",0.888808743435418,8
"399","dxlud;delude",0.774712744068783,8
"400","xlet;elate",1.02349844503047,8
"401","xlit;elite",1.02349844503047,8
"402","flYt;flight",1.16086370293825,8
"403","gl@d;glad",1.22022542836726,8
"404","gled;glade",1.22022542836726,8
"405","glYd;glide",2.97345074164385,8
"406","gYd;guide",1.6038435350098,8
"407","lud;lewd",1.39544663839235,8
"408","lYt;light",1.97081855152148,8
"409","lYk;like",1.3588379347097,8
"410","lYn;line",1.35783893214496,8
"411","lWd;loud",2.04359845324971,8
"412","mxlYn;malign",0.68613521158316,8
"413","xklud;occlude",0.774712744068783,8
"414","plYt;plight",1.39859575086118,8
"415","pxlYt;polite",0.533152462086656,8
"416","sYd;side",2.50544072319195,8
"417","slEd;sled",0.731366612362231,8
"418","slYt;sleight",2.21221566741145,8
"419","slYs;slice",1.04795832504099,8
"420","slId;slid",0.731366612362231,8
"421","slYd;slide",3.93645090830102,8
"422","slYm;slime",1.04795832504099,8
"423","slY;sly",1.04795832504099,8
"424","snYd;snide",0.852532797835579,8
"425","xbEd;abed",1.37811244658004,9
"426","xbYd;abide",3.39892799563236,9
"427","xbod;abode",1.37811244658004,9
"428","xlRt;alert",1.10625550948039,9
"429","xlYt;alight",5.51361634463752,9
"430","xlYk;alike",2.95658923832774,9
"431","xlYn;aline",5.00885624645757,9
"432","xlIt;alit",1.10625550948039,9
"433","xlYv;alive",2.4677527756889,9
"434","xlYd;allied",8.48760257262548,9
"435","xlat;allot",1.10625550948039,9
"436","xlW;allow",0.748796360023286,9
"437","xlud;allude",4.54223449113942,9
"438","xlon;alone",0.6640592829572,9
"439","xluf;aloof",0.768926211745303,9
"440","xlWd;aloud",3.66879427532461,9
"441","xplcd;applaud",1.17286136934107,9
"442","xplYd;applied",3.28164326619512,9
"443","xplY;apply",1.17286136934107,9
"444","xrYt;aright",0.342929310648713,9
"445","xsYd;aside",3.36119156509559,9
"446","xsYn;assign",2.04506775719429,9
"447","xsYz;assize",1.3801475964257,9
"448","bYd;bide",1.70480550006179,9
"449","blYt;blight",1.26549392737781,9
"450","klWd;cloud",1.40580960840266,9
"451","kxlYd;collide",0.803655940632969,9
"452","dxlud;delude",0.768926211745303,9
"453","xlet;elate",1.10625550948039,9
"454","xlit;elite",1.10625550948039,9
"455","flYt;flight",1.26549392737781,9
"456","gl@d;glad",1.21097188885434,9
"457","gled;glade",1.21097188885434,9
"458","glYd;glide",2.92660375843672,9
"459","gYd;guide",1.63385409584644,9
"460","lud;lewd",1.42593946012467,9
"461","lYt;light",2.1031875801185,9
"462","lYk;like",1.35834331910244,9
"463","lYn;line",1.37343566253999,9
"464","lWd;loud",2.09509597627411,9
"465","mxlYn;malign",0.6640592829572,9
"466","xklud;occlude",0.768926211745303,9
"467","plYt;plight",1.51997655443945,9
"468","pxlYt;polite",0.558697437774358,9
"469","sYd;side",2.56008659800756,9
"470","slEd;sled",0.748143683151623,9
"471","slYt;sleight",2.38562561379209,9
"472","slYs;slice",1.11723892652085,9
"473","slId;slid",0.748143683151623,9
"474","slYd;slide",3.99382187989006,9
"475","slYm;slime",1.11723892652085,9
"476","slY;sly",1.11723892652085,9
"477","snYd;snide",0.877853060415327,9
"478","xbEd;abed",1.37255007208191,10
"479","xbYd;abide",3.35512288265607,10
"480","xbod;abode",1.37255007208191,10
"481","xlRt;alert",1.18026546126665,10
"482","xlYt;alight",5.5625957600868,10
"483","xlYk;alike",2.83127223554442,10
"484","xlYn;aline",4.84020868858637,10
"485","xlIt;alit",1.18026546126665,10
"486","xlYv;alive",2.34869677891439,10
"487","xlYd;allied",8.13745657627594,10
"488","xlat;allot",1.18026546126665,10
"489","xlW;allow",0.739773857048267,10
"490","xlud;allude",4.49337825730494,10
"491","xlon;alone",0.641287931667198,10
"492","xluf;aloof",0.761793933812063,10
"493","xlWd;aloud",3.63616118166465,10
"494","xplcd;applaud",1.12547320097545,10
"495","xplYd;applied",3.14447107831861,10
"496","xplY;apply",1.12547320097545,10
"497","xrYt;aright",0.343932337183392,10
"498","xsYd;aside",3.30699633627287,10
"499","xsYn;assign",2.01107858810121,10
"500","xsYz;assize",1.36441557782061,10
"501","bYd;bide",1.72377477043079,10
"502","blYt;blight",1.35613003934347,10
"503","klWd;cloud",1.42159835165484,10
"504","kxlYd;collide",0.745842504884462,10
"505","dxlud;delude",0.761793933812063,10
"506","xlet;elate",1.18026546126665,10
"507","xlit;elite",1.18026546126665,10
"508","flYt;flight",1.35613003934347,10
"509","gl@d;glad",1.19887277321045,10
"510","gled;glade",1.19887277321045,10
"511","glYd;glide",2.88800489728126,10
"512","gYd;guide",1.65290558112425,10
"513","lud;lewd",1.44361842841863,10
"514","lYt;light",2.20914934690055,10
"515","lYk;like",1.35308838990131,10
"516","lYn;line",1.37698036847381,10
"517","lWd;loud",2.1278184241068,10
"518","mxlYn;malign",0.641287931667198,10
"519","xklud;occlude",0.761793933812063,10
"520","plYt;plight",1.62539393734182,10
"521","pxlYt;polite",0.582237243477596,10
"522","sYd;side",2.59809477711414,10
"523","slEd;sled",0.76332989099954,10
"524","slYt;sleight",2.53938710733616,10
"525","slYs;slice",1.18073826894414,10
"526","slId;slid",0.76332989099954,10
"527","slYd;slide",4.05435307589671,10
"528","slYm;slime",1.18073826894414,10
"529","slY;sly",1.18073826894414,10
"530","snYd;snide",0.897980928720442,10
