"","node","activation","time"
"1","xbEd;abed",0,1
"2","xbYd;abide",7.5,1
"3","xbod;abode",0,1
"4","xlRt;alert",0,1
"5","xlYt;alight",7.5,1
"6","xlYk;alike",7.5,1
"7","xlYn;aline",7.5,1
"8","xlIt;alit",0,1
"9","xlYv;alive",7.5,1
"10","xlYd;allied",10,1
"11","xlat;allot",0,1
"12","xlW;allow",0,1
"13","xlud;allude",7.5,1
"14","xlon;alone",0,1
"15","xluf;aloof",0,1
"16","xlWd;aloud",7.5,1
"17","xplcd;applaud",0,1
"18","xplYd;applied",7.5,1
"19","xplY;apply",0,1
"20","xrYt;aright",0,1
"21","xsYd;aside",7.5,1
"22","xsYn;assign",0,1
"23","xsYz;assize",0,1
"24","bYd;bide",0,1
"25","blYt;blight",0,1
"26","klWd;cloud",0,1
"27","kxlYd;collide",7.5,1
"28","dxlud;delude",0,1
"29","xlet;elate",0,1
"30","xlit;elite",0,1
"31","flYt;flight",0,1
"32","gl@d;glad",0,1
"33","gled;glade",0,1
"34","glYd;glide",7.5,1
"35","gYd;guide",0,1
"36","lud;lewd",0,1
"37","lYt;light",0,1
"38","lYk;like",0,1
"39","lYn;line",0,1
"40","lWd;loud",0,1
"41","mxlYn;malign",0,1
"42","xklud;occlude",0,1
"43","plYt;plight",0,1
"44","pxlYt;polite",0,1
"45","sYd;side",0,1
"46","slEd;sled",0,1
"47","slYt;sleight",0,1
"48","slYs;slice",0,1
"49","slId;slid",0,1
"50","slYd;slide",7.5,1
"51","slYm;slime",0,1
"52","slY;sly",0,1
"53","snYd;snide",0,1
"54","xbEd;abed",1.35,2
"55","xbYd;abide",2.85,2
"56","xbod;abode",1.35,2
"57","xlRt;alert",0.421875,2
"58","xlYt;alight",5.38125,2
"59","xlYk;alike",4.453125,2
"60","xlYn;aline",4.959375,2
"61","xlIt;alit",0.421875,2
"62","xlYv;alive",4.115625,2
"63","xlYd;allied",21.503125,2
"64","xlat;allot",0.421875,2
"65","xlW;allow",1.35,2
"66","xlud;allude",2.85,2
"67","xlon;alone",0.84375,2
"68","xluf;aloof",1.125,2
"69","xlWd;aloud",2.625,2
"70","xplcd;applaud",2.25,2
"71","xplYd;applied",1.5,2
"72","xplY;apply",2.25,2
"73","xrYt;aright",0.421875,2
"74","xsYd;aside",2.85,2
"75","xsYn;assign",2.19375,2
"76","xsYz;assize",1.35,2
"77","bYd;bide",1.35,2
"78","blYt;blight",0.421875,2
"79","klWd;cloud",1.35,2
"80","kxlYd;collide",1.5,2
"81","dxlud;delude",1.125,2
"82","xlet;elate",0.421875,2
"83","xlit;elite",0.421875,2
"84","flYt;flight",0.421875,2
"85","gl@d;glad",1.35,2
"86","gled;glade",1.35,2
"87","glYd;glide",2.175,2
"88","gYd;guide",1.35,2
"89","lud;lewd",1.125,2
"90","lYt;light",0.421875,2
"91","lYk;like",1.35,2
"92","lYn;line",0.84375,2
"93","lWd;loud",1.35,2
"94","mxlYn;malign",0.84375,2
"95","xklud;occlude",1.125,2
"96","plYt;plight",0.421875,2
"97","pxlYt;polite",0.421875,2
"98","sYd;side",2.025,2
"99","slEd;sled",0.675,2
"100","slYt;sleight",1.096875,2
"101","slYs;slice",0.675,2
"102","slId;slid",0.675,2
"103","slYd;slide",2.85,2
"104","slYm;slime",0.675,2
"105","slY;sly",0.675,2
"106","snYd;snide",0.675,2
"107","xbEd;abed",1.2555,3
"108","xbYd;abide",4.030734375,3
"109","xbod;abode",1.2555,3
"110","xlRt;alert",0.6486328125,3
"111","xlYt;alight",5.76467075892857,3
"112","xlYk;alike",4.2496875,3
"113","xlYn;aline",6.5689453125,3
"114","xlIt;alit",0.6486328125,3
"115","xlYv;alive",3.686484375,3
"116","xlYd;allied",9.112515625,3
"117","xlat;allot",0.6486328125,3
"118","xlW;allow",0.6075,3
"119","xlud;allude",5.913984375,3
"120","xlon;alone",0.6423046875,3
"121","xluf;aloof",0.54,3
"122","xlWd;aloud",4.530234375,3
"123","xplcd;applaud",0.675,3
"124","xplYd;applied",5.812734375,3
"125","xplY;apply",0.675,3
"126","xrYt;aright",0.3448828125,3
"127","xsYd;aside",4.040859375,3
"128","xsYn;assign",1.8978046875,3
"129","xsYz;assize",1.306125,3
"130","bYd;bide",1.4175,3
"131","blYt;blight",0.648030133928572,3
"132","klWd;cloud",1.0125,3
"133","kxlYd;collide",1.762734375,3
"134","dxlud;delude",0.54,3
"135","xlet;elate",0.6486328125,3
"136","xlit;elite",0.6486328125,3
"137","flYt;flight",0.648030133928572,3
"138","gl@d;glad",1.134,3
"139","gled;glade",1.134,3
"140","glYd;glide",3.706734375,3
"141","gYd;guide",1.296,3
"142","lud;lewd",0.945,3
"143","lYt;light",1.3278515625,3
"144","lYk;like",1.24392857142857,3
"145","lYn;line",1.10154575892857,3
"146","lWd;loud",1.72125,3
"147","mxlYn;malign",0.6423046875,3
"148","xklud;occlude",0.54,3
"149","plYt;plight",0.850530133928572,3
"150","pxlYt;polite",0.4081640625,3
"151","sYd;side",2.08575,3
"152","slEd;sled",0.62775,3
"153","slYt;sleight",1.39390513392857,3
"154","slYs;slice",0.7374375,3
"155","slId;slid",0.62775,3
"156","slYd;slide",4.130296875,3
"157","slYm;slime",0.7374375,3
"158","slY;sly",0.7374375,3
"159","snYd;snide",0.6885,3
"160","xbEd;abed",1.4160571875,4
"161","xbYd;abide",3.369066796875,4
"162","xbod;abode",1.4160571875,4
"163","xlRt;alert",0.856141636439732,4
"164","xlYt;alight",5.34213737444197,4
"165","xlYk;alike",3.37431405552455,4
"166","xlYn;aline",5.3149522391183,4
"167","xlIt;alit",0.856141636439732,4
"168","xlYv;alive",2.88029993722098,4
"169","xlYd;allied",11.093570249721,4
"170","xlat;allot",0.856141636439732,4
"171","xlW;allow",0.8761921875,4
"172","xlud;allude",3.973529296875,4
"173","xlon;alone",0.80323681640625,4
"174","xluf;aloof",0.94109765625,4
"175","xlWd;aloud",3.542309765625,4
"176","xplcd;applaud",1.8113203125,4
"177","xplYd;applied",2.479712109375,4
"178","xplY;apply",1.8113203125,4
"179","xrYt;aright",0.358751011439732,4
"180","xsYd;aside",3.345589453125,4
"181","xsYn;assign",2.24389775390625,4
"182","xsYz;assize",1.42730859375,4
"183","bYd;bide",1.6315171875,4
"184","blYt;blight",0.943404973493304,4
"185","klWd;cloud",1.4330671875,4
"186","kxlYd;collide",0.859712109375,4
"187","dxlud;delude",0.94109765625,4
"188","xlet;elate",0.856141636439732,4
"189","xlit;elite",0.856141636439732,4
"190","flYt;flight",0.943404973493304,4
"191","gl@d;glad",1.2909121875,4
"192","gled;glade",1.2909121875,4
"193","glYd;glide",2.835238828125,4
"194","gYd;guide",1.5974971875,4
"195","lud;lewd",1.49797265625,4
"196","lYt;light",1.6609510672433,4
"197","lYk;like",1.39052410714286,4
"198","lYn;line",1.39306326729911,4
"199","lWd;loud",1.8684421875,4
"200","mxlYn;malign",0.80323681640625,4
"201","xklud;occlude",0.94109765625,4
"202","plYt;plight",1.13639470563616,4
"203","pxlYt;polite",0.492658656529018,4
"204","sYd;side",2.43153140625,4
"205","slEd;sled",0.71698921875,4
"206","slYt;sleight",1.86474441545759,4
"207","slYs;slice",0.916707857142857,4
"208","slId;slid",0.71698921875,4
"209","slYd;slide",3.65107637276786,4
"210","slYm;slime",0.916707857142857,4
"211","slY;sly",0.916707857142857,4
"212","snYd;snide",0.81601171875,4
"213","xbEd;abed",1.3852634765625,5
"214","xbYd;abide",3.53503717497907,5
"215","xbod;abode",1.3852634765625,5
"216","xlRt;alert",1.00253136919294,5
"217","xlYt;alight",5.44481771682428,5
"218","xlYk;alike",3.13310124651228,5
"219","xlYn;aline",5.45636681171526,5
"220","xlIt;alit",1.00253136919294,5
"221","xlYv;alive",2.62585164665876,5
"222","xlYd;allied",8.06210606625977,5
"223","xlat;allot",1.00253136919294,5
"224","xlW;allow",0.7252349765625,5
"225","xlud;allude",5.08203782341658,5
"226","xlon;alone",0.678255808541434,5
"227","xluf;aloof",0.69013916015625,5
"228","xlWd;aloud",3.77626399919782,5
"229","xplcd;applaud",0.9250456640625,5
"230","xplYd;applied",4.34036554216657,5
"231","xplY;apply",0.9250456640625,5
"232","xrYt;aright",0.336370328456334,5
"233","xsYd;aside",3.52614258396345,5
"234","xsYn;assign",2.06681687104143,5
"235","xsYz;assize",1.41810628710938,5
"236","bYd;bide",1.6865085515625,5
"237","blYt;blight",1.13513311878438,5
"238","klWd;cloud",1.3414551328125,5
"239","kxlYd;collide",0.917988979666574,5
"240","dxlud;delude",0.69013916015625,5
"241","xlet;elate",1.00253136919294,5
"242","xlit;elite",1.00253136919294,5
"243","flYt;flight",1.13513311878438,5
"244","gl@d;glad",1.2203446921875,5
"245","gled;glade",1.2203446921875,5
"246","glYd;glide",3.08520865009068,5
"247","gYd;guide",1.5972235171875,5
"248","lud;lewd",1.30635931640625,5
"249","lYt;light",1.99822598421805,5
"250","lYk;like",1.37789877240115,5
"251","lYn;line",1.36794653727629,5
"252","lWd;loud",2.14342790625,5
"253","mxlYn;malign",0.678255808541434,5
"254","xklud;occlude",0.69013916015625,5
"255","plYt;plight",1.37548217682009,5
"256","pxlYt;polite",0.520220298810687,5
"257","sYd;side",2.50986570167411,5
"258","slEd;sled",0.722940943861607,5
"259","slYt;sleight",2.15798019378438,5
"260","slYs;slice",1.01926063652344,5
"261","slId;slid",0.722940943861607,5
"262","slYd;slide",3.96289186362305,5
"263","slYm;slime",1.01926063652344,5
"264","slY;sly",1.01926063652344,5
"265","snYd;snide",0.847873698549107,5
"266","xbEd;abed",1.39820160360561,6
"267","xbYd;abide",3.34555703195581,6
"268","xbod;abode",1.39820160360561,6
"269","xlRt;alert",1.12834671930958,6
"270","xlYt;alight",5.44454953825276,6
"271","xlYk;alike",2.84226659472861,6
"272","xlYn;aline",4.8626299554527,6
"273","xlIt;alit",1.12834671930958,6
"274","xlYv;alive",2.3513136068969,6
"275","xlYd;allied",8.63444083345578,6
"276","xlat;allot",1.12834671930958,6
"277","xlW;allow",0.752251017511858,6
"278","xlud;allude",4.24382668197144,6
"279","xlon;alone",0.681666847172111,6
"280","xluf;aloof",0.831319589528111,6
"281","xlWd;aloud",3.64398468894863,6
"282","xplcd;applaud",1.39461422905622,6
"283","xplYd;applied",2.70377670449864,6
"284","xplY;apply",1.39461422905622,6
"285","xrYt;aright",0.339908029416999,6
"286","xsYd;aside",3.30354762167505,6
"287","xsYn;assign",2.09337644773475,6
"288","xsYz;assize",1.39656135513679,6
"289","bYd;bide",1.73590042811007,6
"290","blYt;blight",1.30314338513191,6
"291","klWd;cloud",1.45690140501186,6
"292","kxlYd;collide",0.69645685293614,6
"293","dxlud;delude",0.831319589528111,6
"294","xlet;elate",1.12834671930958,6
"295","xlit;elite",1.12834671930958,6
"296","flYt;flight",1.30314338513191,6
"297","gl@d;glad",1.22652713771945,6
"298","gled;glade",1.22652713771945,6
"299","glYd;glide",2.84731636582963,6
"300","gYd;guide",1.67278830050516,6
"301","lud;lewd",1.53596997702811,6
"302","lYt;light",2.16061545656023,6
"303","lYk;like",1.36904683219468,6
"304","lYn;line",1.4209203211654,6
"305","lWd;loud",2.08558681262905,6
"306","mxlYn;malign",0.681666847172111,6
"307","xklud;occlude",0.831319589528111,6
"308","plYt;plight",1.55927906025846,6
"309","pxlYt;polite",0.564615352975449,6
"310","sYd;side",2.609015287979,6
"311","slEd;sled",0.754277786849958,6
"312","slYt;sleight",2.43861523201405,6
"313","slYs;slice",1.1330516371924,6
"314","slId;slid",0.754277786849958,6
"315","slYd;slide",3.94404948750375,6
"316","slYm;slime",1.1330516371924,6
"317","slY;sly",1.1330516371924,6
"318","snYd;snide",0.893223463882324,6
"319","xbEd;abed",1.37121114773513,7
"320","xbYd;abide",3.35592890928434,7
"321","xbod;abode",1.37121114773513,7
"322","xlRt;alert",1.23150022136057,7
"323","xlYt;alight",5.57992203434983,7
"324","xlYk;alike",2.7248711147074,7
"325","xlYn;aline",4.76204487376397,7
"326","xlIt;alit",1.23150022136057,7
"327","xlYv;alive",2.24762419176517,7
"328","xlYd;allied",7.55215507614049,7
"329","xlat;allot",1.23150022136057,7
"330","xlW;allow",0.731142345761939,7
"331","xlud;allude",4.66363235610563,7
"332","xlon;alone",0.61521255470564,7
"333","xluf;aloof",0.719705961248527,7
"334","xlWd;aloud",3.60686312550448,7
"335","xplcd;applaud",0.950594434255214,7
"336","xplYd;applied",3.42826634526025,7
"337","xplY;apply",0.950594434255214,7
"338","xrYt;aright",0.340246714468418,7
"339","xsYd;aside",3.30622638639694,7
"340","xsYn;assign",1.97947469647497,7
"341","xsYz;assize",1.36230764173561,7
"342","bYd;bide",1.74724955055082,7
"343","blYt;blight",1.42668285744728,7
"344","klWd;cloud",1.42728342830065,7
"345","kxlYd;collide",0.717228747802797,7
"346","dxlud;delude",0.719705961248527,7
"347","xlet;elate",1.23150022136057,7
"348","xlit;elite",1.23150022136057,7
"349","flYt;flight",1.42668285744728,7
"350","gl@d;glad",1.18710687159503,7
"351","gled;glade",1.18710687159503,7
"352","glYd;glide",2.89299006706654,7
"353","gYd;guide",1.67018865616909,7
"354","lud;lewd",1.41584704378724,7
"355","lYt;light",2.30619260407843,7
"356","lYk;like",1.3525821824637,7
"357","lYn;line",1.37764536760683,7
"358","lWd;loud",2.21126804719164,7
"359","mxlYn;malign",0.61521255470564,7
"360","xklud;occlude",0.719705961248527,7
"361","plYt;plight",1.70704728408387,7
"362","pxlYt;polite",0.596609305863032,7
"363","sYd;side",2.63506173190636,7
"364","slEd;sled",0.769817236642815,7
"365","slYt;sleight",2.65070863723805,7
"366","slYs;slice",1.22200437753256,7
"367","slId;slid",0.769817236642815,7
"368","slYd;slide",4.1135996541634,7
"369","slYm;slime",1.22200437753256,7
"370","slY;sly",1.22200437753256,7
"371","snYd;snide",0.913909552099791,7
"372","xbEd;abed",1.3582333349255,8
"373","xbYd;abide",3.25539016931728,8
"374","xbod;abode",1.3582333349255,8
"375","xlRt;alert",1.32370079594785,8
"376","xlYt;alight",5.67061681880755,8
"377","xlYk;alike",2.59998950279817,8
"378","xlYn;aline",4.4671975940083,8
"379","xlIt;alit",1.32370079594785,8
"380","xlYv;alive",2.13125151326501,8
"381","xlYd;allied",7.71392454091573,8
"382","xlat;allot",1.32370079594785,8
"383","xlW;allow",0.722349597167001,8
"384","xlud;allude",4.26234749398719,8
"385","xlon;alone",0.597251303769011,8
"386","xluf;aloof",0.771515449540697,8
"387","xlWd;aloud",3.59032886475536,8
"388","xplcd;applaud",1.1235393470036,8
"389","xplYd;applied",2.62030824689595,8
"390","xplY;apply",1.1235393470036,8
"391","xrYt;aright",0.34789528587902,8
"392","xsYd;aside",3.18229343248807,8
"393","xsYn;assign",1.94183670627842,8
"394","xsYz;assize",1.3251939226675,8
"395","bYd;bide",1.75415986732014,8
"396","blYt;blight",1.53098024852103,8
"397","klWd;cloud",1.45534411957837,8
"398","kxlYd;collide",0.638134505490817,8
"399","dxlud;delude",0.771515449540697,8
"400","xlet;elate",1.32370079594785,8
"401","xlit;elite",1.32370079594785,8
"402","flYt;flight",1.53098024852103,8
"403","gl@d;glad",1.17364699144924,8
"404","gled;glade",1.17364699144924,8
"405","glYd;glide",2.79538738757815,8
"406","gYd;guide",1.68624305459728,8
"407","lud;lewd",1.50450997195206,8
"408","lYt;light",2.39829192487859,8
"409","lYk;like",1.33553910684298,8
"410","lYn;line",1.37577971746546,8
"411","lWd;loud",2.14977087974952,8
"412","mxlYn;malign",0.597251303769011,8
"413","xklud;occlude",0.771515449540697,8
"414","plYt;plight",1.82823670055098,8
"415","pxlYt;polite",0.629588637631061,8
"416","sYd;side",2.66534165207767,8
"417","slEd;sled",0.793623449028254,8
"418","slYt;sleight",2.840191800826,8
"419","slYs;slice",1.30739724024142,8
"420","slId;slid",0.793623449028254,8
"421","slYd;slide",4.16683954992372,8
"422","slYm;slime",1.30739724024142,8
"423","slY;sly",1.30739724024142,8
"424","snYd;snide",0.935926035827831,8
"425","xbEd;abed",1.33299856468614,9
"426","xbYd;abide",3.22555413697726,9
"427","xbod;abode",1.33299856468614,9
"428","xlRt;alert",1.40440684873516,9
"429","xlYt;alight",5.8012062068876,9
"430","xlYk;alike",2.54026853876988,9
"431","xlYn;aline",4.36210327092312,9
"432","xlIt;alit",1.40440684873516,9
"433","xlYv;alive",2.08119952778271,9
"434","xlYd;allied",7.22344726681046,9
"435","xlat;allot",1.40440684873516,9
"436","xlW;allow",0.718494155372665,9
"437","xlud;allude",4.41115948676167,9
"438","xlon;alone",0.562284859702835,9
"439","xluf;aloof",0.716503669052148,9
"440","xlWd;aloud",3.52688010632772,9
"441","xplcd;applaud",0.898446408769144,9
"442","xplYd;applied",2.86294598986475,9
"443","xplY;apply",0.898446408769144,9
"444","xrYt;aright",0.353761724645827,9
"445","xsYd;aside",3.14139368875248,9
"446","xsYn;assign",1.865893483002,9
"447","xsYz;assize",1.28788322199813,9
"448","bYd;bide",1.74702063096229,9
"449","blYt;blight",1.61425316972202,9
"450","klWd;cloud",1.43672487153866,9
"451","kxlYd;collide",0.642357791117761,9
"452","dxlud;delude",0.716503669052148,9
"453","xlet;elate",1.40440684873516,9
"454","xlit;elite",1.40440684873516,9
"455","flYt;flight",1.61425316972202,9
"456","gl@d;glad",1.14867557506115,9
"457","gled;glade",1.14867557506115,9
"458","glYd;glide",2.79525384750313,9
"459","gYd;guide",1.67780349279382,9
"460","lud;lewd",1.43473438521814,9
"461","lYt;light",2.48160461047113,9
"462","lYk;like",1.32263775534057,9
"463","lYn;line",1.34915125203833,9
"464","lWd;loud",2.19317062481961,9
"465","mxlYn;malign",0.562284859702835,9
"466","xklud;occlude",0.716503669052148,9
"467","plYt;plight",1.92863464151013,9
"468","pxlYt;polite",0.656166564903678,9
"469","sYd;side",2.6676501352465,9
"470","slEd;sled",0.811508456458675,9
"471","slYt;sleight",2.9942402862598,9
"472","slYs;slice",1.37810322170852,9
"473","slId;slid",0.811508456458675,9
"474","slYd;slide",4.28009966019261,9
"475","slYm;slime",1.37810322170852,9
"476","slY;sly",1.37810322170852,9
"477","snYd;snide",0.948369660449899,9
"478","xbEd;abed",1.31374895523328,10
"479","xbYd;abide",3.15356972019017,10
"480","xbod;abode",1.31374895523328,10
"481","xlRt;alert",1.47793146510026,10
"482","xlYt;alight",5.90467450052777,10
"483","xlYk;alike",2.47790108635733,10
"484","xlYn;aline",4.20643111994741,10
"485","xlIt;alit",1.47793146510026,10
"486","xlYv;alive",2.02418130188391,10
"487","xlYd;allied",7.23284084624491,10
"488","xlat;allot",1.47793146510026,10
"489","xlW;allow",0.706687834676256,10
"490","xlud;allude",4.1979032926149,10
"491","xlon;alone",0.546965103949134,10
"492","xluf;aloof",0.733324289919466,10
"493","xlWd;aloud",3.50724259813149,10
"494","xplcd;applaud",0.948728437836339,10
"495","xplYd;applied",2.44525667978172,10
"496","xplY;apply",0.948728437836339,10
"497","xrYt;aright",0.36169402160201,10
"498","xsYd;aside",3.05599017768607,10
"499","xsYn;assign",1.82232428015366,10
"500","xsYz;assize",1.25400723107586,10
"501","bYd;bide",1.73881987993465,10
"502","blYt;blight",1.68609141142981,10
"503","klWd;cloud",1.43646209373874,10
"504","kxlYd;collide",0.605994324122561,10
"505","dxlud;delude",0.733324289919466,10
"506","xlet;elate",1.47793146510026,10
"507","xlit;elite",1.47793146510026,10
"508","flYt;flight",1.68609141142981,10
"509","gl@d;glad",1.1349172588342,10
"510","gled;glade",1.1349172588342,10
"511","glYd;glide",2.74364196457161,10
"512","gYd;guide",1.675209255463,10
"513","lud;lewd",1.46309854898195,10
"514","lYt;light",2.54586537835064,10
"515","lYk;like",1.31332093804185,10
"516","lYn;line",1.34150651970257,10
"517","lWd;loud",2.14631214716151,10
"518","mxlYn;malign",0.546965103949134,10
"519","xklud;occlude",0.733324289919466,10
"520","plYt;plight",2.01407488713872,10
"521","pxlYt;polite",0.681229701854315,10
"522","sYd;side",2.67163843124672,10
"523","slEd;sled",0.831538620469606,10
"524","slYt;sleight",3.13066030907816,10
"525","slYs;slice",1.442589769983,10
"526","slId;slid",0.831538620469606,10
"527","slYd;slide",4.33985888921947,10
"528","slYm;slime",1.442589769983,10
"529","slY;sly",1.442589769983,10
"530","snYd;snide",0.960222959806696,10
