"","node","activation","time"
"1","bi;b",0,1
"2","bid;bead",0,1
"3","bik;beak",0,1
"4","bim;beam",0,1
"5","bin;bean",0,1
"6","bit;beat",0,1
"7","briD;breathe",0,1
"8","si;c",1.875,1
"9","sizX;caesar",0,1
"10","ki;cay",0,1
"11","sis;cease",1.875,1
"12","sikM;cecum",0,1
"13","sidX;cedar",0,1
"14","sid;cede",1.875,1
"15","sEl;cell",0,1
"16","Cip;cheap",0,1
"17","Cit;cheat",0,1
"18","Cik;cheek",0,1
"19","Ciz;cheese",0,1
"20","Sik;chic",0,1
"21","sYt;cite",0,1
"22","di;d",0,1
"23","dil;deal",0,1
"24","din;dean",0,1
"25","did;deed",0,1
"26","dim;deem",0,1
"27","dip;deep",0,1
"28","i;e",0,1
"29","iz;ease",0,1
"30","it;eat",0,1
"31","il;eel",0,1
"32","ik;eke",0,1
"33","fit;feat",0,1
"34","fiz;feaze",0,1
"35","fi;fee",0,1
"36","fid;feed",0,1
"37","fil;feel",0,1
"38","Ji;g",0,1
"39","gis;geese",0,1
"40","Jin;gene",0,1
"41","hi;he",0,1
"42","hil;heal",0,1
"43","hip;heap",0,1
"44","hit;heat",0,1
"45","hid;heed",0,1
"46","Ysi;icy",0,1
"47","kil;keel",0,1
"48","kin;keen",0,1
"49","kip;keep",0,1
"50","nid;knead",0,1
"51","ni;knee",0,1
"52","nil;kneel",0,1
"53","li;lea",0,1
"54","lik;leak",0,1
"55","lil;leal",0,1
"56","lin;lean",0,1
"57","lip;leap",0,1
"58","lis;lease",0,1
"59","liz;lees",0,1
"60","lit;lied",0,1
"61","liJ;liege",0,1
"62","lYD;lithe",0,1
"63","mi;me",0,1
"64","mid;mead",0,1
"65","mil;meal",0,1
"66","min;mean",0,1
"67","mit;meat",0,1
"68","mik;meek",0,1
"69","nip;neap",0,1
"70","nit;neat",0,1
"71","nis;niece",0,1
"72","pi;p",0,1
"73","pis;peace",0,1
"74","pik;peak",0,1
"75","pil;peal",0,1
"76","piz;pease",0,1
"77","pit;peat",0,1
"78","pin;peen",0,1
"79","pip;peep",0,1
"80","sam;psalm",0,1
"81","riC;reach",0,1
"82","rid;read",0,1
"83","riL;real",0,1
"84","rim;ream",0,1
"85","rip;reap",0,1
"86","rif;reef",0,1
"87","rik;reek",0,1
"88","ril;reel",0,1
"89","riv;reeve",0,1
"90","s@k;sac",0,1
"91","s@d;sad",0,1
"92","seJ;sage",0,1
"93","sEd;said",0,1
"94","sel;sail",0,1
"95","sek;sake",0,1
"96","sem;same",0,1
"97","sen;sane",0,1
"98","s@p;sap",0,1
"99","s@t;sat",0,1
"100","set;sate",0,1
"101","scs;sauce",0,1
"102","sc;saw",0,1
"103","se;say",0,1
"104","sin;scene",1.875,1
"105","skim;scheme",0,1
"106","sYD;scythe",1.875,1
"107","sil;seal",1.875,1
"108","sim;seam",1.875,1
"109","simi;seamy",0,1
"110","sizN;season",0,1
"111","sit;seat",1.875,1
"112","sEJ;sedge",0,1
"113","sik;seek",1.875,1
"114","sip;seep",1.875,1
"115","sisc;seesaw",0,1
"116","siD;seethe",70,1
"117","siz;seize",1.875,1
"118","sEn;sen",0,1
"119","sipL;sepal",0,1
"120","sXin;serene",0,1
"121","sRJ;serge",0,1
"122","sEt;set",0,1
"123","so;sew",0,1
"124","suX;sewer",0,1
"125","son;sewn",0,1
"126","Si;she",0,1
"127","Sif;sheaf",0,1
"128","SiT;sheath",0,1
"129","SiD;sheathe",1.875,1
"130","SiDz;sheaths",0,1
"131","Sin;sheen",0,1
"132","Sip;sheep",0,1
"133","Sit;sheet",0,1
"134","sIk;sick",0,1
"135","sYd;side",0,1
"136","siJ;siege",1.875,1
"137","sY;sigh",0,1
"138","sYn;sign",0,1
"139","sIl;sill",0,1
"140","sIn;sin",0,1
"141","sIp;sip",0,1
"142","sR;sir",0,1
"143","sYr;sire",0,1
"144","sIt;sit",0,1
"145","sYz;size",0,1
"146","ski;ski",0,1
"147","slik;sleek",0,1
"148","slip;sleep",0,1
"149","slit;sleet",0,1
"150","smuD;smooth",0,1
"151","snik;sneak",0,1
"152","sniz;sneeze",0,1
"153","sok;soak",0,1
"154","sop;soap",0,1
"155","sak;sock",0,1
"156","sad;sod",0,1
"157","sOl;soil",0,1
"158","sol;sol",0,1
"159","s^m;some",0,1
"160","s^n;son",0,1
"161","sun;soon",0,1
"162","sUt;soot",0,1
"163","suT;sooth",0,1
"164","suD;soothe",1.875,1
"165","sap;sop",0,1
"166","sat;sot",0,1
"167","sW;sough",0,1
"168","sct;sought",0,1
"169","sup;soup",0,1
"170","sWs;souse",0,1
"171","sO;soy",0,1
"172","spik;speak",0,1
"173","spid;speed",0,1
"174","stil;steal",0,1
"175","stim;steam",0,1
"176","stid;steed",0,1
"177","stip;steep",0,1
"178","s^k;suck",0,1
"179","su;sue",0,1
"180","sut;suit",0,1
"181","swit;suite",0,1
"182","s^p;sup",0,1
"183","sRi;surrey",0,1
"184","swid;swede",0,1
"185","swip;sweep",0,1
"186","ti;t",0,1
"187","tiC;teach",0,1
"188","tik;teak",0,1
"189","til;teal",0,1
"190","tim;team",0,1
"191","tiz;tease",0,1
"192","tiT;teeth",0,1
"193","tiD;teethe",1.875,1
"194","Di;thee",0,1
"195","Tim;theme",0,1
"196","Diz;these",0,1
"197","tYD;tithe",0,1
"198","vi;v",0,1
"199","vil;veal",0,1
"200","wi;we",0,1
"201","wik;weak",0,1
"202","wil;weal",0,1
"203","win;wean",0,1
"204","wid;weed",0,1
"205","wip;weep",0,1
"206","riT;wreath",0,1
"207","riD;wreathe",1.875,1
"208","rYD;writhe",0,1
"209","yi;ye",0,1
"210","yin;yean",0,1
"211","zi;z",0,1
"212","zil;zeal",0,1
"213","bi;b",0.0140625,2
"214","bid;bead",0.0208333333333333,2
"215","bik;beak",0.0181451612903226,2
"216","bim;beam",0.0255681818181818,2
"217","bin;bean",0.0193965517241379,2
"218","bit;beat",0.017578125,2
"219","briD;breathe",0.0375,2
"220","si;c",2.8571298575648,2
"221","sizX;caesar",0.0255681818181818,2
"222","ki;cay",0.0140625,2
"223","sis;cease",2.8399423575648,2
"224","sikM;cecum",0.0181451612903226,2
"225","sidX;cedar",0.0208333333333333,2
"226","sid;cede",2.85035902423147,2
"227","sEl;cell",0.0181451612903226,2
"228","Cip;cheap",0.0181451612903226,2
"229","Cit;cheat",0.017578125,2
"230","Cik;cheek",0.0181451612903226,2
"231","Ciz;cheese",0.0255681818181818,2
"232","Sik;chic",0.0692815249266862,2
"233","sYt;cite",0.0687144886363636,2
"234","di;d",0.0140625,2
"235","dil;deal",0.0181451612903226,2
"236","din;dean",0.0193965517241379,2
"237","did;deed",0.0208333333333333,2
"238","dim;deem",0.0255681818181818,2
"239","dip;deep",0.0181451612903226,2
"240","i;e",0.0140625,2
"241","iz;ease",0.0255681818181818,2
"242","it;eat",0.017578125,2
"243","il;eel",0.0181451612903226,2
"244","ik;eke",0.0181451612903226,2
"245","fit;feat",0.017578125,2
"246","fiz;feaze",0.0255681818181818,2
"247","fi;fee",0.0140625,2
"248","fid;feed",0.0208333333333333,2
"249","fil;feel",0.0181451612903226,2
"250","Ji;g",0.0140625,2
"251","gis;geese",0.03125,2
"252","Jin;gene",0.0193965517241379,2
"253","hi;he",0.0140625,2
"254","hil;heal",0.0181451612903226,2
"255","hip;heap",0.0181451612903226,2
"256","hit;heat",0.017578125,2
"257","hid;heed",0.0208333333333333,2
"258","Ysi;icy",0.0140625,2
"259","kil;keel",0.0181451612903226,2
"260","kin;keen",0.0193965517241379,2
"261","kip;keep",0.0181451612903226,2
"262","nid;knead",0.0208333333333333,2
"263","ni;knee",0.0140625,2
"264","nil;kneel",0.0181451612903226,2
"265","li;lea",0.0140625,2
"266","lik;leak",0.0181451612903226,2
"267","lil;leal",0.0181451612903226,2
"268","lin;lean",0.0193965517241379,2
"269","lip;leap",0.0181451612903226,2
"270","lis;lease",0.03125,2
"271","liz;lees",0.0255681818181818,2
"272","lit;lied",0.017578125,2
"273","liJ;liege",0.0375,2
"274","lYD;lithe",0.0511363636363636,2
"275","mi;me",0.0140625,2
"276","mid;mead",0.0208333333333333,2
"277","mil;meal",0.0181451612903226,2
"278","min;mean",0.0193965517241379,2
"279","mit;meat",0.017578125,2
"280","mik;meek",0.0181451612903226,2
"281","nip;neap",0.0181451612903226,2
"282","nit;neat",0.017578125,2
"283","nis;niece",0.03125,2
"284","pi;p",0.0140625,2
"285","pis;peace",0.03125,2
"286","pik;peak",0.0181451612903226,2
"287","pil;peal",0.0181451612903226,2
"288","piz;pease",0.0255681818181818,2
"289","pit;peat",0.017578125,2
"290","pin;peen",0.0193965517241379,2
"291","pip;peep",0.0181451612903226,2
"292","sam;psalm",0.0255681818181818,2
"293","riC;reach",0.0375,2
"294","rid;read",0.0583333333333333,2
"295","riL;real",0.0375,2
"296","rim;ream",0.0630681818181818,2
"297","rip;reap",0.0556451612903226,2
"298","rif;reef",0.0375,2
"299","rik;reek",0.0556451612903226,2
"300","ril;reel",0.0556451612903226,2
"301","riv;reeve",0.0375,2
"302","s@k;sac",0.0181451612903226,2
"303","s@d;sad",0.0208333333333333,2
"304","seJ;sage",0.0375,2
"305","sEd;said",0.0208333333333333,2
"306","sel;sail",0.0181451612903226,2
"307","sek;sake",0.0181451612903226,2
"308","sem;same",0.0255681818181818,2
"309","sen;sane",0.0193965517241379,2
"310","s@p;sap",0.0181451612903226,2
"311","s@t;sat",0.017578125,2
"312","set;sate",0.017578125,2
"313","scs;sauce",0.03125,2
"314","sc;saw",0.0140625,2
"315","se;say",0.0140625,2
"316","sin;scene",2.85179580584066,2
"317","skim;scheme",0.0255681818181818,2
"318","sYD;scythe",2.6875,2
"319","sil;seal",2.85304719627448,2
"320","sim;seam",2.84562417574662,2
"321","simi;seamy",0.0255681818181818,2
"322","sizN;season",0.0255681818181818,2
"323","sit;seat",2.8536142325648,2
"324","sEJ;sedge",0.0375,2
"325","sik;seek",2.85304719627448,2
"326","sip;seep",2.85304719627448,2
"327","sisc;seesaw",0.03125,2
"328","siD;seethe",49.4996014484739,2
"329","siz;seize",2.84562417574662,2
"330","sEn;sen",0.0193965517241379,2
"331","sipL;sepal",0.0181451612903226,2
"332","sXin;serene",0.0193965517241379,2
"333","sRJ;serge",0.0375,2
"334","sEt;set",0.017578125,2
"335","so;sew",0.0140625,2
"336","suX;sewer",0.0625,2
"337","son;sewn",0.0193965517241379,2
"338","Si;she",0.0651988636363637,2
"339","Sif;sheaf",0.0511363636363636,2
"340","SiT;sheath",0.0511363636363636,2
"341","SiD;sheathe",2.71363636363636,2
"342","SiDz;sheaths",0.0511363636363636,2
"343","Sin;sheen",0.0705329153605016,2
"344","Sip;sheep",0.0692815249266862,2
"345","Sit;sheet",0.0687144886363636,2
"346","sIk;sick",0.0181451612903226,2
"347","sYd;side",0.071969696969697,2
"348","siJ;siege",2.8336923575648,2
"349","sY;sigh",0.0651988636363637,2
"350","sYn;sign",0.0705329153605016,2
"351","sIl;sill",0.0181451612903226,2
"352","sIn;sin",0.0193965517241379,2
"353","sIp;sip",0.0181451612903226,2
"354","sR;sir",0.0140625,2
"355","sYr;sire",0.0511363636363636,2
"356","sIt;sit",0.017578125,2
"357","sYz;size",0.0767045454545455,2
"358","ski;ski",0.0140625,2
"359","slik;sleek",0.0181451612903226,2
"360","slip;sleep",0.0181451612903226,2
"361","slit;sleet",0.017578125,2
"362","smuD;smooth",0.0625,2
"363","snik;sneak",0.0181451612903226,2
"364","sniz;sneeze",0.0255681818181818,2
"365","sok;soak",0.0181451612903226,2
"366","sop;soap",0.0181451612903226,2
"367","sak;sock",0.0181451612903226,2
"368","sad;sod",0.0208333333333333,2
"369","sOl;soil",0.0181451612903226,2
"370","sol;sol",0.0181451612903226,2
"371","s^m;some",0.0255681818181818,2
"372","s^n;son",0.0193965517241379,2
"373","sun;soon",0.081896551724138,2
"374","sUt;soot",0.017578125,2
"375","suT;sooth",0.0625,2
"376","suD;soothe",2.67613636363636,2
"377","sap;sop",0.0181451612903226,2
"378","sat;sot",0.017578125,2
"379","sW;sough",0.0140625,2
"380","sct;sought",0.017578125,2
"381","sup;soup",0.0806451612903226,2
"382","sWs;souse",0.03125,2
"383","sO;soy",0.0140625,2
"384","spik;speak",0.0181451612903226,2
"385","spid;speed",0.0208333333333333,2
"386","stil;steal",0.0181451612903226,2
"387","stim;steam",0.0255681818181818,2
"388","stid;steed",0.0208333333333333,2
"389","stip;steep",0.0181451612903226,2
"390","s^k;suck",0.0181451612903226,2
"391","su;sue",0.0765625,2
"392","sut;suit",0.080078125,2
"393","swit;suite",0.017578125,2
"394","s^p;sup",0.0181451612903226,2
"395","sRi;surrey",0.0140625,2
"396","swid;swede",0.0208333333333333,2
"397","swip;sweep",0.0181451612903226,2
"398","ti;t",0.0651988636363637,2
"399","tiC;teach",0.0511363636363636,2
"400","tik;teak",0.0692815249266862,2
"401","til;teal",0.0692815249266862,2
"402","tim;team",0.0767045454545455,2
"403","tiz;tease",0.0767045454545455,2
"404","tiT;teeth",0.0511363636363636,2
"405","tiD;teethe",2.71363636363636,2
"406","Di;thee",0.0140625,2
"407","Tim;theme",0.0255681818181818,2
"408","Diz;these",0.0255681818181818,2
"409","tYD;tithe",0.102272727272727,2
"410","vi;v",0.0140625,2
"411","vil;veal",0.0181451612903226,2
"412","wi;we",0.0140625,2
"413","wik;weak",0.0181451612903226,2
"414","wil;weal",0.0181451612903226,2
"415","win;wean",0.0193965517241379,2
"416","wid;weed",0.0208333333333333,2
"417","wip;weep",0.0181451612903226,2
"418","riT;wreath",0.0375,2
"419","riD;wreathe",2.72727272727273,2
"420","rYD;writhe",0.0886363636363637,2
"421","yi;ye",0.0140625,2
"422","yin;yean",0.0193965517241379,2
"423","zi;z",0.0140625,2
"424","zil;zeal",0.0181451612903226,2
"425","bi;b",0.0381291561951377,3
"426","bid;bead",0.0522094804386307,3
"427","bik;beak",0.0478846746336953,3
"428","bim;beam",0.0638008881048426,3
"429","bin;bean",0.0498042924771824,3
"430","bit;beat",0.0452785503198148,3
"431","briD;breathe",0.0807954545454546,3
"432","si;c",3.29696777197055,3
"433","sizX;caesar",0.063661920578363,3
"434","ki;cay",0.0380118507510043,3
"435","sis;cease",3.2624051476471,3
"436","sikM;cecum",0.0403117470607208,3
"437","sidX;cedar",0.0488108073399456,3
"438","sid;cede",3.28126451748979,3
"439","sEl;cell",0.0462465893405905,3
"440","Cip;cheap",0.0464407674874191,3
"441","Cit;cheat",0.0446469053598816,3
"442","Cik;cheek",0.0472495402196679,3
"443","Ciz;cheese",0.063001168322005,3
"444","Sik;chic",0.162742417318827,3
"445","sYt;cite",0.163851144092585,3
"446","di;d",0.038064096241827,3
"447","dil;deal",0.047453563994986,3
"448","din;dean",0.0497392325238717,3
"449","did;deed",0.0521444204853201,3
"450","dim;deem",0.0637358281515319,3
"451","dip;deep",0.0470108419481359,3
"452","i;e",0.0375358396953019,3
"453","iz;ease",0.0630874614162824,3
"454","it;eat",0.044651685506879,3
"455","il;eel",0.0469101487333479,3
"456","ik;eke",0.0472561897170729,3
"457","fit;feat",0.0447836939554197,3
"458","fiz;feaze",0.0632194698648231,3
"459","fi;fee",0.0376678481438426,3
"460","fid;feed",0.0516847190833932,3
"461","fil;feel",0.0470421571818886,3
"462","Ji;g",0.0362693260540968,3
"463","gis;geese",0.0718825620200195,3
"464","Jin;gene",0.0477395617959809,3
"465","hi;he",0.0373593589790484,3
"466","hil;heal",0.0467336680170944,3
"467","hip;heap",0.0462709362685707,3
"468","hit;heat",0.0444752047906256,3
"469","hid;heed",0.0513762299185991,3
"470","Ysi;icy",0.031272223931736,3
"471","kil;keel",0.0462958935414222,3
"472","kin;keen",0.0485296110390093,3
"473","kip;keep",0.0458089213274816,3
"474","nid;knead",0.0523826731629585,3
"475","ni;knee",0.0383023489194654,3
"476","nil;kneel",0.0476918166726245,3
"477","li;lea",0.0397639869987044,3
"478","lik;leak",0.0505372362646948,3
"479","lil;leal",0.0491892632147337,3
"480","lin;lean",0.051526105030259,3
"481","lip;leap",0.049728463532446,3
"482","lis;lease",0.0767899495869158,3
"483","liz;lees",0.0656285060496278,3
"484","lit;lied",0.0480737663438533,3
"485","liJ;liege",0.0857999847181925,3
"486","lYD;lithe",0.123409090909091,3
"487","mi;me",0.0376486132872815,3
"488","mid;mead",0.0517289375307746,3
"489","mil;meal",0.0470380810404406,3
"490","min;mean",0.0493237495693262,3
"491","mit;meat",0.0447980074119586,3
"492","mik;meek",0.0474041317258392,3
"493","nip;neap",0.0472490946257743,3
"494","nit;neat",0.0454517430441425,3
"495","nis;niece",0.0748498067696612,3
"496","pi;p",0.0387281199687247,3
"497","pis;peace",0.0756250178716214,3
"498","pik;peak",0.0496639680005502,3
"499","pil;peal",0.0481428118094519,3
"500","piz;pease",0.0645325678408268,3
"501","pit;peat",0.0459308868555501,3
"502","pin;peen",0.0504651863151489,3
"503","pip;peep",0.047730906843254,3
"504","sam;psalm",0.0611079838396985,3
"505","riC;reach",0.09152180066797,3
"506","rid;read",0.139319853401411,3
"507","riL;real",0.0895019143043337,3
"508","rim;ream",0.150905530686892,3
"509","rip;reap",0.134225632460036,3
"510","rif;reef",0.09152180066797,3
"511","rik;reek",0.135034405192285,3
"512","ril;reel",0.134793778955104,3
"513","riv;reeve",0.0895019143043337,3
"514","s@k;sac",0.0449404282963199,3
"515","s@d;sad",0.0516247106115732,3
"516","seJ;sage",0.0896822743209701,3
"517","sEd;said",0.0532338146805611,3
"518","sel;sail",0.0466899375316097,3
"519","sek;sake",0.0468521442764778,3
"520","sem;same",0.0623748932025825,3
"521","sen;sane",0.0524690839437259,3
"522","s@p;sap",0.0465029282963199,3
"523","s@t;sat",0.0467695582897098,3
"524","set;sate",0.048554636165029,3
"525","scs;sauce",0.073233651035171,3
"526","sc;saw",0.0391453976330347,3
"527","se;say",0.0402927249650464,3
"528","sin;scene",3.28559157429121,3
"529","skim;scheme",0.0590347898965448,3
"530","sYD;scythe",2.93040622848988,3
"531","sil;seal",3.28098968234699,3
"532","sim;seam",3.2758799307804,3
"533","simi;seamy",0.0567016933056358,3
"534","sizN;season",0.0592585114874539,3
"535","sit;seat",3.28550543177702,3
"536","sEJ;sedge",0.0887445817646388,3
"537","sik;seek",3.28929995667801,3
"538","sip;seep",3.2894186033006,3
"539","sisc;seesaw",0.0692073726260801,3
"540","siD;seethe",35.3885806508278,3
"541","siz;seize",3.27438615041304,3
"542","sEn;sen",0.0520829088354638,3
"543","sipL;sepal",0.0403117470607208,3
"544","sXin;serene",0.0430789221293862,3
"545","sRJ;serge",0.0872575525084389,3
"546","sEt;set",0.0482230562460603,3
"547","so;sew",0.0386151019762444,3
"548","suX;sewer",0.143227782411207,3
"549","son;sewn",0.0507291391172787,3
"550","Si;she",0.153508397819001,3
"551","Sif;sheaf",0.11821591552006,3
"552","SiT;sheath",0.120048301883696,3
"553","SiD;sheathe",2.98086469267895,3
"554","SiDz;sheaths",0.109803719008264,3
"555","Sin;sheen",0.164667924058473,3
"556","Sip;sheep",0.161933644586578,3
"557","Sit;sheet",0.160133624598875,3
"558","sIk;sick",0.0451476026418054,3
"559","sYd;side",0.168043502177436,3
"560","siJ;siege",3.23518312658509,3
"561","sY;sigh",0.155443128996499,3
"562","sYn;sign",0.167450906556597,3
"563","sIl;sill",0.044946906160867,3
"564","sIn;sin",0.0507832256557403,3
"565","sIp;sip",0.0467101026418054,3
"566","sR;sir",0.0396269317239438,3
"567","sYr;sire",0.118936428603724,3
"568","sIt;sit",0.0469233730663368,3
"569","sYz;size",0.17490760242884,3
"570","ski;ski",0.0350754909771906,3
"571","slik;sleek",0.0450097919461198,3
"572","slip;sleep",0.0443747113009585,3
"573","slit;sleet",0.0424677457764326,3
"574","smuD;smooth",0.132954545454545,3
"575","snik;sneak",0.0461429420753835,3
"576","sniz;sneeze",0.0580625804024099,3
"577","sok;soak",0.0450935161033439,3
"578","sop;soap",0.0466560161033439,3
"579","sak;sock",0.0458907962877035,3
"580","sad;sod",0.0526773251467356,3
"581","sOl;soil",0.0430898812249437,3
"582","sol;sol",0.0448928196224055,3
"583","s^m;some",0.0604413192247667,3
"584","s^n;son",0.0511192150539255,3
"585","sun;soon",0.191785966657786,3
"586","sUt;soot",0.0445205393524978,3
"587","suT;sooth",0.143227782411207,3
"588","suD;soothe",2.90685667320646,3
"589","sap;sop",0.0474532962877035,3
"590","sat;sot",0.0476665667122349,3
"591","sW;sough",0.0394003692239438,3
"592","sct;sought",0.0473926984434069,3
"593","sup;soup",0.187491142375153,3
"594","sWs;souse",0.0720198726260801,3
"595","sO;soy",0.03718262728846,3
"596","spik;speak",0.0444448115768498,3
"597","spid;speed",0.0494260321688801,3
"598","stil;steal",0.0444838289499948,3
"599","stim;steam",0.064066250791161,3
"600","stid;steed",0.0521325326576387,3
"601","stip;steep",0.0455350486247482,3
"602","s^k;suck",0.045468423671096,3
"603","su;sue",0.179815651635151,3
"604","sut;suit",0.188256134263705,3
"605","swit;suite",0.0420609331614778,3
"606","s^p;sup",0.047030923671096,3
"607","sRi;surrey",0.034998786431736,3
"608","swid;swede",0.0515302018357388,3
"609","swip;sweep",0.0448265110056133,3
"610","ti;t",0.154186997337335,3
"611","tiC;teach",0.118894515038394,3
"612","tik;teak",0.163421016837162,3
"613","til;teal",0.164546608628114,3
"614","tim;team",0.180328944358016,3
"615","tiz;tease",0.179027159495152,3
"616","tiT;teeth",0.120726901402031,3
"617","tiD;teethe",2.97387283765183,3
"618","Di;thee",0.0366991360070749,3
"619","Tim;theme",0.0612672527461952,3
"620","Diz;these",0.061788328410961,3
"621","tYD;tithe",0.230655991735537,3
"622","vi;v",0.0361032324146995,3
"623","vil;veal",0.0454171299309057,3
"624","wi;we",0.0376029319021344,3
"625","wik;weak",0.0473584503406921,3
"626","wil;weal",0.0469923996552935,3
"627","win;wean",0.0492780681841791,3
"628","wid;weed",0.0527936041309755,3
"629","wip;weep",0.0475022985761852,3
"630","riT;wreath",0.0930985052134246,3
"631","riD;wreathe",3.01295415220702,3
"632","rYD;writhe",0.202670454545455,3
"633","yi;ye",0.0362693260540968,3
"634","yin;yean",0.0477395617959809,3
"635","zi;z",0.0361032324146995,3
"636","zil;zeal",0.0454171299309057,3
"637","bi;b",0.0689076054740833,4
"638","bid;bead",0.0879115659681693,4
"639","bik;beak",0.0842743506229998,4
"640","bim;beam",0.106660890771644,4
"641","bin;bean",0.0856772914901183,4
"642","bit;beat",0.0781668883691532,4
"643","briD;breathe",0.116815901225959,4
"644","si;c",3.41705288497384,4
"645","sizX;caesar",0.105424462461869,4
"646","ki;cay",0.068450965142581,4
"647","sis;cease",3.36796289718497,4
"648","sikM;cecum",0.0600501580071304,4
"649","sidX;cedar",0.0769922518345737,4
"650","sid;cede",3.39203194876733,4
"651","sEl;cell",0.0788795291101907,4
"652","Cip;cheap",0.0796753920261673,4
"653","Cit;cheat",0.0760821368073856,4
"654","Cik;cheek",0.0821712798070083,4
"655","Ciz;cheese",0.104237439223162,4
"656","Sik;chic",0.25740524655638,4
"657","sYt;cite",0.263074611645022,4
"658","di;d",0.0686843768734623,4
"659","dil;deal",0.08301932021049,4
"660","din;dean",0.0854549680714564,4
"661","did;deed",0.0876896429184509,4
"662","dim;deem",0.106439868552048,4
"663","dip;deep",0.0815511623605294,4
"664","i;e",0.066971414639768,4
"665","iz;ease",0.104538057725447,4
"666","it;eat",0.0761337431429696,4
"667","il;eel",0.0812613371468762,4
"668","ik;eke",0.0822326946877825,4
"669","fit;feat",0.0765104061312009,4
"670","fiz;feaze",0.104913177757786,4
"671","fi;fee",0.067350134902522,4
"672","fid;feed",0.0861677417671198,4
"673","fil;feel",0.081639257358427,4
"674","Ji;g",0.0628541645192698,4
"675","gis;geese",0.111168455327535,4
"676","Jin;gene",0.0790192892569944,4
"677","hi;he",0.0663862876632409,4
"678","hil;heal",0.0806772797504476,4
"679","hip;heap",0.0791517639955065,4
"680","hit;heat",0.0755513665152672,4
"681","hid;heed",0.0852109056452204,4
"682","Ysi;icy",0.0466178150419944,4
"683","kil;keel",0.0792897204839795,4
"684","kin;keen",0.0815741828355764,4
"685","kip;keep",0.0776922024009438,4
"686","nid;knead",0.0883597251604891,4
"687","ni;knee",0.0693592401056873,4
"688","nil;kneel",0.0836928749611902,4
"689","li;lea",0.0740763490117954,4
"690","lik;leak",0.0926484264277481,4
"691","lil;leal",0.0885180205577732,4
"692","lin;lean",0.0911045139465604,4
"693","lip;leap",0.0901089968339362,4
"694","lis;lease",0.126578188076725,4
"695","liz;lees",0.112571939995758,4
"696","lit;lied",0.0869119462127275,4
"697","liJ;liege",0.132326519124037,4
"698","lYD;lithe",0.198806016975344,4
"699","mi;me",0.0673662512629634,4
"700","mid;mead",0.0863798547585449,4
"701","mil;meal",0.0817034764285744,4
"702","min;mean",0.0841426230933685,4
"703","mit;meat",0.0766322199724035,4
"704","mik;meek",0.0827396822262501,4
"705","nip;neap",0.0822227107728915,4
"706","nit;neat",0.0786161133628535,4
"707","nis;niece",0.120457197457116,4
"708","pi;p",0.0708855141158264,4
"709","pis;peace",0.123023348815614,4
"710","pik;peak",0.0899399012993472,4
"711","pil;peal",0.0852976374607016,4
"712","piz;pease",0.109210358447755,4
"713","pit;peat",0.0803070110722555,4
"714","pin;peen",0.087844399892503,4
"715","pip;peep",0.0839238403125962,4
"716","sam;psalm",0.0984236278845913,4
"717","riC;reach",0.150040445395533,4
"718","rid;read",0.224191642004148,4
"719","riL;real",0.143978972307044,4
"720","rim;ream",0.24296311438537,4
"721","rip;reap",0.218171706019937,4
"722","rif;reef",0.150014997913595,4
"723","rik;reek",0.220680658591068,4
"724","ril;reel",0.22000268540549,4
"725","riv;reeve",0.143978972307044,4
"726","s@k;sac",0.0749929342170761,4
"727","s@d;sad",0.0858261157193874,4
"728","seJ;sage",0.144089208844068,4
"729","sEd;said",0.0908295321954013,4
"730","sel;sail",0.0804103830225225,4
"731","sek;sake",0.081113289363877,4
"732","sem;same",0.10245390271734,4
"733","sen;sane",0.0940776033126725,4
"734","s@p;sap",0.0797444323626648,4
"735","s@t;sat",0.0828863726416206,4
"736","set;sate",0.0886609522436546,4
"737","scs;sauce",0.115305852183036,4
"738","sc;saw",0.0716685729142311,4
"739","se;say",0.0756927520014255,4
"740","sin;scene",3.39974193271929,4
"741","skim;scheme",0.091829417255616,4
"742","sYD;scythe",2.88551222751214,4
"743","sil;seal",3.38215459779947,4
"744","sim;seam",3.39029154335062,4
"745","simi;seamy",0.0843622752791323,4
"746","sizN;season",0.0924978703319591,4
"747","sit;seat",3.39434297034711,4
"748","sEJ;sedge",0.141120835817793,4
"749","sik;seek",3.40710888460086,4
"750","sip;seep",3.40734224722803,4
"751","sisc;seesaw",0.102818579965708,4
"752","siD;seethe",25.6012745315179,4
"753","siz;seize",3.38639107513533,4
"754","sEn;sen",0.0927039167406416,4
"755","sipL;sepal",0.0600513062002523,4
"756","sXin;serene",0.064144123845307,4
"757","sRJ;serge",0.136390414584224,4
"758","sEt;set",0.0874612241399892,4
"759","so;sew",0.0703537336299326,4
"760","suX;sewer",0.221047483028107,4
"761","son;sewn",0.0885534897600301,4
"762","Si;she",0.243542485794462,4
"763","Sif;sheaf",0.183848580208288,4
"764","SiT;sheath",0.189418380999989,4
"765","SiD;sheathe",2.94618517093674,4
"766","SiDz;sheaths",0.15815891310612,4
"767","Sin;sheen",0.25882113530315,4
"768","Sip;sheep",0.254900575723243,4
"769","Sit;sheet",0.251283746482902,4
"770","sIk;sick",0.0757170957101633,4
"771","sYd;side",0.26410833167073,4
"772","siJ;siege",3.3081402822253,4
"773","sY;sigh",0.249680981676989,4
"774","sYn;sign",0.2675759899595,4
"775","sIl;sill",0.07490375895288,4
"776","sIn;sin",0.0887123928478191,4
"777","sIp;sip",0.0804790105224187,4
"778","sR;sir",0.0730665109210233,4
"779","sYr;sire",0.18618521382433,4
"780","sIt;sit",0.0834587938148894,4
"781","sYz;size",0.26846653706091,4
"782","ski;ski",0.0583268333651791,4
"783","slik;sleek",0.0750309554508825,4
"784","slip;sleep",0.0729971997601304,4
"785","slit;sleet",0.0689118900844643,4
"786","smuD;smooth",0.189963404258397,4
"787","snik;sneak",0.0777585598696728,4
"788","sniz;sneeze",0.0887552471702458,4
"789","sok;soak",0.0755584876398567,4
"790","sop;soap",0.0803204024521122,4
"791","sak;sock",0.0779655679023215,4
"792","sad;sod",0.0891019170187247,4
"793","sOl;soil",0.0689634232588558,4
"794","sol;sol",0.0747455114594966,4
"795","s^m;some",0.0962949781520974,4
"796","s^n;son",0.0895675751429486,4
"797","sun;soon",0.30256026463919,4
"798","sUt;soot",0.0757366808803382,4
"799","suT;sooth",0.221047483028107,4
"800","suD;soothe",2.84919629397242,4
"801","sap;sop",0.0827274827145769,4
"802","sat;sot",0.0857175563806062,4
"803","sW;sough",0.072125004611665,4
"804","sct;sought",0.0846055678396544,4
"805","sup;soup",0.293681406338365,4
"806","sWs;souse",0.111593199434144,4
"807","sO;soy",0.0655990167866482,4
"808","spik;speak",0.0731891986340557,4
"809","spid;speed",0.0789065425762714,4
"810","stil;steal",0.0732207023140279,4
"811","stim;steam",0.107134790487266,4
"812","stid;steed",0.0873838247113706,4
"813","stip;steep",0.0766466473198397,4
"814","s^k;suck",0.0765364468373939,4
"815","su;sue",0.284770100068445,4
"816","sut;suit",0.298254794386874,4
"817","swit;suite",0.0676101670245976,4
"818","s^p;sup",0.0812879449829826,4
"819","sRi;surrey",0.0582813317175083,4
"820","swid;swede",0.0853704020238244,4
"821","swip;sweep",0.0743288771351636,4
"822","ti;t",0.245530824315405,4
"823","tiC;teach",0.185827757635733,4
"824","tik;teak",0.259385920894528,4
"825","til;teal",0.262932308197237,4
"826","tim;team",0.285027565957735,4
"827","tiz;tease",0.28104477063328,4
"828","tiT;teeth",0.191377765941483,4
"829","tiD;teethe",2.92755993525256,4
"830","Di;thee",0.0641633192798424,4
"831","Tim;theme",0.0985638161664456,4
"832","Diz;these",0.100348486837275,4
"833","tYD;tithe",0.35002618010965,4
"834","vi;v",0.0623468760524769,4
"835","vil;veal",0.0764578942787968,4
"836","wi;we",0.067264576351988,4
"837","wik;weak",0.0826386428823724,4
"838","wil;weal",0.081602052399348,4
"839","win;wean",0.0840415837494908,4
"840","wid;weed",0.0897556482311044,4
"841","wip;weep",0.0831265891739946,4
"842","riT;wreath",0.154880020851726,4
"843","riD;wreathe",2.99819825352687,4
"844","rYD;writhe",0.311688679564939,4
"845","yi;ye",0.0628541645192698,4
"846","yin;yean",0.0790192892569944,4
"847","zi;z",0.0623468760524769,4
"848","zil;zeal",0.0764578942787968,4
"849","bi;b",0.103822171849119,5
"850","bid;bead",0.124288720099555,5
"851","bik;beak",0.123726178753341,5
"852","bim;beam",0.149327612296308,5
"853","bin;bean",0.123421466325574,5
"854","bit;beat",0.113039677756847,5
"855","briD;breathe",0.141735095928708,5
"856","si;c",3.35718751361626,5
"857","sizX;caesar",0.14539870216377,5
"858","ki;cay",0.102726091425632,5
"859","sis;cease",3.29468106306049,5
"860","sikM;cecum",0.0750071320688706,5
"861","sidX;cedar",0.102126266405581,5
"862","sid;cede",3.32293012390036,5
"863","sEl;cell",0.112576457223856,5
"864","Cip;cheap",0.114523890170558,5
"865","Cit;cheat",0.108723611320365,5
"866","Cik;cheek",0.119360549959843,5
"867","Ciz;cheese",0.144724355773939,5
"868","Sik;chic",0.342637992363514,5
"869","sYt;cite",0.355498198598876,5
"870","di;d",0.103345654909087,5
"871","dil;deal",0.121475089394729,5
"872","din;dean",0.122948652594862,5
"873","did;deed",0.123817536292651,5
"874","dim;deem",0.148860077801371,5
"875","dip;deep",0.118398061062364,5
"876","i;e",0.0998604208596505,5
"877","iz;ease",0.145381377856814,5
"878","it;eat",0.108902762940229,5
"879","il;eel",0.117906019042927,5
"880","ik;eke",0.119566221292919,5
"881","fit;feat",0.109572113638288,5
"882","fiz;feaze",0.146045330092572,5
"883","fi;fee",0.100537025614933,5
"884","fid;feed",0.120661428280168,5
"885","fil;feel",0.118579795156421,5
"886","Ji;g",0.091455269605116,5
"887","gis;geese",0.144485510539938,5
"888","Jin;gene",0.109935598441198,5
"889","hi;he",0.0986498119509592,5
"890","hil;heal",0.116699669411735,5
"891","hip;heap",0.113519898498213,5
"892","hit;heat",0.107703080265594,5
"893","hid;heed",0.118800677461567,5
"894","Ysi;icy",0.0582603671666999,5
"895","kil;keel",0.113931961983138,5
"896","kin;keen",0.115129729744326,5
"897","kip;keep",0.11061743200455,5
"898","nid;knead",0.124989265797384,5
"899","ni;knee",0.104534052851863,5
"900","nil;kneel",0.122658906378213,5
"901","li;lea",0.114103621665192,5
"902","lik;leak",0.14036000767182,5
"903","lil;leal",0.132432988661938,5
"904","lin;lean",0.134185990412756,5
"905","lip;leap",0.135356178521752,5
"906","lis;lease",0.174945962681944,5
"907","liz;lees",0.161357001548682,5
"908","lit;lied",0.130253213251664,5
"909","liJ;liege",0.172045399532374,5
"910","lYD;lithe",0.267488614381393,5
"911","mi;me",0.100726129403743,5
"912","mid;mead",0.121229912878457,5
"913","mil;meal",0.118864328245436,5
"914","min;mean",0.120351281445837,5
"915","mit;meat",0.10996949287711,5
"916","mik;meek",0.120655993873604,5
"917","nip;neap",0.119574881822538,5
"918","nit;neat",0.113743684786309,5
"919","nis;niece",0.162792023515579,5
"920","pi;p",0.107925277832155,5
"921","pis;peace",0.168123158847108,5
"922","pik;peak",0.135078626024346,5
"923","pil;peal",0.126202811696318,5
"924","piz;pease",0.154873366856392,5
"925","pit;peat",0.117452306651693,5
"926","pin;peen",0.127887375846983,5
"927","pip;peep",0.123307277068818,5
"928","sam;psalm",0.133497877697461,5
"929","riC;reach",0.206491483434559,5
"930","rid;read",0.303766097743381,5
"931","riL;real",0.195052554339217,5
"932","rim;ream",0.328917219958073,5
"933","rip;reap",0.298572339473442,5
"934","rif;reef",0.206400145065909,5
"935","rik;reek",0.303458070859451,5
"936","ril;reel",0.30230804317525,5
"937","riv;reeve",0.195052554339217,5
"938","s@k;sac",0.105331926245802,5
"939","s@d;sad",0.119668275709781,5
"940","seJ;sage",0.194458913504582,5
"941","sEd;said",0.129436728390399,5
"942","sel;sail",0.115895758450741,5
"943","sek;sake",0.117656880292097,5
"944","sem;same",0.141571929119898,5
"945","sen;sane",0.140065049891621,5
"946","s@p;sap",0.114403008553184,5
"947","s@t;sat",0.122432793851612,5
"948","set;sate",0.134169721079294,5
"949","scs;sauce",0.152463613189495,5
"950","sc;saw",0.108367411273242,5
"951","se;say",0.117140229846304,5
"952","sin;scene",3.33360009330334,5
"953","skim;scheme",0.1202430924241,5
"954","sYD;scythe",2.70988973158984,5
"955","sil;seal",3.29863320588977,5
"956","sim;seam",3.32672730972154,5
"957","simi;seamy",0.10528484101381,5
"958","sizN;season",0.12146901559404,5
"959","sit;seat",3.32150219406189,5
"960","sEJ;sedge",0.188515838894557,5
"961","sik;seek",3.34570785435598,5
"962","sip;seep",3.34594568912402,5
"963","sisc;seesaw",0.128105720929078,5
"964","siD;seethe",18.7584086919699,5
"965","siz;seize",3.3204627677762,5
"966","sEn;sen",0.137013846137875,5
"967","sipL;sepal",0.0750101941520608,5
"968","sXin;serene",0.0800706308232937,5
"969","sRJ;serge",0.179050200508805,5
"970","sEt;set",0.131464588506712,5
"971","so;sew",0.106465853056421,5
"972","suX;sewer",0.287150329499608,5
"973","son;sewn",0.129046670949923,5
"974","Si;she",0.325453261609154,5
"975","Sif;sheaf",0.240414826631948,5
"976","SiT;sheath",0.25105400417171,5
"977","SiD;sheathe",2.76378101926989,5
"978","SiDz;sheaths",0.191061743836195,5
"979","Sin;sheen",0.342348488542184,5
"980","Sip;sheep",0.337768389764019,5
"981","Sit;sheet",0.331913419346894,5
"982","sIk;sick",0.106915085071415,5
"983","sYd;side",0.349288154458598,5
"984","siJ;siege",3.19669511633805,5
"985","sY;sigh",0.337690814519211,5
"986","sYn;sign",0.359721765013841,5
"987","sIl;sill",0.104956460175271,5
"988","sIn;sin",0.129335489615675,5
"989","sIp;sip",0.116024510699768,5
"990","sR;sir",0.110903191000486,5
"991","sYr;sire",0.245241025902042,5
"992","sIt;sit",0.12374560555032,5
"993","sYz;size",0.346819564243164,5
"994","ski;ski",0.0809441438492482,5
"995","slik;sleek",0.104964377471805,5
"996","slip;sleep",0.100930130678558,5
"997","slit;sleet",0.093904752581094,5
"998","smuD;smooth",0.227947592779959,5
"999","snik;sneak",0.108859200138775,5
"1000","sniz;sneeze",0.114138625124879,5
"1001","sok;soak",0.106627321960968,5
"1002","sop;soap",0.115736747589321,5
"1003","sak;sock",0.111184397403929,5
"1004","sad;sod",0.126085249752221,5
"1005","sOl;soil",0.0930021956367097,5
"1006","sol;sol",0.104669982817344,5
"1007","s^m;some",0.1292188589112,5
"1008","s^n;son",0.130633433515078,5
"1009","sun;soon",0.401844927073365,5
"1010","sUt;soot",0.108139438583826,5
"1011","suT;sooth",0.287150329499608,5
"1012","suD;soothe",2.65864236827949,5
"1013","sap;sop",0.120293823032282,5
"1014","sat;sot",0.128052778895898,5
"1015","sW;sough",0.108636760280725,5
"1016","sct;sought",0.125362787008401,5
"1017","sup;soup",0.387352247403814,5
"1018","sWs;souse",0.1453000602911,5
"1019","sO;soy",0.0965749529502421,5
"1020","spik;speak",0.101204889318697,5
"1021","spid;speed",0.105952886933386,5
"1022","stil;steal",0.101128723677871,5
"1023","stim;steam",0.149580868339877,5
"1024","stid;steed",0.12262674599676,5
"1025","stip;steep",0.10811240967931,5
"1026","s^k;suck",0.108163739823617,5
"1027","su;sue",0.379998206648707,5
"1028","sut;suit",0.397965947823609,5
"1029","swit;suite",0.0912687596272398,5
"1030","s^p;sup",0.117234822131,5
"1031","sRi;surrey",0.0811747615446322,5
"1032","swid;swede",0.118446248923499,5
"1033","swip;sweep",0.103384592335546,5
"1034","ti;t",0.329173054013715,5
"1035","tiC;teach",0.244102401264269,5
"1036","tik;teak",0.34633023381151,5
"1037","til;teal",0.353394064060748,5
"1038","tim;team",0.378595338519636,5
"1039","tiz;tease",0.370980669922097,5
"1040","tiT;teeth",0.254670623532393,5
"1041","tiD;teethe",2.73293924137816,5
"1042","Di;thee",0.0939590038040832,5
"1043","Tim;theme",0.133055763916757,5
"1044","Diz;these",0.136888584250594,5
"1045","tYD;tithe",0.446813910453424,5
"1046","vi;v",0.0904822638566428,5
"1047","vil;veal",0.108195380101352,5
"1048","wi;we",0.100606573357899,5
"1049","wik;weak",0.120538271909502,5
"1050","wil;weal",0.118745498291915,5
"1051","win;wean",0.120233559481735,5
"1052","wid;weed",0.127950544302138,5
"1053","wip;weep",0.121579843628315,5
"1054","riT;wreath",0.215823861866462,5
"1055","riD;wreathe",2.8359998224435,5
"1056","rYD;writhe",0.402974393994811,5
"1057","yi;ye",0.091455269605116,5
"1058","yin;yean",0.109935598441198,5
"1059","zi;z",0.0904822638566428,5
"1060","zil;zeal",0.108195380101352,5
"1061","bi;b",0.140918641766808,6
"1062","bid;bead",0.159291754082053,6
"1063","bik;beak",0.163735745615692,6
"1064","bim;beam",0.1890842499256,6
"1065","bin;bean",0.16077680371684,6
"1066","bit;beat",0.147871452942077,6
"1067","briD;breathe",0.155934563598966,6
"1068","si;c",3.20393944081551,6
"1069","sizX;caesar",0.180597421556985,6
"1070","ki;cay",0.138843926025787,6
"1071","sis;cease",3.12659759179613,6
"1072","sikM;cecum",0.0848828103935898,6
"1073","sidX;cedar",0.122949702521399,6
"1074","sid;cede",3.16045074990175,6
"1075","sEl;cell",0.145227895189365,6
"1076","Cip;cheap",0.148928831483865,6
"1077","Cit;cheat",0.140695872738543,6
"1078","Cik;cheek",0.156461996172593,6
"1079","Ciz;cheese",0.182069190287398,6
"1080","Sik;chic",0.414495197304048,6
"1081","sYt;cite",0.436607496879094,6
"1082","di;d",0.140107611383534,6
"1083","dil;deal",0.160572790426913,6
"1084","din;dean",0.159974847252621,6
"1085","did;deed",0.158493772960205,6
"1086","dim;deem",0.188295128446891,6
"1087","dip;deep",0.155358555249658,6
"1088","i;e",0.134411920179354,6
"1089","iz;ease",0.1832221473779,6
"1090","it;eat",0.14111150405745,6
"1091","il;eel",0.154751761048005,6
"1092","ik;eke",0.156930121562289,6
"1093","fit;feat",0.142058672529052,6
"1094","fiz;feaze",0.184158007807884,6
"1095","fi;fee",0.135374400092539,6
"1096","fid;feed",0.153244855947655,6
"1097","fil;feel",0.155708254565117,6
"1098","Ji;g",0.120618449399984,6
"1099","gis;geese",0.170436435339333,6
"1100","Jin;gene",0.13881336352948,6
"1101","hi;he",0.13241069514133,6
"1102","hil;heal",0.152760712552002,6
"1103","hip;heap",0.147399275029187,6
"1104","hit;heat",0.139136325748434,6
"1105","hid;heed",0.150341243065574,6
"1106","Ysi;icy",0.0659611633688119,6
"1107","kil;keel",0.148312373984275,6
"1108","kin;keen",0.147310712887586,6
"1109","kip;keep",0.14274746277391,6
"1110","nid;knead",0.160121171900554,6
"1111","ni;knee",0.141769756368344,6
"1112","nil;kneel",0.162225346731467,6
"1113","li;lea",0.157389519033543,6
"1114","lik;leak",0.190342888999881,6
"1115","lil;leal",0.178156084401218,6
"1116","lin;lean",0.177974581296227,6
"1117","lip;leap",0.1824257786245,6
"1118","lis;lease",0.218952463707745,6
"1119","liz;lees",0.208797750004735,6
"1120","lit;lied",0.175162159100175,6
"1121","liJ;liege",0.203735432060954,6
"1122","lYD;lithe",0.324882236489407,6
"1123","mi;me",0.135933973079576,6
"1124","mid;mead",0.154393559445051,6
"1125","mil;meal",0.156419396813151,6
"1126","min;mean",0.155852276396083,6
"1127","mit;meat",0.14294692562132,6
"1128","mik;meek",0.158811218294935,6
"1129","nip;neap",0.156996525061704,6
"1130","nit;neat",0.148707466289904,6
"1131","nis;niece",0.199511953153635,6
"1132","pi;p",0.147761773191608,6
"1133","pis;peace",0.208407586047721,6
"1134","pik;peak",0.182053937768799,6
"1135","pil;peal",0.168455115696275,6
"1136","piz;pease",0.198730196783145,6
"1137","pit;peat",0.155189264171486,6
"1138","pin;peen",0.168178886367758,6
"1139","pip;peep",0.16352156617664,6
"1140","sam;psalm",0.164620592559325,6
"1141","riC;reach",0.257596138962489,6
"1142","rid;read",0.374160652429976,6
"1143","riL;real",0.240215057830014,6
"1144","rim;ream",0.404223811350848,6
"1145","rip;reap",0.37137306992021,6
"1146","rif;reef",0.257396409102139,6
"1147","rik;reek",0.379017243236876,6
"1148","ril;reel",0.377547979972973,6
"1149","riv;reeve",0.240215057830014,6
"1150","s@k;sac",0.134401744304246,6
"1151","s@d;sad",0.151135275304991,6
"1152","seJ;sage",0.238124496358548,6
"1153","sEd;said",0.166464975848504,6
"1154","sel;sail",0.151007756883334,6
"1155","sek;sake",0.154383594571148,6
"1156","sem;same",0.177657086048681,6
"1157","sen;sane",0.187304985274051,6
"1158","s@p;sap",0.148316036030545,6
"1159","s@t;sat",0.16291601752778,6
"1160","set;sate",0.18210181546928,6
"1161","scs;sauce",0.182835893751191,6
"1162","sc;saw",0.146608181066309,6
"1163","se;say",0.161855180844566,6
"1164","sin;scene",3.17310635780918,6
"1165","skim;scheme",0.143084482216942,6
"1166","sYD;scythe",2.48799923038634,6
"1167","sil;seal",3.11939172336297,6
"1168","sim;seam",3.16919300496769,6
"1169","simi;seamy",0.119063852024052,6
"1170","sizN;season",0.144847218874608,6
"1171","sit;seat",3.15490782475525,6
"1172","sEJ;sedge",0.228496930710348,6
"1173","sik;seek",3.1908112569101,6
"1174","sip;seep",3.19090669902746,6
"1175","sisc;seesaw",0.144585355701363,6
"1176","siD;seethe",13.9339380314882,6
"1177","siz;seize",3.16132217137005,6
"1178","sEn;sen",0.181887360382568,6
"1179","sipL;sepal",0.0848872554786105,6
"1180","sXin;serene",0.0905349597828919,6
"1181","sRJ;serge",0.213245459550611,6
"1182","sEt;set",0.177234574607549,6
"1183","so;sew",0.144692086412904,6
"1184","suX;sewer",0.339043447727081,6
"1185","son;sewn",0.169629717863785,6
"1186","Si;she",0.395623171427165,6
"1187","Sif;sheaf",0.285475136433212,6
"1188","SiT;sheath",0.30182517236966,6
"1189","SiD;sheathe",2.52013547559015,6
"1190","SiDz;sheaths",0.209119066665424,6
"1191","Sin;sheen",0.41154493071452,6
"1192","Sip;sheep",0.406887610523402,6
"1193","Sit;sheet",0.398555308518248,6
"1194","sIk;sick",0.137172956634802,6
"1195","sYd;side",0.419813166216375,6
"1196","siJ;siege",2.99040581702019,6
"1197","sY;sigh",0.415217308447938,6
"1198","sYn;sign",0.439355569870085,6
"1199","sIl;sill",0.133515417377883,6
"1200","sIn;sin",0.170044850582981,6
"1201","sIp;sip",0.151172261968572,6
"1202","sR;sir",0.150284516540497,6
"1203","sYr;sire",0.293564609176417,6
"1204","sIt;sit",0.165301067609197,6
"1205","sYz;size",0.407346979442286,6
"1206","ski;ski",0.101353033742475,6
"1207","slik;sleek",0.132986617881417,6
"1208","slip;sleep",0.126625767995122,6
"1209","slit;sleet",0.116068921938578,6
"1210","smuD;smooth",0.248184727221954,6
"1211","snik;sneak",0.137020564043967,6
"1212","sniz;sneeze",0.133340515340226,6
"1213","sok;soak",0.13676007484554,6
"1214","sop;soap",0.15075938017931,6
"1215","sak;sock",0.143684525849368,6
"1216","sad;sod",0.161263031340688,6
"1217","sOl;soil",0.114143848961405,6
"1218","sol;sol",0.133105268319288,6
"1219","s^m;some",0.157690354875766,6
"1220","s^n;son",0.171493563820095,6
"1221","sun;soon",0.48513542858279,6
"1222","sUt;soot",0.139913702519631,6
"1223","suT;sooth",0.339043447727081,6
"1224","suD;soothe",2.41883450346923,6
"1225","sap;sop",0.157683831183138,6
"1226","sat;sot",0.171896505656909,6
"1227","sW;sough",0.146102772306722,6
"1228","sct;sought",0.166841502596808,6
"1229","sup;soup",0.464521533584525,6
"1230","sWs;souse",0.171677389586681,6
"1231","sO;soy",0.128181671172459,6
"1232","spik;speak",0.12683167630621,6
"1233","spid;speed",0.12921440977962,6
"1234","stil;steal",0.126547374570963,6
"1235","stim;steam",0.188436877103484,6
"1236","stid;steed",0.155581334306658,6
"1237","stip;steep",0.137952646635894,6
"1238","s^k;suck",0.138574499525877,6
"1239","su;sue",0.461257100202425,6
"1240","sut;suit",0.482874002579665,6
"1241","swit;suite",0.111753042026216,6
"1242","s^p;sup",0.152488791252177,6
"1243","sRi;surrey",0.102142157982601,6
"1244","swid;swede",0.14866780785413,6
"1245","swip;sweep",0.130248552711192,6
"1246","ti;t",0.401311297492812,6
"1247","tiC;teach",0.291094192073706,6
"1248","tik;teak",0.420122998313762,6
"1249","til;teal",0.431510518065483,6
"1250","tim;team",0.456375514452198,6
"1251","tiz;tease",0.444729594971649,6
"1252","tiT;teeth",0.307289244364924,6
"1253","tiD;teethe",2.47959457639335,6
"1254","Di;thee",0.12446660900956,6
"1255","Tim;theme",0.162764288662506,6
"1256","Diz;these",0.169369782553972,6
"1257","tYD;tithe",0.518182468477002,6
"1258","vi;v",0.119118372632889,6
"1259","vil;veal",0.138961730199912,6
"1260","wi;we",0.135869674347456,6
"1261","wik;weak",0.158749793445228,6
"1262","wil;weal",0.156356240017135,6
"1263","win;wean",0.155790851546376,6
"1264","wid;weed",0.165148217526834,6
"1265","wip;weep",0.160539676717452,6
"1266","riT;wreath",0.272068440772737,6
"1267","riD;wreathe",2.61238404955011,6
"1268","rYD;writhe",0.472968060556198,6
"1269","yi;ye",0.120618449399984,6
"1270","yin;yean",0.13881336352948,6
"1271","zi;z",0.119118372632889,6
"1272","zil;zeal",0.138961730199912,6
"1273","bi;b",0.17875680999648,7
"1274","bid;bead",0.191858758677821,7
"1275","bik;beak",0.202631497352294,7
"1276","bim;beam",0.224567886080526,7
"1277","bin;bean",0.19638784387849,7
"1278","bit;beat",0.181431111266863,7
"1279","briD;breathe",0.161401875510278,7
"1280","si;c",3.00982049013369,7
"1281","sizX;caesar",0.209696671999791,7
"1282","ki;cay",0.17536548578143,7
"1283","sis;cease",2.91435418626971,7
"1284","sikM;cecum",0.0902967858907719,7
"1285","sidX;cedar",0.13924065336403,7
"1286","sid;cede",2.95686192643508,7
"1287","sEl;cell",0.175645885694124,7
"1288","Cip;cheap",0.18167648530899,7
"1289","Cit;cheat",0.170951551417057,7
"1290","Cik;cheek",0.191990123506318,7
"1291","Ciz;cheese",0.215186885105027,7
"1292","Sik;chic",0.472484540331062,7
"1293","sYt;cite",0.505281815501022,7
"1294","di;d",0.177551926645433,7
"1295","dil;deal",0.198864770517269,7
"1296","din;dean",0.195200233215005,7
"1297","did;deed",0.190678682393358,7
"1298","dim;deem",0.223404528937052,7
"1299","dip;deep",0.191056124874296,7
"1300","i;e",0.169373883142579,7
"1301","iz;ease",0.21696344675196,7
"1302","it;eat",0.17172778869483,7
"1303","il;eel",0.190522116429591,7
"1304","ik;eke",0.192852833118854,7
"1305","fit;feat",0.172893432988182,7
"1306","fiz;feaze",0.218110721418132,7
"1307","fi;fee",0.170564588927358,7
"1308","fid;feed",0.183020253013266,7
"1309","fil;feel",0.19170299807206,7
"1310","Ji;g",0.149469890653857,7
"1311","gis;geese",0.189223517887797,7
"1312","Jin;gene",0.164928950383857,7
"1313","hi;he",0.166482136652388,7
"1314","hil;heal",0.187649282937343,7
"1315","hip;heap",0.179656130129541,7
"1316","hit;heat",0.16888434654923,7
"1317","hid;heed",0.179044217513938,7
"1318","Ysi;icy",0.0702023601642847,7
"1319","kil;keel",0.181346977046382,7
"1320","kin;keen",0.177163709787341,7
"1321","kip;keep",0.173082690632723,7
"1322","nid;knead",0.192637035799733,7
"1323","ni;knee",0.179566352699303,7
"1324","nil;kneel",0.200863658810346,7
"1325","li;lea",0.202000420516056,7
"1326","lik;leak",0.240114354142084,7
"1327","lil;leal",0.223713236868064,7
"1328","lin;lean",0.220594798065368,7
"1329","lip;leap",0.229116240957543,7
"1330","lis;lease",0.257324011326025,7
"1331","liz;lees",0.253016898260219,7
"1332","lit;lied",0.219552086184207,7
"1333","liJ;liege",0.22793590182965,7
"1334","lYD;lithe",0.369608379685157,7
"1335","mi;me",0.171721304884891,7
"1336","mid;mead",0.184979821087782,7
"1337","mil;meal",0.19307060231722,7
"1338","min;mean",0.189461383980945,7
"1339","mit;meat",0.174504651369318,7
"1340","mik;meek",0.195705037454749,7
"1341","nip;neap",0.193031469818701,7
"1342","nit;neat",0.182218845547783,7
"1343","nis;niece",0.22992852194214,7
"1344","pi;p",0.188791011750013,7
"1345","pis;peace",0.24296676369376,7
"1346","pik;peak",0.228659251502074,7
"1347","pil;peal",0.210412587826906,7
"1348","piz;pease",0.23924874262779,7
"1349","pit;peat",0.192105322929803,7
"1350","pin;peen",0.20717880231349,7
"1351","pip;peep",0.2029856985677,7
"1352","sam;psalm",0.191312360477652,7
"1353","riC;reach",0.302011218570918,7
"1354","rid;read",0.434315890884587,7
"1355","riL;real",0.278747327084952,7
"1356","rim;ream",0.467510679619109,7
"1357","rip;reap",0.43516675265257,7
"1358","rif;reef",0.301666140260164,7
"1359","rik;reek",0.44567645621405,7
"1360","ril;reel",0.444206740794386,7
"1361","riv;reeve",0.278747327084952,7
"1362","s@k;sac",0.161461300586976,7
"1363","s@d;sad",0.179291833862287,7
"1364","seJ;sage",0.274415387418701,7
"1365","sEd;said",0.200444835743949,7
"1366","sel;sail",0.184480330429763,7
"1367","sek;sake",0.189985633462702,7
"1368","sem;same",0.209864165276034,7
"1369","sen;sane",0.233590089615339,7
"1370","s@p;sap",0.180215614384153,7
"1371","s@t;sat",0.202636815507605,7
"1372","set;sate",0.230224703454776,7
"1373","scs;sauce",0.206211292677854,7
"1374","sc;saw",0.184436759596035,7
"1375","se;say",0.207578493100102,7
"1376","sin;scene",2.97035043690569,7
"1377","skim;scheme",0.160398727187279,7
"1378","sYD;scythe",2.26281212098462,7
"1379","sil;seal",2.89890322120912,7
"1380","sim;seam",2.9682323375535,7
"1381","simi;seamy",0.126560964666396,7
"1382","sizN;season",0.162561734068425,7
"1383","sit;seat",2.94801738002989,7
"1384","sEJ;sedge",0.26062213807546,7
"1385","sik;seek",2.99422885735654,7
"1386","sip;seep",2.99405362565326,7
"1387","sisc;seesaw",0.153319708854223,7
"1388","siD;seethe",10.5025805885726,7
"1389","siz;seize",2.95985849991599,7
"1390","sEn;sen",0.225178000307687,7
"1391","sipL;sepal",0.0903008210836802,7
"1392","sXin;serene",0.0961997100322572,7
"1393","sRJ;serge",0.238979344184565,7
"1394","sEt;set",0.222578181571096,7
"1395","so;sew",0.183302212741588,7
"1396","suX;sewer",0.377260434654743,7
"1397","son;sewn",0.208645557293713,7
"1398","Si;she",0.453632402355432,7
"1399","Sif;sheaf",0.319182659522943,7
"1400","SiT;sheath",0.341296946980774,7
"1401","SiD;sheathe",2.26226939067647,7
"1402","SiDz;sheaths",0.215114314181892,7
"1403","Sin;sheen",0.466232728953933,7
"1404","Sip;sheep",0.462039625208142,7
"1405","Sit;sheet",0.451159249570245,7
"1406","sIk;sick",0.165709932899902,7
"1407","sYd;side",0.475511483142544,7
"1408","siJ;siege",2.74379108126712,7
"1409","sY;sigh",0.481156967840944,7
"1410","sYn;sign",0.505475757243899,7
"1411","sIl;sill",0.159854395352019,7
"1412","sIn;sin",0.209160610799788,7
"1413","sIp;sip",0.184611417350702,7
"1414","sR;sir",0.189092378956039,7
"1415","sYr;sire",0.331170511944796,7
"1416","sIt;sit",0.20640191619016,7
"1417","sYz;size",0.451147612599842,7
"1418","ski;ski",0.118839105760226,7
"1419","slik;sleek",0.158156731766832,7
"1420","slip;sleep",0.149421713053891,7
"1421","slit;sleet",0.13495332196146,7
"1422","smuD;smooth",0.254357125837675,7
"1423","snik;sneak",0.161053522219513,7
"1424","sniz;sneeze",0.146723841741957,7
"1425","sok;soak",0.165198584349272,7
"1426","sop;soap",0.184100068800072,7
"1427","sak;sock",0.174434664947725,7
"1428","sad;sod",0.193377360448898,7
"1429","sOl;soil",0.132207757883492,7
"1430","sol;sol",0.159347530076072,7
"1431","s^m;some",0.181423504390632,7
"1432","s^n;son",0.210338606929188,7
"1433","sun;soon",0.551937419438837,7
"1434","sUt;soot",0.170043153260449,7
"1435","suT;sooth",0.377260434654743,7
"1436","suD;soothe",2.17300981000037,7
"1437","sap;sop",0.193336149398525,7
"1438","sat;sot",0.215271645741088,7
"1439","sW;sough",0.182515950615323,7
"1440","sct;sought",0.207117118063694,7
"1441","sup;soup",0.52512926282637,7
"1442","sWs;souse",0.190866917015509,7
"1443","sO;soy",0.15910800334855,7
"1444","spik;speak",0.149312178256592,7
"1445","spid;speed",0.148388563975499,7
"1446","stil;steal",0.148753601278229,7
"1447","stim;steam",0.222231814606282,7
"1448","stid;steed",0.185059843245418,7
"1449","stip;steep",0.165084063973859,7
"1450","s^k;suck",0.166861427377815,7
"1451","su;sue",0.527940365788765,7
"1452","sut;suit",0.552346386915414,7
"1453","swit;suite",0.128714343620012,7
"1454","s^p;sup",0.185615741174992,7
"1455","sRi;surrey",0.120433796993874,7
"1456","swid;swede",0.175086528553149,7
"1457","swip;sweep",0.154107637361163,7
"1458","ti;t",0.461401977355114,7
"1459","tiC;teach",0.326835132842085,7
"1460","tik;teak",0.480149774546235,7
"1461","til;teal",0.496400233768191,7
"1462","tim;team",0.517700825826832,7
"1463","tiz;tease",0.502116977186294,7
"1464","tiT;teeth",0.348681927690412,7
"1465","tiD;teethe",2.21615444992853,7
"1466","Di;thee",0.154668389806097,7
"1467","Tim;theme",0.18708887053271,7
"1468","Diz;these",0.197078962331343,7
"1469","tYD;tithe",0.566168387218548,7
"1470","vi;v",0.147436937938178,7
"1471","vil;veal",0.167933408919719,7
"1472","wi;we",0.171800822751679,7
"1473","wik;weak",0.195787346674986,7
"1474","wil;weal",0.19315123660619,7
"1475","win;wean",0.189543693201182,7
"1476","wid;weed",0.200112397597401,7
"1477","wip;weep",0.198494339022693,7
"1478","riT;wreath",0.321753249751593,7
"1479","riD;wreathe",2.37409497788973,7
"1480","rYD;writhe",0.522531756630138,7
"1481","yi;ye",0.149469890653857,7
"1482","yin;yean",0.164928950383857,7
"1483","zi;z",0.147436937938178,7
"1484","zil;zeal",0.167933408919719,7
"1485","bi;b",0.216307663510026,8
"1486","bid;bead",0.221525653872041,8
"1487","bik;beak",0.239362549649835,8
"1488","bim;beam",0.25526616902615,8
"1489","bin;bean",0.229505599940554,8
"1490","bit;beat",0.213017520737657,8
"1491","briD;breathe",0.160463212414989,8
"1492","si;c",2.80572418645724,8
"1493","sizX;caesar",0.232419735331758,8
"1494","ki;cay",0.211296227087155,8
"1495","sis;cease",2.68794683026277,8
"1496","sikM;cecum",0.0921841584205391,8
"1497","sidX;cedar",0.151292145959635,8
"1498","sid;cede",2.74281735745616,8
"1499","sEl;cell",0.203251595249284,8
"1500","Cip;cheap",0.212107813949479,8
"1501","Cit;cheat",0.198967553619549,8
"1502","Cik;cheek",0.225076317158321,8
"1503","Ciz;cheese",0.243763504246805,8
"1504","Sik;chic",0.517752481362644,8
"1505","sYt;cite",0.562083534934016,8
"1506","di;d",0.214673915962776,8
"1507","dil;deal",0.235466138799905,8
"1508","din;dean",0.227900015961544,8
"1509","did;deed",0.21993230459109,8
"1510","dim;deem",0.253699859513216,8
"1511","dip;deep",0.224676072331888,8
"1512","i;e",0.203893021383005,8
"1513","iz;ease",0.246274862015616,8
"1514","it;eat",0.20023215027771,8
"1515","il;eel",0.224486718049357,8
"1516","ik;eke",0.226467096423577,8
"1517","fit;feat",0.201533276373549,8
"1518","fiz;feaze",0.247550506938275,8
"1519","fi;fee",0.205229172912713,8
"1520","fid;feed",0.209687311424403,8
"1521","fil;feel",0.225809103752162,8
"1522","Ji;g",0.177502886465486,8
"1523","gis;geese",0.201752782923065,8
"1524","Jin;gene",0.188096710858133,8
"1525","hi;he",0.200075554319035,8
"1526","hil;heal",0.220699385386986,8
"1527","hip;heap",0.20969789644075,8
"1528","hit;heat",0.196491492247825,8
"1529","hid;heed",0.204695646741142,8
"1530","Ysi;icy",0.0717153057910019,8
"1531","kil;keel",0.212473934422249,8
"1532","kin;keen",0.204296464758391,8
"1533","kip;keep",0.201139273955583,8
"1534","nid;knead",0.222057823063349,8
"1535","ni;knee",0.21687652058523,8
"1536","nil;kneel",0.237647294446486,8
"1537","li;lea",0.246499504586917,8
"1538","lik;leak",0.287950728081866,8
"1539","lil;leal",0.267780136960368,8
"1540","lin;lean",0.260872462439596,8
"1541","lip;leap",0.273937636213089,8
"1542","lis;lease",0.289773498366891,8
"1543","liz;lees",0.293036139449986,8
"1544","lit;lied",0.262043063922522,8
"1545","liJ;liege",0.245857896273558,8
"1546","lYD;lithe",0.402091434413296,8
"1547","mi;me",0.207211691694488,8
"1548","mid;mead",0.212673233832866,8
"1549","mil;meal",0.228060302580235,8
"1550","min;mean",0.220579483254795,8
"1551","mit;meat",0.204091404051898,8
"1552","mik;meek",0.230436432964075,8
"1553","nip;neap",0.226824856624825,8
"1554","nit;neat",0.213560721051584,8
"1555","nis;niece",0.254237943174916,8
"1556","pi;p",0.229822465412089,8
"1557","pis;peace",0.27177587610314,8
"1558","pik;peak",0.273382616920346,8
"1559","pil;peal",0.250998147581981,8
"1560","piz;pease",0.275704571974151,8
"1561","pit;peat",0.227325149310526,8
"1562","pin;peen",0.243961215403612,8
"1563","pip;peep",0.240685202553681,8
"1564","sam;psalm",0.21371377789848,8
"1565","riC;reach",0.339496043445355,8
"1566","rid;read",0.484586846233582,8
"1567","riL;real",0.310829251708441,8
"1568","rim;ream",0.519063147031566,8
"1569","rip;reap",0.489925891681525,8
"1570","rif;reef",0.338976932105016,8
"1571","rik;reek",0.503192363609075,8
"1572","ril;reel",0.502165427085076,8
"1573","riv;reeve",0.310829251708441,8
"1574","s@k;sac",0.186228345860401,8
"1575","s@d;sad",0.203847132846671,8
"1576","seJ;sage",0.303694413589281,8
"1577","sEd;said",0.230668358498296,8
"1578","sel;sail",0.215630886131319,8
"1579","sek;sake",0.223687816779553,8
"1580","sem;same",0.238022334909472,8
"1581","sen;sane",0.277464937450914,8
"1582","s@p;sap",0.209434394062412,8
"1583","s@t;sat",0.240497759856644,8
"1584","set;sate",0.276959766930333,8
"1585","scs;sauce",0.223188917809556,8
"1586","sc;saw",0.220508297696376,8
"1587","se;say",0.252596616676103,8
"1588","sin;scene",2.75608012653665,8
"1589","skim;scheme",0.172779528205519,8
"1590","sYD;scythe",2.05417861552077,8
"1591","sil;seal",2.66945110166397,8
"1592","sim;seam",2.75364140645683,8
"1593","simi;seamy",0.12906857077857,8
"1594","sizN;season",0.175124587864913,8
"1595","sit;seat",2.73227002060258,8
"1596","sEJ;sedge",0.285446440471658,8
"1597","sik;seek",2.78642412725623,8
"1598","sip;seep",2.78589619785219,8
"1599","sisc;seesaw",0.155896365969118,8
"1600","siD;seethe",8.03965797958218,8
"1601","siz;seize",2.74590262126241,8
"1602","sEn;sen",0.265527102282175,8
"1603","sipL;sepal",0.092185287264898,8
"1604","sXin;serene",0.0980675601629838,8
"1605","sRJ;serge",0.257183368481617,8
"1606","sEt;set",0.26599533326838,8
"1607","so;sew",0.221031044053388,8
"1608","suX;sewer",0.403604170843367,8
"1609","son;sewn",0.245100892255934,8
"1610","Si;she",0.500560088321546,8
"1611","Sif;sheaf",0.342854403004305,8
"1612","SiT;sheath",0.37036649285361,8
"1613","SiD;sheathe",2.01443910581903,8
"1614","SiDz;sheaths",0.212278276036683,8
"1615","Sin;sheen",0.507860727148335,8
"1616","Sip;sheep",0.504584714298404,8
"1617","Sit;sheet",0.491224661055249,8
"1618","sIk;sick",0.192190414377545,8
"1619","sYd;side",0.517851776754849,8
"1620","siJ;siege",2.48903876295534,8
"1621","sY;sigh",0.535962831273245,8
"1622","sYn;sign",0.558822409568903,8
"1623","sIl;sill",0.183737237657562,8
"1624","sIn;sin",0.24567552504293,8
"1625","sIp;sip",0.215615680556523,8
"1626","sR;sir",0.22588436246789,8
"1627","sYr;sire",0.359213626314441,8
"1628","sIt;sit",0.245905463990405,8
"1629","sYz;size",0.480782931504399,8
"1630","ski;ski",0.133224782734813,8
"1631","slik;sleek",0.18008342964195,8
"1632","slip;sleep",0.16915215747405,8
"1633","slit;sleet",0.150604098210458,8
"1634","smuD;smooth",0.250483648419718,8
"1635","snik;sneak",0.180589017395689,8
"1636","sniz;sneeze",0.155147410202869,8
"1637","sok;soak",0.191620962144794,8
"1638","sop;soap",0.215046228323771,8
"1639","sak;sock",0.202920304918136,8
"1640","sad;sod",0.221884168093818,8
"1641","sOl;soil",0.147429141547197,8
"1642","sol;sol",0.183174033822448,8
"1643","s^m;some",0.200726319084367,8
"1644","s^n;son",0.246113517096031,8
"1645","sun;soon",0.603633283463822,8
"1646","sUt;soot",0.19800684532665,8
"1647","suT;sooth",0.403604170843367,8
"1648","suD;soothe",1.94200167661677,8
"1649","sap;sop",0.226345571097113,8
"1650","sat;sot",0.256850964572919,8
"1651","sW;sough",0.216585165253496,8
"1652","sct;sought",0.244977026861859,8
"1653","sup;soup",0.570877660817022,8
"1654","sWs;souse",0.203729123653368,8
"1655","sO;soy",0.188503563268271,8
"1656","spik;speak",0.168421913654616,8
"1657","spid;speed",0.163692065473007,8
"1658","stil;steal",0.167569303223611,8
"1659","stim;steam",0.250457392027342,8
"1660","stid;steed",0.210570390408148,8
"1661","stip;steep",0.188999823778055,8
"1662","s^k;suck",0.19263991191675,8
"1663","su;sue",0.581138301834987,8
"1664","sut;suit",0.607578246834975,8
"1665","swit;suite",0.142294611085192,8
"1666","s^p;sup",0.215845960118761,8
"1667","sRi;surrey",0.135801776523487,8
"1668","swid;swede",0.197443806297689,8
"1669","swip;sweep",0.174705018566357,8
"1670","ti;t",0.510449053419664,8
"1671","tiC;teach",0.352570310203226,8
"1672","tik;teak",0.527484340033416,8
"1673","til;teal",0.548929891106049,8
"1674","tim;team",0.563851205559553,8
"1675","tiz;tease",0.544788129942551,8
"1676","tiT;teeth",0.37968037970138,8
"1677","tiD;teethe",1.96723907488507,8
"1678","Di;thee",0.183952153110721,8
"1679","Tim;theme",0.206174433062365,8
"1680","Diz;these",0.220027124851596,8
"1681","tYD;tithe",0.594622224520937,8
"1682","vi;v",0.174972524713114,8
"1683","vil;veal",0.194780004204407,8
"1684","wi;we",0.207521916086389,8
"1685","wik;weak",0.230747393313714,8
"1686","wil;weal",0.228370836500828,8
"1687","win;wean",0.220890443604433,8
"1688","wid;weed",0.232238284674274,8
"1689","wip;weep",0.234510655437457,8
"1690","riT;wreath",0.364251281966222,8
"1691","riD;wreathe",2.14512578997912,8
"1692","rYD;writhe",0.554390654053833,8
"1693","yi;ye",0.177502886465486,8
"1694","yin;yean",0.188096710858133,8
"1695","zi;z",0.174972524713114,8
"1696","zil;zeal",0.194780004204407,8
"1697","bi;b",0.252862681033337,9
"1698","bid;bead",0.248180981007885,9
"1699","bik;beak",0.273327982052646,9
"1700","bim;beam",0.281181897655379,9
"1701","bin;bean",0.25978128861016,9
"1702","bit;beat",0.242278384186837,9
"1703","briD;breathe",0.155226764490075,9
"1704","si;c",2.60896594464131,9
"1705","sizX;caesar",0.249100451459491,9
"1706","ki;cay",0.245984546784377,9
"1707","sis;cease",2.46462834368482,9
"1708","sikM;cecum",0.0914943056742764,9
"1709","sidX;cedar",0.1596222241211,9
"1710","sid;cede",2.53546394147168,9
"1711","sEl;cell",0.227855673984691,9
"1712","Cip;cheap",0.239922625274017,9
"1713","Cit;cheat",0.224545085537448,9
"1714","Cik;cheek",0.255278078942724,9
"1715","Ciz;cheese",0.267920694168461,9
"1716","Sik;chic",0.552093308509864,9
"1717","sYt;cite",0.608303645380938,9
"1718","di;d",0.250788303378111,9
"1719","dil;deal",0.26988050529129,9
"1720","din;dean",0.257748229310629,9
"1721","did;deed",0.246165801835418,9
"1722","dim;deem",0.279206085693718,9
"1723","dip;deep",0.255785485424953,9
"1724","i;e",0.237407235250423,9
"1725","iz;ease",0.271259899064219,9
"1726","it;eat",0.226420661683023,9
"1727","il;eel",0.256273880699538,9
"1728","ik;eke",0.257322647934078,9
"1729","fit;feat",0.227767935436222,9
"1730","fiz;feaze",0.272575517911012,9
"1731","fi;fee",0.238798348858031,9
"1732","fid;feed",0.233278998562022,9
"1733","fil;feel",0.257647719201152,9
"1734","Ji;g",0.204440145598909,9
"1735","gis;geese",0.209157066797129,9
"1736","Jin;gene",0.208418823850706,9
"1737","hi;he",0.232685249528892,9
"1738","hil;heal",0.251595120743097,9
"1739","hip;heap",0.237272968706038,9
"1740","hit;heat",0.221808643462809,9
"1741","hid;heed",0.227388296969965,9
"1742","Ysi;icy",0.0712436454521306,9
"1743","kil;keel",0.241453857169828,9
"1744","kin;keen",0.228643878679772,9
"1745","kip;keep",0.226744620526294,9
"1746","nid;knead",0.248287575373003,9
"1747","ni;knee",0.253004678822378,9
"1748","nil;kneel",0.2720704471041,9
"1749","li;lea",0.289875508846477,9
"1750","lik;leak",0.332749380088225,9
"1751","lil;leal",0.309530536588694,9
"1752","lin;lean",0.298146748160987,9
"1753","lip;leap",0.315960123137815,9
"1754","lis;lease",0.316567765218523,9
"1755","liz;lees",0.328475988676215,9
"1756","lit;lied",0.30180234756637,9
"1757","liJ;liege",0.258839453251309,9
"1758","lYD;lithe",0.423663023132982,9
"1759","mi;me",0.241817257330883,9
"1760","mid;mead",0.237477330560188,9
"1761","mil;meal",0.260988132670252,9
"1762","min;mean",0.248974521944706,9
"1763","mit;meat",0.231471617521384,9
"1764","mik;meek",0.262521215387192,9
"1765","nip;neap",0.25793569451786,9
"1766","nit;neat",0.242395533980214,9
"1767","nis;niece",0.273066812325147,9
"1768","pi;p",0.2700050414967,9
"1769","pis;peace",0.295264714992348,9
"1770","pik;peak",0.315264021738433,9
"1771","pil;peal",0.289545612159638,9
"1772","piz;pease",0.307880175930308,9
"1773","pit;peat",0.260346114141955,9
"1774","pin;peen",0.278024977282652,9
"1775","pip;peep",0.276012451180535,9
"1776","sam;psalm",0.232245656391721,9
"1777","riC;reach",0.37040354746244,9
"1778","rid;read",0.525959861897609,9
"1779","riL;real",0.337049512065781,9
"1780","rim;ream",0.559957906682634,9
"1781","rip;reap",0.53628767914907,9
"1782","rif;reef",0.369689980586253,9
"1783","rik;reek",0.552052263064993,9
"1784","ril;reel",0.551989698254531,9
"1785","riv;reeve",0.337049512065781,9
"1786","s@k;sac",0.208670609300699,9
"1787","s@d;sad",0.224876216452542,9
"1788","seJ;sage",0.326793418356462,9
"1789","sEd;said",0.256924588805626,9
"1790","sel;sail",0.244156341387509,9
"1791","sek;sake",0.255070843193464,9
"1792","sem;same",0.262311969731308,9
"1793","sen;sane",0.318054638384848,9
"1794","s@p;sap",0.235697754104919,9
"1795","s@t;sat",0.275842803099924,9
"1796","set;sate",0.3212604773981,9
"1797","scs;sauce",0.234700709242317,9
"1798","sc;saw",0.253975030922867,9
"1799","se;say",0.295691453094292,9
"1800","sin;scene",2.54769239304906,9
"1801","skim;scheme",0.181010053592935,9
"1802","sYD;scythe",1.86951082420479,9
"1803","sil;seal",2.44921620542478,9
"1804","sim;seam",2.54240416071954,9
"1805","simi;seamy",0.127897655087592,9
"1806","sizN;season",0.183273311692193,9
"1807","sit;seat",2.52521282227853,9
"1808","sEJ;sedge",0.303952551525183,9
"1809","sik;seek",2.58453878518048,9
"1810","sip;seep",2.58362802083701,9
"1811","sisc;seesaw",0.153926570016095,9
"1812","siD;seethe",6.25498840158549,9
"1813","siz;seize",2.53627128214234,9
"1814","sEn;sen",0.302174189181294,9
"1815","sipL;sepal",0.0914899868710949,9
"1816","sXin;serene",0.0971584658368815,9
"1817","sRJ;serge",0.269127363306536,9
"1818","sEt;set",0.306540314689122,9
"1819","so;sew",0.257000452355199,9
"1820","suX;sewer",0.420242986270124,9
"1821","son;sewn",0.278467624220319,9
"1822","Si;she",0.538060234156517,9
"1823","Sif;sheaf",0.358206589930894,9
"1824","SiT;sheath",0.390494012461104,9
"1825","SiD;sheathe",1.78797040874965,9
"1826","SiDz;sheaths",0.203534041566197,9
"1827","Sin;sheen",0.538477094662462,9
"1828","Sip;sheep",0.536464568560346,9
"1829","Sit;sheet",0.520798231521765,9
"1830","sIk;sick",0.216524088275525,9
"1831","sYd;side",0.548890225101216,9
"1832","siJ;siege",2.24425041183896,9
"1833","sY;sigh",0.580765018072821,9
"1834","sYn;sign",0.600880620485479,9
"1835","sIl;sill",0.205191783763923,9
"1836","sIn;sin",0.279056101338437,9
"1837","sIp;sip",0.243846239573017,9
"1838","sR;sir",0.259772769190536,9
"1839","sYr;sire",0.379235617923041,9
"1840","sIt;sit",0.283099833851103,9
"1841","sYz;size",0.499133956746552,9
"1842","ski;ski",0.144644677560164,9
"1843","slik;sleek",0.198713730862945,9
"1844","slip;sleep",0.185917786607549,9
"1845","slit;sleet",0.163309297439594,9
"1846","smuD;smooth",0.240071943114362,9
"1847","snik;sneak",0.195759304788686,9
"1848","sniz;sneeze",0.159591490100263,9
"1849","sok;soak",0.21594206107278,9
"1850","sop;soap",0.243264212370272,9
"1851","sak;sock",0.228942602161707,9
"1852","sad;sod",0.246681056663687,9
"1853","sOl;soil",0.160203520190031,9
"1854","sol;sol",0.204617510227899,9
"1855","s^m;some",0.216150919889299,9
"1856","s^n;son",0.278298544630233,9
"1857","sun;soon",0.642333552435438,9
"1858","sUt;soot",0.223586315056933,9
"1859","suT;sooth",0.420242986270124,9
"1860","suD;soothe",1.73447979442676,9
"1861","sap;sop",0.256264753459199,9
"1862","sat;sot",0.295807891249104,9
"1863","sW;sough",0.247577133523226,9
"1864","sct;sought",0.279738896434056,9
"1865","sup;soup",0.604089218264453,9
"1866","sWs;souse",0.211368174739237,9
"1867","sO;soy",0.215854610245099,9
"1868","spik;speak",0.184242363984052,9
"1869","spid;speed",0.175566218901853,9
"1870","stil;steal",0.183118697931235,9
"1871","stim;steam",0.273192402582539,9
"1872","stid;steed",0.232051135910929,9
"1873","stip;steep",0.209558568547516,9
"1874","s^k;suck",0.215829677317398,9
"1875","su;sue",0.622605270273819,9
"1876","sut;suit",0.650483669638852,9
"1877","swit;suite",0.152864946338613,9
"1878","s^p;sup",0.242856822121618,9
"1879","sRi;surrey",0.148303566652915,9
"1880","swid;swede",0.215875718686744,9
"1881","swip;sweep",0.192102758780448,9
"1882","ti;t",0.550059151779803,9
"1883","tiC;teach",0.369971513249146,9
"1884","tik;teak",0.563876109431511,9
"1885","til;teal",0.590703088043101,9
"1886","tim;team",0.596911827655127,9
"1887","tiz;tease",0.57505705081381,9
"1888","tiT;teeth",0.40170678468165,9
"1889","tiD;teethe",1.74373209548275,9
"1890","Di;thee",0.2119739086104,9
"1891","Tim;theme",0.220533953380589,9
"1892","Diz;these",0.238591200724272,9
"1893","tYD;tithe",0.607699027580182,9
"1894","vi;v",0.201474535240506,9
"1895","vil;veal",0.219447248484394,9
"1896","wi;we",0.242431647103579,9
"1897","wik;weak",0.263131774726542,9
"1898","wil;weal",0.261601025588922,9
"1899","win;wean",0.249585081284056,9
"1900","wid;weed",0.261313000344826,9
"1901","wip;weep",0.26806100757066,9
"1902","riT;wreath",0.399665091166825,9
"1903","riD;wreathe",1.93653252361274,9
"1904","rYD;writhe",0.571804837068232,9
"1905","yi;ye",0.204440145598909,9
"1906","yin;yean",0.208418823850706,9
"1907","zi;z",0.201474535240506,9
"1908","zil;zeal",0.219447248484394,9
"1909","bi;b",0.287957640859671,10
"1910","bid;bead",0.271912880207635,10
"1911","bik;beak",0.304244214763407,10
"1912","bim;beam",0.302611957630654,10
"1913","bin;bean",0.287124213017619,10
"1914","bit;beat",0.26908685206742,10
"1915","briD;breathe",0.147389385615307,10
"1916","si;c",2.428458144983,10
"1917","sizX;caesar",0.260390163877397,10
"1918","ki;cay",0.279034624208987,10
"1919","sis;cease",2.25381874811326,10
"1920","sikM;cecum",0.0890576796350304,10
"1921","sidX;cedar",0.164817423602626,10
"1922","sid;cede",2.34363258690453,10
"1923","sEl;cell",0.249506690734818,10
"1924","Cip;cheap",0.26504769800035,10
"1925","Cit;cheat",0.247679525780402,10
"1926","Cik;cheek",0.282438803419174,10
"1927","Ciz;cheese",0.28800816986611,10
"1928","Sik;chic",0.577430449290112,10
"1929","sYt;cite",0.645450953405792,10
"1930","di;d",0.285451047441161,10
"1931","dil;deal",0.301874063413181,10
"1932","din;dean",0.284673750620376,10
"1933","did;deed",0.269486619796854,10
"1934","dim;deem",0.300238794715638,10
"1935","dip;deep",0.284206522632599,10
"1936","i;e",0.26956435952579,10
"1937","iz;ease",0.292250249443886,10
"1938","it;eat",0.250277694766294,10
"1939","il;eel",0.285742004768509,10
"1940","ik;eke",0.285249342407254,10
"1941","fit;feat",0.251587582017662,10
"1942","fiz;feaze",0.293523957536471,10
"1943","fi;fee",0.270924735516926,10
"1944","fid;feed",0.254000441038644,10
"1945","fil;feel",0.287082433030755,10
"1946","Ji;g",0.230145758946539,10
"1947","gis;geese",0.212556181072618,10
"1948","Jin;gene",0.226136919470383,10
"1949","hi;he",0.264003626134219,10
"1950","hil;heal",0.280238706648946,10
"1951","hip;heap",0.262338713002297,10
"1952","hit;heat",0.244862815120599,10
"1953","hid;heed",0.247362824260702,10
"1954","Ysi;icy",0.0694377964013013,10
"1955","kil;keel",0.268240272617023,10
"1956","kin;keen",0.250322061408393,10
"1957","kip;keep",0.24990842174635,10
"1958","nid;knead",0.271448379323942,10
"1959","ni;knee",0.287519137822504,10
"1960","nil;kneel",0.303912312685108,10
"1961","li;lea",0.331459409324097,10
"1962","lik;leak",0.37388593010156,10
"1963","lil;leal",0.348504334994984,10
"1964","lin;lean",0.33211886735758,10
"1965","lip;leap",0.354672838988117,10
"1966","lis;lease",0.338256540082699,10
"1967","liz;lees",0.359340417440693,10
"1968","lit;lied",0.338398525246153,10
"1969","liJ;liege",0.268099122103899,10
"1970","lYD;lithe",0.436013564883667,10
"1971","mi;me",0.275159910016975,10
"1972","mid;mead",0.259560263791426,10
"1973","mil;meal",0.291684781866119,10
"1974","min;mean",0.27463767127955,10
"1975","mit;meat",0.256600310329352,10
"1976","mik;meek",0.291757673025338,10
"1977","nip;neap",0.286200106694124,10
"1978","nit;neat",0.268629973731702,10
"1979","nis;niece",0.28720980391523,10
"1980","pi;p",0.308757325052759,10
"1981","pis;peace",0.314065374144703,10
"1982","pik;peak",0.35376203803856,10
"1983","pil;peal",0.325681827075513,10
"1984","piz;pease",0.335865452432771,10
"1985","pit;peat",0.290920447120562,10
"1986","pin;peen",0.309157135474302,10
"1987","pip;peep",0.308647580512606,10
"1988","sam;psalm",0.24742548168464,10
"1989","riC;reach",0.395374243655251,10
"1990","rid;read",0.559631679547525,10
"1991","riL;real",0.358142916699567,10
"1992","rim;ream",0.591578832839671,10
"1993","rip;reap",0.575160561839482,10
"1994","rif;reef",0.39445302313229,10
"1995","rik;reek",0.593073834160127,10
"1996","ril;reel",0.594533012860918,10
"1997","riv;reeve",0.358142916699567,10
"1998","s@k;sac",0.228884662390586,10
"1999","s@d;sad",0.242645440404508,10
"2000","seJ;sage",0.344695070917661,10
"2001","sEd;said",0.279310680815238,10
"2002","sel;sail",0.269992000968977,10
"2003","sek;sake",0.283950360973536,10
"2004","sem;same",0.283078329457784,10
"2005","sen;sane",0.354912387990767,10
"2006","s@p;sap",0.258979302898603,10
"2007","s@t;sat",0.308330155242448,10
"2008","set;sate",0.362491951374552,10
"2009","scs;sauce",0.241752946562665,10
"2010","sc;saw",0.28437023283319,10
"2011","se;say",0.336060296666455,10
"2012","sin;scene",2.354328601031,10
"2013","skim;scheme",0.185884156107369,10
"2014","sYD;scythe",1.70988115115886,10
"2015","sil;seal",2.2475618178887,10
"2016","sim;seam",2.3436489032928,10
"2017","simi;seamy",0.12419750620749,10
"2018","sizN;season",0.187786880814243,10
"2019","sit;seat",2.3357745018732,10
"2020","sEJ;sedge",0.317237532773505,10
"2021","sik;seek",2.39750523337442,10
"2022","sip;seep",2.39622607139563,10
"2023","sisc;seesaw",0.14882573807268,10
"2024","siD;seethe",4.94904613990858,10
"2025","siz;seize",2.33982469944459,10
"2026","sEn;sen",0.334791206488336,10
"2027","sipL;sepal",0.0890458426243182,10
"2028","sXin;serene",0.0943663646346005,10
"2029","sRJ;serge",0.276109764993762,10
"2030","sEt;set",0.343688158642402,10
"2031","so;sew",0.290641815078634,10
"2032","suX;sewer",0.429274760184687,10
"2033","son;sewn",0.308534530485243,10
"2034","Si;she",0.567881933099476,10
"2035","Sif;sheaf",0.366966025070026,10
"2036","SiT;sheath",0.403282900300782,10
"2037","SiD;sheathe",1.58701638736868,10
"2038","SiDz;sheaths",0.191236658425874,10
"2039","Sin;sheen",0.560200487776622,10
"2040","Sip;sheep",0.559690932814926,10
"2041","Sit;sheet",0.541963799422882,10
"2042","sIk;sick",0.238750655333832,10
"2043","sYd;side",0.570735151446742,10
"2044","siJ;siege",2.01876838515202,10
"2045","sY;sigh",0.616904864814912,10
"2046","sYn;sign",0.633347579757591,10
"2047","sIl;sill",0.224375902942386,10
"2048","sIn;sin",0.309092540955335,10
"2049","sIp;sip",0.269214280962905,10
"2050","sR;sir",0.290293330946695,10
"2051","sYr;sire",0.392787266868217,10
"2052","sIt;sit",0.317584699749546,10
"2053","sYz;size",0.508871947135448,10
"2054","ski;ski",0.153396626464064,10
"2055","slik;sleek",0.214196151722387,10
"2056","slip;sleep",0.199951457245301,10
"2057","slit;sleet",0.17345212549023,10
"2058","smuD;smooth",0.225866353327612,10
"2059","snik;sneak",0.206972130912347,10
"2060","sniz;sneeze",0.160981508413095,10
"2061","sok;soak",0.238199982684769,10
"2062","sop;soap",0.268663608313843,10
"2063","sak;sock",0.252490455744952,10
"2064","sad;sod",0.267923434097877,10
"2065","sOl;soil",0.17095401836154,10
"2066","sol;sol",0.223834021130265,10
"2067","s^m;some",0.2283104154872,10
"2068","s^n;son",0.306737102792252,10
"2069","sun;soon",0.670284123769584,10
"2070","sUt;soot",0.246743975607421,10
"2071","suT;sooth",0.429274760184687,10
"2072","suD;soothe",1.55272595636627,10
"2073","sap;sop",0.282954081374025,10
"2074","sat;sot",0.331685765726049,10
"2075","sW;sough",0.275163406114416,10
"2076","sct;sought",0.311096221230811,10
"2077","sup;soup",0.62713296862179,10
"2078","sWs;souse",0.214889985689494,10
"2079","sO;soy",0.240888415797909,10
"2080","spik;speak",0.197020821634118,10
"2081","spid;speed",0.184519059372132,10
"2082","stil;steal",0.195680328324155,10
"2083","stim;steam",0.290847330242546,10
"2084","stid;steed",0.249693539493911,10
"2085","stip;steep",0.22684417586776,10
"2086","s^k;suck",0.236518890124468,10
"2087","su;sue",0.654232591580719,10
"2088","sut;suit",0.683122473306881,10
"2089","swit;suite",0.160876814365626,10
"2090","s^p;sup",0.266613530632486,10
"2091","sRi;surrey",0.158168916932971,10
"2092","swid;swede",0.230724421073336,10
"2093","swip;sweep",0.206533401520302,10
"2094","ti;t",0.581946030190425,10
"2095","tiC;teach",0.380732576460781,10
"2096","tik;teak",0.591215375150933,10
"2097","til;teal",0.623513956212731,10
"2098","tim;team",0.619159527642777,10
"2099","tiz;tease",0.595310953942504,10
"2100","tiT;teeth",0.416337151484735,10
"2101","tiD;teethe",1.54893261036358,10
"2102","Di;thee",0.238563459187548,10
"2103","Tim;theme",0.230828600977216,10
"2104","Diz;these",0.253305413479717,10
"2105","tYD;tithe",0.609183973118294,10
"2106","vi;v",0.226821452350674,10
"2107","vil;veal",0.242025528765222,10
"2108","wi;we",0.276132098453177,10
"2109","wik;weak",0.292718785343913,10
"2110","wil;weal",0.29265259555057,10
"2111","win;wean",0.275598783598125,10
"2112","wid;weed",0.287358525323108,10
"2113","wip;weep",0.298896368382002,10
"2114","riT;wreath",0.428500373391192,10
"2115","riD;wreathe",1.75221544353536,10
"2116","rYD;writhe",0.577924424643778,10
"2117","yi;ye",0.230145758946539,10
"2118","yin;yean",0.226136919470383,10
"2119","zi;z",0.226821452350674,10
"2120","zil;zeal",0.242025528765222,10
