"","node","activation","time"
"1","bi;b",0,1
"2","bid;bead",0,1
"3","bik;beak",0,1
"4","bim;beam",0,1
"5","bin;bean",0,1
"6","bit;beat",0,1
"7","briD;breathe",0,1
"8","si;c",5.625,1
"9","sizX;caesar",0,1
"10","ki;cay",0,1
"11","sis;cease",5.625,1
"12","sikM;cecum",0,1
"13","sidX;cedar",0,1
"14","sid;cede",5.625,1
"15","sEl;cell",0,1
"16","Cip;cheap",0,1
"17","Cit;cheat",0,1
"18","Cik;cheek",0,1
"19","Ciz;cheese",0,1
"20","Sik;chic",0,1
"21","sYt;cite",0,1
"22","di;d",0,1
"23","dil;deal",0,1
"24","din;dean",0,1
"25","did;deed",0,1
"26","dim;deem",0,1
"27","dip;deep",0,1
"28","i;e",0,1
"29","iz;ease",0,1
"30","it;eat",0,1
"31","il;eel",0,1
"32","ik;eke",0,1
"33","fit;feat",0,1
"34","fiz;feaze",0,1
"35","fi;fee",0,1
"36","fid;feed",0,1
"37","fil;feel",0,1
"38","Ji;g",0,1
"39","gis;geese",0,1
"40","Jin;gene",0,1
"41","hi;he",0,1
"42","hil;heal",0,1
"43","hip;heap",0,1
"44","hit;heat",0,1
"45","hid;heed",0,1
"46","Ysi;icy",0,1
"47","kil;keel",0,1
"48","kin;keen",0,1
"49","kip;keep",0,1
"50","nid;knead",0,1
"51","ni;knee",0,1
"52","nil;kneel",0,1
"53","li;lea",0,1
"54","lik;leak",0,1
"55","lil;leal",0,1
"56","lin;lean",0,1
"57","lip;leap",0,1
"58","lis;lease",0,1
"59","liz;lees",0,1
"60","lit;lied",0,1
"61","liJ;liege",0,1
"62","lYD;lithe",0,1
"63","mi;me",0,1
"64","mid;mead",0,1
"65","mil;meal",0,1
"66","min;mean",0,1
"67","mit;meat",0,1
"68","mik;meek",0,1
"69","nip;neap",0,1
"70","nit;neat",0,1
"71","nis;niece",0,1
"72","pi;p",0,1
"73","pis;peace",0,1
"74","pik;peak",0,1
"75","pil;peal",0,1
"76","piz;pease",0,1
"77","pit;peat",0,1
"78","pin;peen",0,1
"79","pip;peep",0,1
"80","sam;psalm",0,1
"81","riC;reach",0,1
"82","rid;read",0,1
"83","riL;real",0,1
"84","rim;ream",0,1
"85","rip;reap",0,1
"86","rif;reef",0,1
"87","rik;reek",0,1
"88","ril;reel",0,1
"89","riv;reeve",0,1
"90","s@k;sac",0,1
"91","s@d;sad",0,1
"92","seJ;sage",0,1
"93","sEd;said",0,1
"94","sel;sail",0,1
"95","sek;sake",0,1
"96","sem;same",0,1
"97","sen;sane",0,1
"98","s@p;sap",0,1
"99","s@t;sat",0,1
"100","set;sate",0,1
"101","scs;sauce",0,1
"102","sc;saw",0,1
"103","se;say",0,1
"104","sin;scene",5.625,1
"105","skim;scheme",0,1
"106","sYD;scythe",5.625,1
"107","sil;seal",5.625,1
"108","sim;seam",5.625,1
"109","simi;seamy",0,1
"110","sizN;season",0,1
"111","sit;seat",5.625,1
"112","sEJ;sedge",0,1
"113","sik;seek",5.625,1
"114","sip;seep",5.625,1
"115","sisc;seesaw",0,1
"116","siD;seethe",10,1
"117","siz;seize",5.625,1
"118","sEn;sen",0,1
"119","sipL;sepal",0,1
"120","sXin;serene",0,1
"121","sRJ;serge",0,1
"122","sEt;set",0,1
"123","so;sew",0,1
"124","suX;sewer",0,1
"125","son;sewn",0,1
"126","Si;she",0,1
"127","Sif;sheaf",0,1
"128","SiT;sheath",0,1
"129","SiD;sheathe",5.625,1
"130","SiDz;sheaths",0,1
"131","Sin;sheen",0,1
"132","Sip;sheep",0,1
"133","Sit;sheet",0,1
"134","sIk;sick",0,1
"135","sYd;side",0,1
"136","siJ;siege",5.625,1
"137","sY;sigh",0,1
"138","sYn;sign",0,1
"139","sIl;sill",0,1
"140","sIn;sin",0,1
"141","sIp;sip",0,1
"142","sR;sir",0,1
"143","sYr;sire",0,1
"144","sIt;sit",0,1
"145","sYz;size",0,1
"146","ski;ski",0,1
"147","slik;sleek",0,1
"148","slip;sleep",0,1
"149","slit;sleet",0,1
"150","smuD;smooth",0,1
"151","snik;sneak",0,1
"152","sniz;sneeze",0,1
"153","sok;soak",0,1
"154","sop;soap",0,1
"155","sak;sock",0,1
"156","sad;sod",0,1
"157","sOl;soil",0,1
"158","sol;sol",0,1
"159","s^m;some",0,1
"160","s^n;son",0,1
"161","sun;soon",0,1
"162","sUt;soot",0,1
"163","suT;sooth",0,1
"164","suD;soothe",5.625,1
"165","sap;sop",0,1
"166","sat;sot",0,1
"167","sW;sough",0,1
"168","sct;sought",0,1
"169","sup;soup",0,1
"170","sWs;souse",0,1
"171","sO;soy",0,1
"172","spik;speak",0,1
"173","spid;speed",0,1
"174","stil;steal",0,1
"175","stim;steam",0,1
"176","stid;steed",0,1
"177","stip;steep",0,1
"178","s^k;suck",0,1
"179","su;sue",0,1
"180","sut;suit",0,1
"181","swit;suite",0,1
"182","s^p;sup",0,1
"183","sRi;surrey",0,1
"184","swid;swede",0,1
"185","swip;sweep",0,1
"186","ti;t",0,1
"187","tiC;teach",0,1
"188","tik;teak",0,1
"189","til;teal",0,1
"190","tim;team",0,1
"191","tiz;tease",0,1
"192","tiT;teeth",0,1
"193","tiD;teethe",5.625,1
"194","Di;thee",0,1
"195","Tim;theme",0,1
"196","Diz;these",0,1
"197","tYD;tithe",0,1
"198","vi;v",0,1
"199","vil;veal",0,1
"200","wi;we",0,1
"201","wik;weak",0,1
"202","wil;weal",0,1
"203","win;wean",0,1
"204","wid;weed",0,1
"205","wip;weep",0,1
"206","riT;wreath",0,1
"207","riD;wreathe",5.625,1
"208","rYD;writhe",0,1
"209","yi;ye",0,1
"210","yin;yean",0,1
"211","zi;z",0,1
"212","zil;zeal",0,1
"213","bi;b",0.1265625,2
"214","bid;bead",0.1875,2
"215","bik;beak",0.163306451612903,2
"216","bim;beam",0.230113636363636,2
"217","bin;bean",0.174568965517241,2
"218","bit;beat",0.158203125,2
"219","briD;breathe",0.3375,2
"220","si;c",3.21416871808322,2
"221","sizX;caesar",0.230113636363636,2
"222","ki;cay",0.1265625,2
"223","sis;cease",3.05948121808322,2
"224","sikM;cecum",0.163306451612903,2
"225","sidX;cedar",0.1875,2
"226","sid;cede",3.15323121808322,2
"227","sEl;cell",0.163306451612903,2
"228","Cip;cheap",0.163306451612903,2
"229","Cit;cheat",0.158203125,2
"230","Cik;cheek",0.163306451612903,2
"231","Ciz;cheese",0.230113636363636,2
"232","Sik;chic",0.623533724340176,2
"233","sYt;cite",0.618430397727273,2
"234","di;d",0.1265625,2
"235","dil;deal",0.163306451612903,2
"236","din;dean",0.174568965517241,2
"237","did;deed",0.1875,2
"238","dim;deem",0.230113636363636,2
"239","dip;deep",0.163306451612903,2
"240","i;e",0.1265625,2
"241","iz;ease",0.230113636363636,2
"242","it;eat",0.158203125,2
"243","il;eel",0.163306451612903,2
"244","ik;eke",0.163306451612903,2
"245","fit;feat",0.158203125,2
"246","fiz;feaze",0.230113636363636,2
"247","fi;fee",0.1265625,2
"248","fid;feed",0.1875,2
"249","fil;feel",0.163306451612903,2
"250","Ji;g",0.1265625,2
"251","gis;geese",0.28125,2
"252","Jin;gene",0.174568965517241,2
"253","hi;he",0.1265625,2
"254","hil;heal",0.163306451612903,2
"255","hip;heap",0.163306451612903,2
"256","hit;heat",0.158203125,2
"257","hid;heed",0.1875,2
"258","Ysi;icy",0.1265625,2
"259","kil;keel",0.163306451612903,2
"260","kin;keen",0.174568965517241,2
"261","kip;keep",0.163306451612903,2
"262","nid;knead",0.1875,2
"263","ni;knee",0.1265625,2
"264","nil;kneel",0.163306451612903,2
"265","li;lea",0.1265625,2
"266","lik;leak",0.163306451612903,2
"267","lil;leal",0.163306451612903,2
"268","lin;lean",0.174568965517241,2
"269","lip;leap",0.163306451612903,2
"270","lis;lease",0.28125,2
"271","liz;lees",0.230113636363636,2
"272","lit;lied",0.158203125,2
"273","liJ;liege",0.3375,2
"274","lYD;lithe",0.460227272727273,2
"275","mi;me",0.1265625,2
"276","mid;mead",0.1875,2
"277","mil;meal",0.163306451612903,2
"278","min;mean",0.174568965517241,2
"279","mit;meat",0.158203125,2
"280","mik;meek",0.163306451612903,2
"281","nip;neap",0.163306451612903,2
"282","nit;neat",0.158203125,2
"283","nis;niece",0.28125,2
"284","pi;p",0.1265625,2
"285","pis;peace",0.28125,2
"286","pik;peak",0.163306451612903,2
"287","pil;peal",0.163306451612903,2
"288","piz;pease",0.230113636363636,2
"289","pit;peat",0.158203125,2
"290","pin;peen",0.174568965517241,2
"291","pip;peep",0.163306451612903,2
"292","sam;psalm",0.230113636363636,2
"293","riC;reach",0.3375,2
"294","rid;read",0.525,2
"295","riL;real",0.3375,2
"296","rim;ream",0.567613636363636,2
"297","rip;reap",0.500806451612903,2
"298","rif;reef",0.3375,2
"299","rik;reek",0.500806451612903,2
"300","ril;reel",0.500806451612903,2
"301","riv;reeve",0.3375,2
"302","s@k;sac",0.163306451612903,2
"303","s@d;sad",0.1875,2
"304","seJ;sage",0.3375,2
"305","sEd;said",0.1875,2
"306","sel;sail",0.163306451612903,2
"307","sek;sake",0.163306451612903,2
"308","sem;same",0.230113636363636,2
"309","sen;sane",0.174568965517241,2
"310","s@p;sap",0.163306451612903,2
"311","s@t;sat",0.158203125,2
"312","set;sate",0.158203125,2
"313","scs;sauce",0.28125,2
"314","sc;saw",0.1265625,2
"315","se;say",0.1265625,2
"316","sin;scene",3.16616225256598,2
"317","skim;scheme",0.230113636363636,2
"318","sYD;scythe",1.6875,2
"319","sil;seal",3.17742476647032,2
"320","sim;seam",3.11061758171959,2
"321","simi;seamy",0.230113636363636,2
"322","sizN;season",0.230113636363636,2
"323","sit;seat",3.18252809308322,2
"324","sEJ;sedge",0.3375,2
"325","sik;seek",3.17742476647032,2
"326","sip;seep",3.17742476647032,2
"327","sisc;seesaw",0.28125,2
"328","siD;seethe",5.49641303626504,2
"329","siz;seize",3.11061758171959,2
"330","sEn;sen",0.174568965517241,2
"331","sipL;sepal",0.163306451612903,2
"332","sXin;serene",0.174568965517241,2
"333","sRJ;serge",0.3375,2
"334","sEt;set",0.158203125,2
"335","so;sew",0.1265625,2
"336","suX;sewer",0.5625,2
"337","son;sewn",0.174568965517241,2
"338","Si;she",0.586789772727273,2
"339","Sif;sheaf",0.460227272727273,2
"340","SiT;sheath",0.460227272727273,2
"341","SiD;sheathe",1.92272727272727,2
"342","SiDz;sheaths",0.460227272727273,2
"343","Sin;sheen",0.634796238244514,2
"344","Sip;sheep",0.623533724340176,2
"345","Sit;sheet",0.618430397727273,2
"346","sIk;sick",0.163306451612903,2
"347","sYd;side",0.647727272727273,2
"348","siJ;siege",3.00323121808322,2
"349","sY;sigh",0.586789772727273,2
"350","sYn;sign",0.634796238244514,2
"351","sIl;sill",0.163306451612903,2
"352","sIn;sin",0.174568965517241,2
"353","sIp;sip",0.163306451612903,2
"354","sR;sir",0.1265625,2
"355","sYr;sire",0.460227272727273,2
"356","sIt;sit",0.158203125,2
"357","sYz;size",0.690340909090909,2
"358","ski;ski",0.1265625,2
"359","slik;sleek",0.163306451612903,2
"360","slip;sleep",0.163306451612903,2
"361","slit;sleet",0.158203125,2
"362","smuD;smooth",0.5625,2
"363","snik;sneak",0.163306451612903,2
"364","sniz;sneeze",0.230113636363636,2
"365","sok;soak",0.163306451612903,2
"366","sop;soap",0.163306451612903,2
"367","sak;sock",0.163306451612903,2
"368","sad;sod",0.1875,2
"369","sOl;soil",0.163306451612903,2
"370","sol;sol",0.163306451612903,2
"371","s^m;some",0.230113636363636,2
"372","s^n;son",0.174568965517241,2
"373","sun;soon",0.737068965517241,2
"374","sUt;soot",0.158203125,2
"375","suT;sooth",0.5625,2
"376","suD;soothe",1.58522727272727,2
"377","sap;sop",0.163306451612903,2
"378","sat;sot",0.158203125,2
"379","sW;sough",0.1265625,2
"380","sct;sought",0.158203125,2
"381","sup;soup",0.725806451612903,2
"382","sWs;souse",0.28125,2
"383","sO;soy",0.1265625,2
"384","spik;speak",0.163306451612903,2
"385","spid;speed",0.1875,2
"386","stil;steal",0.163306451612903,2
"387","stim;steam",0.230113636363636,2
"388","stid;steed",0.1875,2
"389","stip;steep",0.163306451612903,2
"390","s^k;suck",0.163306451612903,2
"391","su;sue",0.6890625,2
"392","sut;suit",0.720703125,2
"393","swit;suite",0.158203125,2
"394","s^p;sup",0.163306451612903,2
"395","sRi;surrey",0.1265625,2
"396","swid;swede",0.1875,2
"397","swip;sweep",0.163306451612903,2
"398","ti;t",0.586789772727273,2
"399","tiC;teach",0.460227272727273,2
"400","tik;teak",0.623533724340176,2
"401","til;teal",0.623533724340176,2
"402","tim;team",0.690340909090909,2
"403","tiz;tease",0.690340909090909,2
"404","tiT;teeth",0.460227272727273,2
"405","tiD;teethe",1.92272727272727,2
"406","Di;thee",0.1265625,2
"407","Tim;theme",0.230113636363636,2
"408","Diz;these",0.230113636363636,2
"409","tYD;tithe",0.920454545454545,2
"410","vi;v",0.1265625,2
"411","vil;veal",0.163306451612903,2
"412","wi;we",0.1265625,2
"413","wik;weak",0.163306451612903,2
"414","wil;weal",0.163306451612903,2
"415","win;wean",0.174568965517241,2
"416","wid;weed",0.1875,2
"417","wip;weep",0.163306451612903,2
"418","riT;wreath",0.3375,2
"419","riD;wreathe",2.04545454545455,2
"420","rYD;writhe",0.797727272727273,2
"421","yi;ye",0.1265625,2
"422","yin;yean",0.174568965517241,2
"423","zi;z",0.1265625,2
"424","zil;zeal",0.163306451612903,2
"425","bi;b",0.270112217268717,3
"426","bid;bead",0.28465597184303,3
"427","bik;beak",0.313047505432354,3
"428","bim;beam",0.341942160648931,3
"429","bin;bean",0.297302103780475,3
"430","bit;beat",0.273302108634999,3
"431","briD;breathe",0.156477272727273,3
"432","si;c",2.23311753470559,3
"433","sizX;caesar",0.338190037433983,3
"434","ki;cay",0.266944970277115,3
"435","sis;cease",2.22805167797234,3
"436","sikM;cecum",0.108578460962042,3
"437","sidX;cedar",0.192891798178532,3
"438","sid;cede",2.17475466372494,3
"439","sEl;cell",0.268819202518525,3
"440","Cip;cheap",0.274062012482895,3
"441","Cit;cheat",0.256247694716803,3
"442","Cik;cheek",0.295898876253612,3
"443","Ciz;cheese",0.320349726512317,3
"444","Sik;chic",0.652842921567279,3
"445","sYt;cite",0.713398504136167,3
"446","di;d",0.268355598529329,3
"447","dil;deal",0.301407518187203,3
"448","din;dean",0.295545485041086,3
"449","did;deed",0.282899353103641,3
"450","dim;deem",0.340185541909542,3
"451","dip;deep",0.289454022922248,3
"452","i;e",0.25409267177315,3
"453","iz;ease",0.322679640057807,3
"454","it;eat",0.256376758685734,3
"455","il;eel",0.286735306122973,3
"456","ik;eke",0.29607841268355,3
"457","fit;feat",0.259940986796333,3
"458","fiz;feaze",0.326243868168406,3
"459","fi;fee",0.25765689988375,3
"460","fid;feed",0.270487415251616,3
"461","fil;feel",0.290299534233572,3
"462","Ji;g",0.219896803460614,3
"463","gis;geese",0.253329174540525,3
"464","Jin;gene",0.241554375388037,3
"465","hi;he",0.249327692434307,3
"466","hil;heal",0.28197032678413,3
"467","hip;heap",0.26947656957399,3
"468","hit;heat",0.251611779346891,3
"469","hid;heed",0.262158207802174,3
"470","Ysi;icy",0.0849750461568725,3
"471","kil;keel",0.27015041594098,3
"472","kin;keen",0.262885704949801,3
"473","kip;keep",0.257002166164582,3
"474","nid;knead",0.289332175399879,3
"475","ni;knee",0.274788420825567,3
"476","nil;kneel",0.307840340483441,3
"477","li;lea",0.31425264896502,3
"478","lik;leak",0.384666669469339,3
"479","lil;leal",0.348271397120391,3
"480","lin;lean",0.343791042713543,3
"481","lip;leap",0.362829805698622,3
"482","lis;lease",0.385828638846728,3
"483","liz;lees",0.391287845158132,3
"484","lit;lied",0.348772941284038,3
"485","liJ;liege",0.291599587391196,3
"486","lYD;lithe",0.570681818181818,3
"487","mi;me",0.257137558756601,3
"488","mid;mead",0.271681313330914,3
"489","mil;meal",0.290189478414476,3
"490","min;mean",0.284327445268359,3
"491","mit;meat",0.260327450122883,3
"492","mik;meek",0.300072846920238,3
"493","nip;neap",0.295886845218487,3
"494","nit;neat",0.277978312191848,3
"495","nis;niece",0.333444782780853,3
"496","pi;p",0.286284239155566,3
"497","pis;peace",0.354375482533777,3
"498","pik;peak",0.361088426337435,3
"499","pil;peal",0.32001720917778,3
"500","piz;pease",0.361697513520506,3
"501","pit;peat",0.290915195099853,3
"502","pin;peen",0.315146237405572,3
"503","pip;peep",0.308895775090438,3
"504","sam;psalm",0.26923374549004,3
"505","riC;reach",0.446088618035191,3
"506","rid;read",0.611636041838098,3
"507","riL;real",0.391551686217009,3
"508","rim;ream",0.668767510364279,3
"509","rip;reap",0.619253366743554,3
"510","rif;reef",0.446088618035191,3
"511","rik;reek",0.641090230514271,3
"512","ril;reel",0.634593322110376,3
"513","riv;reeve",0.391551686217009,3
"514","s@k;sac",0.233552854323217,3
"515","s@d;sad",0.268867186512476,3
"516","seJ;sage",0.396421406666193,3
"517","sEd;said",0.312312996375149,3
"518","sel;sail",0.280789603676043,3
"519","sek;sake",0.28516918578748,3
"520","sem;same",0.30344029828791,3
"521","sen;sane",0.369251473377151,3
"522","s@p;sap",0.275740354323217,3
"523","s@t;sat",0.313559323822165,3
"524","set;sate",0.361756426455783,3
"525","scs;sauce",0.289808577949616,3
"526","sc;saw",0.297550736091937,3
"527","se;say",0.328528574056253,3
"528","sin;scene",2.21399899046675,3
"529","skim;scheme",0.213257509024892,3
"530","sYD;scythe",1.49596816922682,3
"531","sil;seal",2.02217282454667,3
"532","sim;seam",2.28505264075321,3
"533","simi;seamy",0.150263901070347,3
"534","sizN;season",0.219297991979438,3
"535","sit;seat",2.1134780994802,3
"536","sEJ;sedge",0.371103707645247,3
"537","sik;seek",2.24655023148429,3
"538","sip;seep",2.24975369029421,3
"539","sisc;seesaw",0.181099060904161,3
"540","siD;seethe",2.51319935476015,3
"541","siz;seize",2.24472057083449,3
"542","sEn;sen",0.358824745454073,3
"543","sipL;sepal",0.108578460962042,3
"544","sXin;serene",0.115717104389979,3
"545","sRJ;serge",0.330953917727851,3
"546","sEt;set",0.352803768643629,3
"547","so;sew",0.283232753358597,3
"548","suX;sewer",0.492150125102581,3
"549","son;sewn",0.322272963063077,3
"550","Si;she",0.623988104749391,3
"551","Sif;sheaf",0.430466082677986,3
"552","SiT;sheath",0.479940514496168,3
"553","SiD;sheathe",1.4469830659679,3
"554","SiDz;sheaths",0.203336776859504,3
"555","Sin;sheen",0.637256520111696,3
"556","Sip;sheep",0.631006057796562,3
"557","Sit;sheet",0.613025477805977,3
"558","sIk;sick",0.239146561651327,3
"559","sYd;side",0.650810922427128,3
"560","siJ;siege",1.830557109298,3
"561","sY;sigh",0.676225846541832,3
"562","sYn;sign",0.712397047561032,3
"563","sIl;sill",0.23372775666599,3
"564","sIn;sin",0.323733299601539,3
"565","sIp;sip",0.281334061651327,3
"566","sR;sir",0.310552156546483,3
"567","sYr;sire",0.449919935936908,3
"568","sIt;sit",0.317712322791094,3
"569","sYz;size",0.580459811033229,3
"570","ski;ski",0.187663256384145,3
"571","slik;sleek",0.235425672867814,3
"572","slip;sleep",0.218278495448459,3
"573","slit;sleet",0.197410385963679,3
"574","smuD;smooth",0.214772727272727,3
"575","snik;sneak",0.266020726357936,3
"576","sniz;sneeze",0.18700785268325,3
"577","sok;soak",0.237686225112866,3
"578","sop;soap",0.279873725112866,3
"579","sak;sock",0.259212790090574,3
"580","sad;sod",0.297287778961861,3
"581","sOl;soil",0.183588083396059,3
"582","sol;sol",0.232267420127528,3
"583","s^m;some",0.251233800886882,3
"584","s^n;son",0.33280501335254,3
"585","sun;soon",0.755807306656775,3
"586","sUt;soot",0.252835812517441,3
"587","suT;sooth",0.492150125102581,3
"588","suD;soothe",1.47376654021067,3
"589","sap;sop",0.301400290090574,3
"590","sat;sot",0.337778551230341,3
"591","sW;sough",0.304434969046483,3
"592","sct;sought",0.330384107971987,3
"593","sup;soup",0.707422134451719,3
"594","sWs;souse",0.257036560904161,3
"595","sO;soy",0.244555936788418,3
"596","spik;speak",0.220171202897525,3
"597","spid;speed",0.209502868559763,3
"598","stil;steal",0.221224671972439,3
"599","stim;steam",0.349106953179528,3
"600","stid;steed",0.282578381756244,3
"601","stip;steep",0.249607603190781,3
"602","s^k;suck",0.247808729442171,3
"603","su;sue",0.720647594149064,3
"604","sut;suit",0.758696875120022,3
"605","swit;suite",0.186426445359901,3
"606","s^p;sup",0.289996229442171,3
"607","sRi;surrey",0.185592233656873,3
"608","swid;swede",0.266315449564948,3
"609","swip;sweep",0.230477087474138,3
"610","ti;t",0.642310291744417,3
"611","tiC;teach",0.448788269673013,3
"612","tik;teak",0.671165108562305,3
"613","til;teal",0.70155608691802,3
"614","tim;team",0.726836043120982,3
"615","tiz;tease",0.691687851823643,3
"616","tiT;teeth",0.498262701491195,3
"617","tiD;teethe",1.25820298023565,3
"618","Di;thee",0.231501672191021,3
"619","Tim;theme",0.273534005965452,3
"620","Diz;these",0.28760304891413,3
"621","tYD;tithe",0.704984504132231,3
"622","vi;v",0.215412275196887,3
"623","vil;veal",0.246423798457035,3
"624","wi;we",0.255904161357629,3
"625","wik;weak",0.298839449521266,3
"626","wil;weal",0.288956081015504,3
"627","win;wean",0.283094047869387,3
"628","wid;weed",0.300427311536337,3
"629","wip;weep",0.302723351879581,3
"630","riT;wreath",0.488659640762463,3
"631","riD;wreathe",1.57703483686229,3
"632","rYD;writhe",0.685738636363636,3
"633","yi;ye",0.219896803460614,3
"634","yin;yean",0.241554375388037,3
"635","zi;z",0.215412275196887,3
"636","zil;zeal",0.246423798457035,3
"637","bi;b",0.383118305251005,4
"638","bid;bead",0.343589068677472,4
"639","bik;beak",0.40248751829447,4
"640","bim;beam",0.381267594584449,4
"641","bin;bean",0.371788608041984,4
"642","bit;beat",0.348226088821414,4
"643","briD;breathe",0.110269817484465,4
"644","si;c",1.77629417123914,4
"645","sizX;caesar",0.311133887212259,4
"646","ki;cay",0.371468414332138,4
"647","sis;cease",1.55303201420652,4
"648","sikM;cecum",0.0760802721715544,4
"649","sidX;cedar",0.193238013172213,4
"650","sid;cede",1.67900130635646,4
"651","sEl;cell",0.31933339906757,4
"652","Cip;cheap",0.341855815546714,4
"653","Cit;cheat",0.31579652366381,4
"654","Cik;cheek",0.36932781562909,4
"655","Ciz;cheese",0.357707492250282,4
"656","Sik;chic",0.662272214364297,4
"657","sYt;cite",0.759525964702924,4
"658","di;d",0.379089738515819,4
"659","dil;deal",0.393949952842385,4
"660","din;dean",0.367833361045485,4
"661","did;deed",0.339666251565393,4
"662","dim;deem",0.377417744712314,4
"663","dip;deep",0.370657129115212,4
"664","i;e",0.354443211636003,4
"665","iz;ease",0.363418282571489,4
"666","it;eat",0.318944125094668,4
"667","il;eel",0.36893102120351,4
"668","ik;eke",0.372866129532306,4
"669","fit;feat",0.320940002256612,4
"670","fiz;feaze",0.365289180306178,4
"671","fi;fee",0.356605728034286,4
"672","fid;feed",0.315687761123775,4
"673","fil;feel",0.371028733454328,4
"674","Ji;g",0.294512898375941,4
"675","gis;geese",0.228011485206114,4
"676","Jin;gene",0.278472254298454,4
"677","hi;he",0.345167761248048,4
"678","hil;heal",0.359742206803535,4
"679","hip;heap",0.33612548833443,4
"680","hit;heat",0.309891452961517,4
"681","hid;heed",0.304817694845454,4
"682","Ysi;icy",0.0587426491465631,4
"683","kil;keel",0.341909192964825,4
"684","kin;keen",0.314767997669481,4
"685","kip;keep",0.317696226450109,4
"686","nid;knead",0.342480334800586,4
"687","ni;knee",0.382291081956136,4
"688","nil;kneel",0.397045309279195,4
"689","li;lea",0.448663078235273,4
"690","lik;leak",0.507834346183203,4
"691","lil;leal",0.464433649506817,4
"692","lin;lean",0.439482115549247,4
"693","lip;leap",0.476835459250175,4
"694","lis;lease",0.416204123440915,4
"695","liz;lees",0.465297105664032,4
"696","lit;lied",0.45280911295862,4
"697","liJ;liege",0.285651349917452,4
"698","lYD;lithe",0.492378284093764,4
"699","mi;me",0.362065882247224,4
"700","mid;mead",0.323317728794822,4
"701","mil;meal",0.377110924689039,4
"702","min;mean",0.351277736002187,4
"703","mit;meat",0.327715216781616,4
"704","mik;meek",0.381976646254673,4
"705","nip;neap",0.373589972146643,4
"706","nit;neat",0.347203684856346,4
"707","nis;niece",0.339474731779581,4
"708","pi;p",0.413952730137415,4
"709","pis;peace",0.379887393794553,4
"710","pik;peak",0.477069755837959,4
"711","pil;peal",0.429616122184904,4
"712","piz;pease",0.429731653376812,4
"713","pit;peat",0.380671336053872,4
"714","pin;peen",0.404571319634377,4
"715","pip;peep",0.40731002588711,4
"716","sam;psalm",0.295716622004303,4
"717","riC;reach",0.484567132756644,4
"718","rid;read",0.666434667631238,4
"719","riL;real",0.429883267134506,4
"720","rim;ream",0.707144909573496,4
"721","rip;reap",0.698526414956797,4
"722","rif;reef",0.482505886719704,4
"723","rik;reek",0.727056663052678,4
"724","ril;reel",0.724116102251969,4
"725","riv;reeve",0.429883267134506,4
"726","s@k;sac",0.286649998287753,4
"727","s@d;sad",0.300977881170573,4
"728","seJ;sage",0.399854663040005,4
"729","sEd;said",0.358688136826313,4
"730","sel;sail",0.347569356706295,4
"731","sek;sake",0.369468113464514,4
"732","sem;same",0.348516461073963,4
"733","sen;sane",0.476618908895466,4
"734","s@p;sap",0.33402134808044,4
"735","s@t;sat",0.408446593393949,4
"736","set;sate",0.490610720089754,4
"737","scs;sauce",0.271305403228991,4
"738","sc;saw",0.387248517317222,4
"739","se;say",0.465384319665437,4
"740","sin;scene",1.67921056494452,4
"741","skim;scheme",0.209395452778482,4
"742","sYD;scythe",1.2587450746689,4
"743","sil;seal",1.51894543009602,4
"744","sim;seam",1.67837192410451,4
"745","simi;seamy",0.108505816319666,4
"746","sizN;season",0.215216288325913,4
"747","sit;seat",1.65328156827706,4
"748","sEJ;sedge",0.361958040079231,4
"749","sik;seek",1.74522340550774,4
"750","sip;seep",1.73849810782939,4
"751","sisc;seesaw",0.129512489989033,4
"752","siD;seethe",1.68372934450705,4
"753","siz;seize",1.68509055801596,4
"754","sEn;sen",0.448764119945589,4
"755","sipL;sepal",0.0761732758144233,4
"756","sXin;serene",0.0802820239362419,4
"757","sRJ;serge",0.299992239499367,4
"758","sEt;set",0.465054006190096,4
"759","so;sew",0.395290397155762,4
"760","suX;sewer",0.467645124456031,4
"761","son;sewn",0.404993793644025,4
"762","Si;she",0.652081965901742,4
"763","Sif;sheaf",0.402551789992854,4
"764","SiT;sheath",0.457910199575209,4
"765","SiD;sheathe",0.919679772678151,4
"766","SiDz;sheaths",0.138723201265142,4
"767","Sin;sheen",0.631350080793217,4
"768","Sip;sheep",0.634088787045951,4
"769","Sit;sheet",0.607450097212712,4
"770","sIk;sick",0.300557420602931,4
"771","sYd;side",0.640832940457526,4
"772","siJ;siege",1.23735675186796,4
"773","sY;sigh",0.731398198046912,4
"774","sYn;sign",0.739369088362864,4
"775","sIl;sill",0.278027583145685,4
"776","sIn;sin",0.406182251447248,4
"777","sIp;sip",0.348772520395618,4
"778","sR;sir",0.396470132231024,4
"779","sYr;sire",0.436188286820941,4
"780","sIt;sit",0.421588716677285,4
"781","sYz;size",0.53392919548604,4
"782","ski;ski",0.185667451506345,4
"783","slik;sleek",0.27474716986929,4
"784","slip;sleep",0.247190378273214,4
"785","slit;sleet",0.205705009132174,4
"786","smuD;smooth",0.16885392674834,4
"787","snik;sneak",0.250922699870333,4
"788","sniz;sneeze",0.170384926596635,4
"789","sok;soak",0.299392859215792,4
"790","sop;soap",0.347607959008479,4
"791","sak;sock",0.322153840653768,4
"792","sad;sod",0.338953046821812,4
"793","sOl;soil",0.197977778089164,4
"794","sol;sol",0.276892228489315,4
"795","s^m;some",0.267295550497564,4
"796","s^n;son",0.402878307344725,4
"797","sun;soon",0.771267810106402,4
"798","sUt;soot",0.315109651167861,4
"799","suT;sooth",0.467645124456031,4
"800","suD;soothe",0.949312944625885,4
"801","sap;sop",0.370368940446455,4
"802","sat;sot",0.444018656986368,4
"803","sW;sough",0.369145621172998,4
"804","sct;sought",0.413103131236108,4
"805","sup;soup",0.70946199908414,4
"806","sWs;souse",0.232756666932345,4
"807","sO;soy",0.319572865411159,4
"808","spik;speak",0.247600627468629,4
"809","spid;speed",0.215407000199875,4
"810","stil;steal",0.241724672947073,4
"811","stim;steam",0.362335131305059,4
"812","stid;steed",0.317462747571063,4
"813","stip;steep",0.292162768671092,4
"814","s^k;suck",0.297627519581857,4
"815","su;sue",0.763697352351508,4
"816","sut;suit",0.792188344376621,4
"817","swit;suite",0.188136966113196,4
"818","s^p;sup",0.344998869374544,4
"819","sRi;surrey",0.198549999863192,4
"820","swid;swede",0.284478967410192,4
"821","swip;sweep",0.257467509445465,4
"822","ti;t",0.666559890137931,4
"823","tiC;teach",0.416287665655745,4
"824","tik;teak",0.676129339794066,4
"825","til;teal",0.720258884467837,4
"826","tim;team",0.704362679426878,4
"827","tiz;tease",0.662941788524751,4
"828","tiT;teeth",0.470042883876035,4
"829","tiD;teethe",0.921276368117639,4
"830","Di;thee",0.307715484139064,4
"831","Tim;theme",0.27266978903121,4
"832","Diz;these",0.304675769778928,4
"833","tYD;tithe",0.621335464914698,4
"834","vi;v",0.289298758675534,4
"835","vil;veal",0.302344210216587,4
"836","wi;we",0.363697393649991,4
"837","wik;weak",0.383659638592354,4
"838","wil;weal",0.378762757513482,4
"839","win;wean",0.352960728339867,4
"840","wid;weed",0.366789014428757,4
"841","wip;weep",0.392112069347231,4
"842","riT;wreath",0.536004562890134,4
"843","riD;wreathe",1.14687074986874,4
"844","rYD;writhe",0.615419408396411,4
"845","yi;ye",0.294512898375941,4
"846","yin;yean",0.278472254298454,4
"847","zi;z",0.289298758675534,4
"848","zil;zeal",0.302344210216587,4
"849","bi;b",0.468116016077154,5
"850","bid;bead",0.380029423695981,5
"851","bik;beak",0.454169907790806,5
"852","bim;beam",0.387156507110152,5
"853","bin;bean",0.415928844096407,5
"854","bit;beat",0.398046461299687,5
"855","briD;breathe",0.0798392267405708,5
"856","si;c",1.57542526147857,5
"857","sizX;caesar",0.283853347223308,5
"858","ki;cay",0.444957262022585,5
"859","sis;cease",1.19661361608231,5
"860","sikM;cecum",0.0582758035060899,5
"861","sidX;cedar",0.168630677692781,5
"862","sid;cede",1.43332304856827,5
"863","sEl;cell",0.345460884947958,5
"864","Cip;cheap",0.383750527630296,5
"865","Cit;cheat",0.35571452553846,5
"866","Cik;cheek",0.410864304774222,5
"867","Ciz;cheese",0.367863560980869,5
"868","Sik;chic",0.641895190785645,5
"869","sYt;cite",0.780430628868984,5
"870","di;d",0.462872816576893,5
"871","dil;deal",0.458130337974964,5
"872","din;dean",0.410852327073797,5
"873","did;deed",0.375024679314675,5
"874","dim;deem",0.382308873137383,5
"875","dip;deep",0.421480501080142,5
"876","i;e",0.432943281609015,5
"877","iz;ease",0.377215482087728,5
"878","it;eat",0.362609796099616,5
"879","il;eel",0.42792404144499,5
"880","ik;eke",0.418277842481978,5
"881","fit;feat",0.362734119684668,5
"882","fiz;feaze",0.377277773605979,5
"883","fi;fee",0.433163948735806,5
"884","fid;feed",0.344352850778436,5
"885","fil;feel",0.428105390091812,5
"886","Ji;g",0.357629391859206,5
"887","gis;geese",0.196697227522882,5
"888","Jin;gene",0.301935621325739,5
"889","hi;he",0.422118994230293,5
"890","hil;heal",0.417268398618776,5
"891","hip;heap",0.380501539729708,5
"892","hit;heat",0.352212801048635,5
"893","hid;heed",0.334059362619317,5
"894","Ysi;icy",0.0458408837675369,5
"895","kil;keel",0.39584206558285,5
"896","kin;keen",0.347898911805052,5
"897","kip;keep",0.358470936988921,5
"898","nid;knead",0.374301224763245,5
"899","ni;knee",0.462327190418663,5
"900","nil;kneel",0.457531408743786,5
"901","li;lea",0.545443323688202,5
"902","lik;leak",0.577955494614419,5
"903","lil;leal",0.541507735934919,5
"904","lin;lean",0.495215564886244,5
"905","lip;leap",0.545488431306809,5
"906","lis;lease",0.416682143434144,5
"907","liz;lees",0.496175604273348,5
"908","lit;lied",0.516272039206581,5
"909","liJ;liege",0.286535091544621,5
"910","lYD;lithe",0.430495908286377,5
"911","mi;me",0.445288272373181,5
"912","mid;mead",0.358439008280218,5
"913","mil;meal",0.440827251139213,5
"914","min;mean",0.393968979202877,5
"915","mit;meat",0.376086596406157,5
"916","mik;meek",0.432210042897276,5
"917","nip;neap",0.420806623638667,5
"918","nit;neat",0.392296066835603,5
"919","nis;niece",0.325923085255849,5
"920","pi;p",0.509945645616889,5
"921","pis;peace",0.380034360550503,5
"922","pik;peak",0.545355383006739,5
"923","pil;peal",0.505917524212831,5
"924","piz;pease",0.459920162423984,5
"925","pit;peat",0.441339351828548,5
"926","pin;peen",0.459552396870971,5
"927","pip;peep",0.470220936201929,5
"928","sam;psalm",0.304377331747372,5
"929","riC;reach",0.488214425623854,5
"930","rid;read",0.685373401805254,5
"931","riL;real",0.436870584404261,5
"932","rim;ream",0.695644030414809,5
"933","rip;reap",0.733163543703925,5
"934","rif;reef",0.486631662411107,5
"935","rik;reek",0.761619238716593,5
"936","ril;reel",0.77144445561874,5
"937","riv;reeve",0.436870584404261,5
"938","s@k;sac",0.322527792891351,5
"939","s@d;sad",0.314924725271896,5
"940","seJ;sage",0.398113084565737,5
"941","sEd;said",0.373723775597881,5
"942","sel;sail",0.390875460393174,5
"943","sek;sake",0.424657215802904,5
"944","sem;same",0.370111324788374,5
"945","sen;sane",0.534041858243971,5
"946","s@p;sap",0.365587295658358,5
"947","s@t;sat",0.468080019115541,5
"948","set;sate",0.570627963139447,5
"949","scs;sauce",0.243260854772615,5
"950","sc;saw",0.433766322547971,5
"951","se;say",0.545089693747428,5
"952","sin;scene",1.41977719931756,5
"953","skim;scheme",0.185725661184992,5
"954","sYD;scythe",1.0770272605688,5
"955","sil;seal",1.29752043076203,5
"956","sim;seam",1.35950485359365,5
"957","simi;seamy",0.079511251254424,5
"958","sizN;season",0.183797317824195,5
"959","sit;seat",1.45084604840183,5
"960","sEJ;sedge",0.34562014477518,5
"961","sik;seek",1.49878397642765,5
"962","sip;seep",1.49569244944914,5
"963","sisc;seesaw",0.0906028497092295,5
"964","siD;seethe",1.21500161201813,5
"965","siz;seize",1.38331761851059,5
"966","sEn;sen",0.488216352505463,5
"967","sipL;sepal",0.0580898532926181,5
"968","sXin;serene",0.0601416337194886,5
"969","sRJ;serge",0.271119619531927,5
"970","sEt;set",0.526954199484792,5
"971","so;sew",0.463988186808752,5
"972","suX;sewer",0.415073819741127,5
"973","son;sewn",0.451967340488678,5
"974","Si;she",0.661616903849574,5
"975","Sif;sheaf",0.358459846333586,5
"976","SiT;sheath",0.411218619944885,5
"977","SiD;sheathe",0.704485498903568,5
"978","SiDz;sheaths",0.0891188469819992,5
"979","Sin;sheen",0.603222043789556,5
"980","Sip;sheep",0.613890583120515,5
"981","Sit;sheet",0.585008998747134,5
"982","sIk;sick",0.344412871239272,5
"983","sYd;side",0.618073413597046,5
"984","siJ;siege",0.942563932888555,5
"985","sY;sigh",0.752670267844043,5
"986","sYn;sign",0.739117052732411,5
"987","sIl;sill",0.310517595462201,5
"988","sIn;sin",0.451852236695594,5
"989","sIp;sip",0.388352301002133,5
"990","sR;sir",0.437687828948555,5
"991","sYr;sire",0.416707170328625,5
"992","sIt;sit",0.489552070311185,5
"993","sYz;size",0.492196987626568,5
"994","ski;ski",0.181222184938047,5
"995","slik;sleek",0.277328983210809,5
"996","slip;sleep",0.258462025186753,5
"997","slit;sleet",0.209139347336947,5
"998","smuD;smooth",0.111816687137423,5
"999","snik;sneak",0.2382134516692,5
"1000","sniz;sneeze",0.142431622958414,5
"1001","sok;soak",0.344545510810395,5
"1002","sop;soap",0.388484940573256,5
"1003","sak;sock",0.36324242996182,5
"1004","sad;sod",0.357674063097113,5
"1005","sOl;soil",0.211716293954178,5
"1006","sol;sol",0.310670605587989,5
"1007","s^m;some",0.268784265879686,5
"1008","s^n;son",0.437423495235801,5
"1009","sun;soon",0.737829670113454,5
"1010","sUt;soot",0.357104563493371,5
"1011","suT;sooth",0.415073819741127,5
"1012","suD;soothe",0.788122619047956,5
"1013","sap;sop",0.407181859724682,5
"1014","sat;sot",0.509246652625912,5
"1015","sW;sough",0.404877774626843,5
"1016","sct;sought",0.460511611800918,5
"1017","sup;soup",0.670574621184256,5
"1018","sWs;souse",0.198885545247383,5
"1019","sO;soy",0.364747441260515,5
"1020","spik;speak",0.245417584823886,5
"1021","spid;speed",0.212366780423411,5
"1022","stil;steal",0.24353011632203,5
"1023","stim;steam",0.351430657267473,5
"1024","stid;steed",0.320536531252385,5
"1025","stip;steep",0.300867608697978,5
"1026","s^k;suck",0.330648274601373,5
"1027","su;sue",0.751686926158168,5
"1028","sut;suit",0.779716872569766,5
"1029","swit;suite",0.183631113891252,5
"1030","s^p;sup",0.37370777736838,5
"1031","sRi;surrey",0.191277710438806,5
"1032","swid;swede",0.285030831710527,5
"1033","swip;sweep",0.264181215085148,5
"1034","ti;t",0.687859735995036,5
"1035","tiC;teach",0.384294245557671,5
"1036","tik;teak",0.667651128549966,5
"1037","til;teal",0.727227298148601,5
"1038","tim;team",0.654326013890842,5
"1039","tiz;tease",0.624098105603605,5
"1040","tiT;teeth",0.435842801781651,5
"1041","tiD;teethe",0.745170946109628,5
"1042","Di;thee",0.369816195360727,5
"1043","Tim;theme",0.255401593750865,5
"1044","Diz;these",0.303955409448962,5
"1045","tYD;tithe",0.526681789382235,5
"1046","vi;v",0.352711522533407,5
"1047","vil;veal",0.346567195149134,5
"1048","wi;we",0.449256935164353,5
"1049","wik;weak",0.436109578202504,5
"1050","wil;weal",0.444769140148165,5
"1051","win;wean",0.397868514508105,5
"1052","wid;weed",0.406999659678532,5
"1053","wip;weep",0.449331103992621,5
"1054","riT;wreath",0.538767174150294,5
"1055","riD;wreathe",0.961492244228326,5
"1056","rYD;writhe",0.520856384047702,5
"1057","yi;ye",0.357629391859206,5
"1058","yin;yean",0.301935621325739,5
"1059","zi;z",0.352711522533407,5
"1060","zil;zeal",0.346567195149134,5
"1061","bi;b",0.532244577022147,6
"1062","bid;bead",0.403036025931784,6
"1063","bik;beak",0.4829193064083,6
"1064","bim;beam",0.382466004271617,6
"1065","bin;bean",0.442938968886568,6
"1066","bit;beat",0.431078948293044,6
"1067","briD;breathe",0.0656734573277567,6
"1068","si;c",1.48980104955034,6
"1069","sizX;caesar",0.243568198916767,6
"1070","ki;cay",0.503434824260816,6
"1071","sis;cease",0.984599358451384,6
"1072","sikM;cecum",0.0493406635372183,6
"1073","sidX;cedar",0.149796506888546,6
"1074","sid;cede",1.29240317820382,6
"1075","sEl;cell",0.360980239556709,6
"1076","Cip;cheap",0.409292503011507,6
"1077","Cit;cheat",0.382544345419392,6
"1078","Cik;cheek",0.433386027109248,6
"1079","Ciz;cheese",0.368398483482278,6
"1080","Sik;chic",0.624962390958495,6
"1081","sYt;cite",0.783083679924132,6
"1082","di;d",0.526694824031552,6
"1083","dil;deal",0.50425169792739,6
"1084","din;dean",0.437604728834257,6
"1085","did;deed",0.397792745707533,6
"1086","dim;deem",0.377418044596676,6
"1087","dip;deep",0.453000962469551,6
"1088","i;e",0.494550249576823,6
"1089","iz;ease",0.381247562625202,6
"1090","it;eat",0.393290009288011,6
"1091","il;eel",0.471886667672555,6
"1092","ik;eke",0.444662320722165,6
"1093","fit;feat",0.392254814653248,6
"1094","fiz;feaze",0.380211956087161,6
"1095","fi;fee",0.493522619174068,6
"1096","fid;feed",0.364013668814062,6
"1097","fil;feel",0.470855025140222,6
"1098","Ji;g",0.410034454022859,6
"1099","gis;geese",0.174437593248227,6
"1100","Jin;gene",0.31812751295071,6
"1101","hi;he",0.484472362893624,6
"1102","hil;heal",0.462005586214424,6
"1103","hip;heap",0.410724200519613,6
"1104","hit;heat",0.383705984831337,6
"1105","hid;heed",0.35567890429622,6
"1106","Ysi;icy",0.0400311567600216,6
"1107","kil;keel",0.437449331999245,6
"1108","kin;keen",0.370378377114325,6
"1109","kip;keep",0.38558055787652,6
"1110","nid;knead",0.394751466329126,6
"1111","ni;knee",0.523613858039867,6
"1112","nil;kneel",0.501179441114816,6
"1113","li;lea",0.616430962674736,6
"1114","lik;leak",0.614223872356626,6
"1115","lil;leal",0.59470180050044,6
"1116","lin;lean",0.528837495055099,6
"1117","lip;leap",0.586086587692252,6
"1118","lis;lease",0.41133069980521,6
"1119","liz;lees",0.508298209756204,6
"1120","lit;lied",0.556982130585273,6
"1121","liJ;liege",0.289693896261644,6
"1122","lYD;lithe",0.36686609207873,6
"1123","mi;me",0.511444770643434,6
"1124","mid;mead",0.383562875443898,6
"1125","mil;meal",0.489292848361269,6
"1126","min;mean",0.423074615103638,6
"1127","mit;meat",0.411214594510114,6
"1128","mik;meek",0.46305495262537,6
"1129","nip;neap",0.449945335464918,6
"1130","nit;neat",0.422689081236101,6
"1131","nis;niece",0.313487674218505,6
"1132","pi;p",0.58134283614418,6
"1133","pis;peace",0.375397069104883,6
"1134","pik;peak",0.581174086009288,6
"1135","pil;peal",0.559499865394934,6
"1136","piz;pease",0.472497412662685,6
"1137","pit;peat",0.481439979861625,6
"1138","pin;peen",0.49355051255201,6
"1139","pip;peep",0.509096553553719,6
"1140","sam;psalm",0.308214668842237,6
"1141","riC;reach",0.480805345138775,6
"1142","rid;read",0.690788047819159,6
"1143","riL;real",0.433064322437146,6
"1144","rim;ream",0.672661149823509,6
"1145","rip;reap",0.747333483912331,6
"1146","rif;reef",0.477870197713107,6
"1147","rik;reek",0.772754402542657,6
"1148","ril;reel",0.799697872996865,6
"1149","riv;reeve",0.433064322437146,6
"1150","s@k;sac",0.347533107022307,6
"1151","s@d;sad",0.321096281845023,6
"1152","seJ;sage",0.396695981601573,6
"1153","sEd;said",0.376914456782118,6
"1154","sel;sail",0.420102865591114,6
"1155","sek;sake",0.461048931767692,6
"1156","sem;same",0.381971714252189,6
"1157","sen;sane",0.562909967645247,6
"1158","s@p;sap",0.382056754729528,6
"1159","s@t;sat",0.503779133181601,6
"1160","set;sate",0.618266481120984,6
"1161","scs;sauce",0.220539621668621,6
"1162","sc;saw",0.454139313019997,6
"1163","se;say",0.588719481792745,6
"1164","sin;scene",1.28579546389305,6
"1165","skim;scheme",0.167678263966694,6
"1166","sYD;scythe",0.947500268390431,6
"1167","sil;seal",1.19999947635382,6
"1168","sim;seam",1.16868479883339,6
"1169","simi;seamy",0.0635672327724552,6
"1170","sizN;season",0.160126002161209,6
"1171","sit;seat",1.35751931232428,6
"1172","sEJ;sedge",0.332745122548327,6
"1173","sik;seek",1.37261324950487,6
"1174","sip;seep",1.37025332791576,6
"1175","sisc;seesaw",0.0688909657750383,6
"1176","siD;seethe",0.98601947503107,6
"1177","siz;seize",1.19510707946411,6
"1178","sEn;sen",0.502931295301192,6
"1179","sipL;sepal",0.0492323145068174,6
"1180","sXin;serene",0.0500762143852524,6
"1181","sRJ;serge",0.25034337159399,6
"1182","sEt;set",0.5599611406991,6
"1183","so;sew",0.503008386580496,6
"1184","suX;sewer",0.379060072373632,6
"1185","son;sewn",0.476602803963334,6
"1186","Si;she",0.677328955655647,6
"1187","Sif;sheaf",0.327630221214019,6
"1188","SiT;sheath",0.37628746969899,6
"1189","SiD;sheathe",0.572313348280287,6
"1190","SiDz;sheaths",0.0665516073357646,6
"1191","Sin;sheen",0.584444721262852,6
"1192","Sip;sheep",0.599990762264561,6
"1193","Sit;sheet",0.572334188572467,6
"1194","sIk;sick",0.375687444414009,6
"1195","sYd;side",0.592647738235548,6
"1196","siJ;siege",0.789038473325571,6
"1197","sY;sigh",0.751801860364866,6
"1198","sYn;sign",0.724035712282661,6
"1199","sIl;sill",0.334883680534319,6
"1200","sIn;sin",0.475654487427217,6
"1201","sIp;sip",0.411001888016902,6
"1202","sR;sir",0.453605629340931,6
"1203","sYr;sire",0.395081631957012,6
"1204","sIt;sit",0.531808796157887,6
"1205","sYz;size",0.458444485610195,6
"1206","ski;ski",0.170527267164044,6
"1207","slik;sleek",0.272810398918801,6
"1208","slip;sleep",0.259110210959452,6
"1209","slit;sleet",0.207859623061,6
"1210","smuD;smooth",0.0899939306185379,6
"1211","snik;sneak",0.217203171434736,6
"1212","sniz;sneeze",0.124431455133208,6
"1213","sok;soak",0.376632474571268,6
"1214","sop;soap",0.411946918174161,6
"1215","sak;sock",0.390284943832404,6
"1216","sad;sod",0.365433646989946,6
"1217","sOl;soil",0.223961949597864,6
"1218","sol;sol",0.335824020844689,6
"1219","s^m;some",0.268443614849535,6
"1220","s^n;son",0.451673780791751,6
"1221","sun;soon",0.707981999886021,6
"1222","sUt;soot",0.382775302028069,6
"1223","suT;sooth",0.379060072373632,6
"1224","suD;soothe",0.656913034688745,6
"1225","sap;sop",0.425599387435296,6
"1226","sat;sot",0.547155176338904,6
"1227","sW;sough",0.417055398261182,6
"1228","sct;sought",0.484920901777605,6
"1229","sup;soup",0.640492684487531,6
"1230","sWs;souse",0.174940705115376,6
"1231","sO;soy",0.389147178780094,6
"1232","spik;speak",0.238302510521794,6
"1233","spid;speed",0.204024382707353,6
"1234","stil;steal",0.237698386856277,6
"1235","stim;steam",0.328822406929143,6
"1236","stid;steed",0.312048399262144,6
"1237","stip;steep",0.296537075304082,6
"1238","s^k;suck",0.352434586392146,6
"1239","su;sue",0.735726728728851,6
"1240","sut;suit",0.766994727937362,6
"1241","swit;suite",0.179195046040428,6
"1242","s^p;sup",0.386958234099367,6
"1243","sRi;surrey",0.183543267159326,6
"1244","swid;swede",0.279251970131235,6
"1245","swip;sweep",0.263087395750476,6
"1246","ti;t",0.708833498391156,6
"1247","tiC;teach",0.358206533467469,6
"1248","tik;teak",0.65558062887767,6
"1249","til;teal",0.731839275358039,6
"1250","tim;team",0.608492022174163,6
"1251","tiz;tease",0.590315682002511,6
"1252","tiT;teeth",0.404594794950749,6
"1253","tiD;teethe",0.638790458129814,6
"1254","Di;thee",0.420167024733458,6
"1255","Tim;theme",0.237446286338632,6
"1256","Diz;these",0.298799828189158,6
"1257","tYD;tithe",0.44809858201765,6
"1258","vi;v",0.405865826941118,6
"1259","vil;veal",0.382286220728736,6
"1260","wi;we",0.516399941103112,6
"1261","wik;weak",0.467845857100875,6
"1262","wil;weal",0.494182490327136,6
"1263","win;wean",0.427865519579143,6
"1264","wid;weed",0.43334394938007,6
"1265","wip;weep",0.485442230447589,6
"1266","riT;wreath",0.526870938119515,6
"1267","riD;wreathe",0.843155392107492,6
"1268","rYD;writhe",0.445547760383742,6
"1269","yi;ye",0.410034454022859,6
"1270","yin;yean",0.31812751295071,6
"1271","zi;z",0.405865826941118,6
"1272","zil;zeal",0.382286220728736,6
"1273","bi;b",0.582006892746443,7
"1274","bid;bead",0.417845813098146,7
"1275","bik;beak",0.498898516881343,7
"1276","bim;beam",0.375396117644485,7
"1277","bin;bean",0.460712897340643,7
"1278","bit;beat",0.4538466097588,7
"1279","briD;breathe",0.0571566692592252,7
"1280","si;c",1.45490933045304,7
"1281","sizX;caesar",0.212712693123962,7
"1282","ki;cay",0.549480486255206,7
"1283","sis;cease",0.863388408360761,7
"1284","sikM;cecum",0.0447841284361212,7
"1285","sidX;cedar",0.131130216304012,7
"1286","sid;cede",1.20989652122661,7
"1287","sEl;cell",0.371073690462459,7
"1288","Cip;cheap",0.42504318028226,7
"1289","Cit;cheat",0.401166300724001,7
"1290","Cik;cheek",0.445299565713086,7
"1291","Ciz;cheese",0.365291520209511,7
"1292","Sik;chic",0.612101348341357,7
"1293","sYt;cite",0.776326451002768,7
"1294","di;d",0.576757483807762,7
"1295","dil;deal",0.538648495814059,7
"1296","din;dean",0.455690820007151,7
"1297","did;deed",0.412918715587618,7
"1298","dim;deem",0.370671192283943,7
"1299","dip;deep",0.473185062190996,7
"1300","i;e",0.543747832542049,7
"1301","iz;ease",0.381410485662584,7
"1302","it;eat",0.415550982675549,7
"1303","il;eel",0.505442953002833,7
"1304","ik;eke",0.460171916633708,7
"1305","fit;feat",0.414051248699875,7
"1306","fiz;feaze",0.379947076931584,7
"1307","fi;fee",0.542199837387669,7
"1308","fid;feed",0.377936855664082,7
"1309","fil;feel",0.503913642037594,7
"1310","Ji;g",0.453478104285113,7
"1311","gis;geese",0.159586602808669,7
"1312","Jin;gene",0.330210868369466,7
"1313","hi;he",0.535343350252262,7
"1314","hil;heal",0.497221705016376,7
"1315","hip;heap",0.431737269789882,7
"1316","hit;heat",0.407603563959284,7
"1317","hid;heed",0.371661656868757,7
"1318","Ysi;icy",0.0375236392908848,7
"1319","kil;keel",0.470072202517852,7
"1320","kin;keen",0.386848486760507,7
"1321","kip;keep",0.404065954356973,7
"1322","nid;knead",0.408861917199488,7
"1323","ni;knee",0.572516735614289,7
"1324","nil;kneel",0.534458555369446,7
"1325","li;lea",0.67050167507274,7
"1326","lik;leak",0.633809430135807,7
"1327","lil;leal",0.633034271718363,7
"1328","lin;lean",0.550669886783923,7
"1329","lip;leap",0.610423251535403,7
"1330","lis;lease",0.406490606652238,7
"1331","liz;lees",0.512284288704586,7
"1332","lit;lied",0.583912615839007,7
"1333","liJ;liege",0.293008148077335,7
"1334","lYD;lithe",0.315279785480131,7
"1335","mi;me",0.564572181981787,7
"1336","mid;mead",0.401612239363832,7
"1337","mil;meal",0.526715986100635,7
"1338","min;mean",0.44412764335553,7
"1339","mit;meat",0.437261355773688,7
"1340","mik;meek",0.482313262896231,7
"1341","nip;neap",0.469072404059173,7
"1342","nit;neat",0.444711874293486,7
"1343","nis;niece",0.305307631348646,7
"1344","pi;p",0.635770393848056,7
"1345","pis;peace",0.371126463152032,7
"1346","pik;peak",0.600507790876098,7
"1347","pil;peal",0.598172592836308,7
"1348","piz;pease",0.47690855273075,7
"1349","pit;peat",0.508692624815788,7
"1350","pin;peen",0.51572487438191,7
"1351","pip;peep",0.533435593938451,7
"1352","sam;psalm",0.309515862063422,7
"1353","riC;reach",0.468825158683274,7
"1354","rid;read",0.688564577400679,7
"1355","riL;real",0.424115651526396,7
"1356","rim;ream",0.647757553679516,7
"1357","rip;reap",0.75006455710382,7
"1358","rif;reef",0.465331957237931,7
"1359","rik;reek",0.771501825724708,7
"1360","ril;reel",0.816333127158409,7
"1361","riv;reeve",0.424115651526396,7
"1362","s@k;sac",0.364532857087374,7
"1363","s@d;sad",0.32278461340399,7
"1364","seJ;sage",0.395916054485861,7
"1365","sEd;said",0.375299945394525,7
"1366","sel;sail",0.439970438371073,7
"1367","sek;sake",0.484937915814823,7
"1368","sem;same",0.388434398629889,7
"1369","sen;sane",0.576805939697744,7
"1370","s@p;sap",0.390909889232279,7
"1371","s@t;sat",0.524318554167262,7
"1372","set;sate",0.645846375817525,7
"1373","scs;sauce",0.204314026304921,7
"1374","sc;saw",0.46087469991102,7
"1375","se;say",0.610946412216849,7
"1376","sin;scene",1.21455770539024,7
"1377","skim;scheme",0.152269655227498,7
"1378","sYD;scythe",0.844019273814904,7
"1379","sil;seal",1.1586906903124,7
"1380","sim;seam",1.05549485734364,7
"1381","simi;seamy",0.0541665559567932,7
"1382","sizN;season",0.137973804051046,7
"1383","sit;seat",1.31221830866278,7
"1384","sEJ;sedge",0.323764590716046,7
"1385","sik;seek",1.30394528433709,7
"1386","sip;seep",1.30258713408716,7
"1387","sisc;seesaw",0.056119064500073,7
"1388","siD;seethe",0.853923650481908,7
"1389","siz;seize",1.07646942153012,7
"1390","sEn;sen",0.506919061604442,7
"1391","sipL;sepal",0.0447047796804943,7
"1392","sXin;serene",0.0449116185938269,7
"1393","sRJ;serge",0.236949501226836,7
"1394","sEt;set",0.577142195817602,7
"1395","so;sew",0.523161077362101,7
"1396","suX;sewer",0.350823813304163,7
"1397","son;sewn",0.48867158157722,7
"1398","Si;she",0.696622263912139,7
"1399","Sif;sheaf",0.306791417259486,7
"1400","SiT;sheath",0.351763124156718,7
"1401","SiD;sheathe",0.50040806099026,7
"1402","SiDz;sheaths",0.0534807983201454,7
"1403","Sin;sheen",0.573354461283726,7
"1404","Sip;sheep",0.591065180840266,7
"1405","Sit;sheet",0.566322211717603,7
"1406","sIk;sick",0.39723006875576,7
"1407","sYd;side",0.568311395267129,7
"1408","siJ;siege",0.705935460150953,7
"1409","sY;sigh",0.740063334847522,7
"1410","sYn;sign",0.704385214834533,7
"1411","sIl;sill",0.352510590942749,7
"1412","sIn;sin",0.487482103047201,7
"1413","sIp;sip",0.424234310183155,7
"1414","sR;sir",0.457931643687479,7
"1415","sYr;sire",0.37475276100665,7
"1416","sIt;sit",0.557052222878007,7
"1417","sYz;size",0.430299172889819,7
"1418","ski;ski",0.162769025624631,7
"1419","slik;sleek",0.264272346242282,7
"1420","slip;sleep",0.255734528231848,7
"1421","slit;sleet",0.20545653388641,7
"1422","smuD;smooth",0.0746906965307283,7
"1423","snik;sneak",0.20138054576756,7
"1424","sniz;sneeze",0.110204603246032,7
"1425","sok;soak",0.398404292289134,7
"1426","sop;soap",0.425408533716528,7
"1427","sak;sock",0.408085592580138,7
"1428","sad;sod",0.367585614974447,7
"1429","sOl;soil",0.233690454045429,7
"1430","sol;sol",0.353666382857666,7
"1431","s^m;some",0.267068888189845,7
"1432","s^n;son",0.456448461710019,7
"1433","sun;soon",0.680272639629671,7
"1434","sUt;soot",0.39748128199675,7
"1435","suT;sooth",0.350823813304163,7
"1436","suD;soothe",0.583757699181971,7
"1437","sap;sop",0.435089834007533,7
"1438","sat;sot",0.568485301264279,7
"1439","sW;sough",0.419518756930916,7
"1440","sct;sought",0.496791978712673,7
"1441","sup;soup",0.614841518574107,7
"1442","sWs;souse",0.158050993135665,7
"1443","sO;soy",0.400630837835983,7
"1444","spik;speak",0.228436776954833,7
"1445","spid;speed",0.195072051513792,7
"1446","stil;steal",0.229158594831187,7
"1447","stim;steam",0.307195454147437,7
"1448","stid;steed",0.298667859464295,7
"1449","stip;steep",0.286681227329533,7
"1450","s^k;suck",0.366872944868638,7
"1451","su;sue",0.715792598641181,7
"1452","sut;suit",0.751918204360847,7
"1453","swit;suite",0.1748653722964,7
"1454","s^p;sup",0.393249977013542,7
"1455","sRi;surrey",0.176129798970327,7
"1456","swid;swede",0.271357868990685,7
"1457","swip;sweep",0.258950187085849,7
"1458","ti;t",0.728977786353355,7
"1459","tiC;teach",0.338122757026677,7
"1460","tik;teak",0.643394636304102,7
"1461","til;teal",0.735909269855768,7
"1462","tim;team",0.570607309646245,7
"1463","tiz;tease",0.563179970426282,7
"1464","tiT;teeth",0.380405786876165,7
"1465","tiD;teethe",0.568576829050786,7
"1466","Di;thee",0.461597763455721,7
"1467","Tim;theme",0.222430065466871,7
"1468","Diz;these",0.29295206390955,7
"1469","tYD;tithe",0.384905354990655,7
"1470","vi;v",0.450167261407515,7
"1471","vil;veal",0.411072344242034,7
"1472","wi;we",0.569617046403756,7
"1473","wik;weak",0.48715458813174,7
"1474","wil;weal",0.531678864383369,7
"1475","win;wean",0.448968968591039,7
"1476","wid;weed",0.450808340798267,7
"1477","wip;weep",0.508723527321149,7
"1478","riT;wreath",0.511045008219986,7
"1479","riD;wreathe",0.767419488571698,7
"1480","rYD;writhe",0.383548857374358,7
"1481","yi;ye",0.453478104285113,7
"1482","yin;yean",0.330210868369466,7
"1483","zi;z",0.450167261407515,7
"1484","zil;zeal",0.411072344242034,7
"1485","bi;b",0.621506949621028,8
"1486","bid;bead",0.427806863251817,8
"1487","bik;beak",0.507919459544867,8
"1488","bim;beam",0.368995253382601,8
"1489","bin;bean",0.473350993511783,8
"1490","bit;beat",0.47015277864718,8
"1491","briD;breathe",0.0517608362402244,8
"1492","si;c",1.44316658127681,8
"1493","sizX;caesar",0.186405463898405,8
"1494","ki;cay",0.587293646826315,8
"1495","sis;cease",0.792105025936765,8
"1496","sikM;cecum",0.0423348888404954,8
"1497","sidX;cedar",0.117256713608477,8
"1498","sid;cede",1.15629289333838,8
"1499","sEl;cell",0.377694936920005,8
"1500","Cip;cheap",0.434878650363168,8
"1501","Cit;cheat",0.41440892209757,8
"1502","Cik;cheek",0.451379207868897,8
"1503","Ciz;cheese",0.361443976464046,8
"1504","Sik;chic",0.603745833353917,8
"1505","sYt;cite",0.764082994665662,8
"1506","di;d",0.616861070590233,8
"1507","dil;deal",0.564998087239791,8
"1508","din;dean",0.468919673613282,8
"1509","did;deed",0.42346460555705,8
"1510","dim;deem",0.364841485966273,8
"1511","dip;deep",0.486622317940435,8
"1512","i;e",0.583465009971552,8
"1513","iz;ease",0.380511097238322,8
"1514","it;eat",0.4320808855009,8
"1515","il;eel",0.531418916479576,8
"1516","ik;eke",0.469473720713662,8
"1517","fit;feat",0.430530581328593,8
"1518","fiz;feaze",0.379011069534008,8
"1519","fi;fee",0.58184371089064,8
"1520","fid;feed",0.388111919443455,8
"1521","fil;feel",0.529825762765107,8
"1522","Ji;g",0.489444045531713,8
"1523","gis;geese",0.150510531772399,8
"1524","Jin;gene",0.339754525363742,8
"1525","hi;he",0.576886783803422,8
"1526","hil;heal",0.52499349908035,8
"1527","hip;heap",0.44658107254262,8
"1528","hit;heat",0.425882537207853,8
"1529","hid;heed",0.383593415698466,8
"1530","Ysi;icy",0.036487823864282,8
"1531","kil;keel",0.495755161898238,8
"1532","kin;keen",0.399511899405822,8
"1533","kip;keep",0.41690221828448,8
"1534","nid;knead",0.419240227406062,8
"1535","ni;knee",0.61238847155389,8
"1536","nil;kneel",0.560595626063438,8
"1537","li;lea",0.712951392894178,8
"1538","lik;leak",0.644340067181853,8
"1539","lil;leal",0.661670516890013,8
"1540","lin;lean",0.566031197715635,8
"1541","lip;leap",0.625656660076692,8
"1542","lis;lease",0.403895374895045,8
"1543","liz;lees",0.513278874203771,8
"1544","lit;lied",0.602751057492839,8
"1545","liJ;liege",0.296117175713231,8
"1546","lYD;lithe",0.273486298733179,8
"1547","mi;me",0.607500551859544,8
"1548","mid;mead",0.414803849162289,8
"1549","mil;meal",0.555839663692183,8
"1550","min;mean",0.460055316281408,8
"1551","mit;meat",0.456857101416805,8
"1552","mik;meek",0.494623782314491,8
"1553","nip;neap",0.482324162244847,8
"1554","nit;neat",0.461423303053091,8
"1555","nis;niece",0.301311025532358,8
"1556","pi;p",0.678408061952976,8
"1557","pis;peace",0.368888685465957,8
"1558","pik;peak",0.610767914793924,8
"1559","pil;peal",0.626992044416095,8
"1560","piz;pease",0.478184520130933,8
"1561","pit;peat",0.527989266344176,8
"1562","pin;peen",0.531283440786498,8
"1563","pip;peep",0.549231789254053,8
"1564","sam;psalm",0.309630539151384,8
"1565","riC;reach",0.456084964509013,8
"1566","rid;read",0.683104814765419,8
"1567","riL;real",0.413763217064535,8
"1568","rim;ream",0.625298750422704,8
"1569","rip;reap",0.747345384902599,8
"1570","rif;reef",0.452496676031652,8
"1571","rik;reek",0.764839406841877,8
"1572","ril;reel",0.826330143482827,8
"1573","riv;reeve",0.413763217064535,8
"1574","s@k;sac",0.375617955056849,8
"1575","s@d;sad",0.322199162691347,8
"1576","seJ;sage",0.395395512048908,8
"1577","sEd;said",0.372027603822128,8
"1578","sel;sail",0.453179102456855,8
"1579","sek;sake",0.500216898183922,8
"1580","sem;same",0.391796163122451,8
"1581","sen;sane",0.582486249045149,8
"1582","s@p;sap",0.395250143495136,8
"1583","s@t;sat",0.535101182123184,8
"1584","set;sate",0.660792735524274,8
"1585","scs;sauce",0.193141460421349,8
"1586","sc;saw",0.460771955576822,8
"1587","se;say",0.620851922711167,8
"1588","sin;scene",1.17472941789685,8
"1589","skim;scheme",0.141108649483556,8
"1590","sYD;scythe",0.763902372577331,8
"1591","sil;seal",1.14276782933753,8
"1592","sim;seam",0.984884498132957,8
"1593","simi;seamy",0.0485959906688281,8
"1594","sizN;season",0.121648573768525,8
"1595","sit;seat",1.28846602660904,8
"1596","sEJ;sedge",0.31773490937465,8
"1597","sik;seek",1.2642584912656,8
"1598","sip;seep",1.26329459207706,8
"1599","sisc;seesaw",0.0487813268680453,8
"1600","siD;seethe",0.776051678342298,8
"1601","siz;seize",0.997907010670569,8
"1602","sEn;sen",0.506037691845177,8
"1603","sipL;sepal",0.0422875237963864,8
"1604","sXin;serene",0.0421843320266662,8
"1605","sRJ;serge",0.228112611829729,8
"1606","sEt;set",0.585136970982373,8
"1607","so;sew",0.532116976090169,8
"1608","suX;sewer",0.330420966011231,8
"1609","son;sewn",0.493541305885156,8
"1610","Si;she",0.717809048893347,8
"1611","Sif;sheaf",0.293981823452632,8
"1612","SiT;sheath",0.336113055789387,8
"1613","SiD;sheathe",0.457573445385835,8
"1614","SiDz;sheaths",0.0462905575493995,8
"1615","Sin;sheen",0.568641577795064,8
"1616","Sip;sheep",0.58658992626262,8
"1617","Sit;sheet",0.565347403352742,8
"1618","sIk;sick",0.411556696634945,8
"1619","sYd;side",0.545749961316202,8
"1620","siJ;siege",0.659160681736304,8
"1621","sY;sigh",0.723062728423955,8
"1622","sYn;sign",0.683479214492673,8
"1623","sIl;sill",0.364797470328755,8
"1624","sIn;sin",0.492520812664689,8
"1625","sIp;sip",0.431666248973531,8
"1626","sR;sir",0.456405367645006,8
"1627","sYr;sire",0.355923820864575,8
"1628","sIt;sit",0.571155885706059,8
"1629","sYz;size",0.406404582258573,8
"1630","ski;ski",0.156801210999215,8
"1631","slik;sleek",0.256077860558815,8
"1632","slip;sleep",0.250773024448771,8
"1633","slit;sleet",0.202456551902597,8
"1634","smuD;smooth",0.0658448395712699,8
"1635","snik;sneak",0.188346073822566,8
"1636","sniz;sneeze",0.100368468548536,8
"1637","sok;soak",0.412558946061016,8
"1638","sop;soap",0.432668498399601,8
"1639","sak;sock",0.419446089629877,8
"1640","sad;sod",0.366995953482298,8
"1641","sOl;soil",0.2407941840738,8
"1642","sol;sol",0.365778078446004,8
"1643","s^m;some",0.265617214048253,8
"1644","s^n;son",0.456546604643658,8
"1645","sun;soon",0.657707318992853,8
"1646","sUt;soot",0.40494806477081,8
"1647","suT;sooth",0.330420966011231,8
"1648","suD;soothe",0.532273111296739,8
"1649","sap;sop",0.439555641968463,8
"1650","sat;sot",0.579473986822854,8
"1651","sW;sough",0.416961234159677,8
"1652","sct;sought",0.501430025112549,8
"1653","sup;soup",0.59519216810536,8
"1654","sWs;souse",0.146897051343303,8
"1655","sO;soy",0.404599504325791,8
"1656","spik;speak",0.219568229560818,8
"1657","spid;speed",0.186459568312383,8
"1658","stil;steal",0.220542326983783,8
"1659","stim;steam",0.288134270120339,8
"1660","stid;steed",0.285121611217682,8
"1661","stip;steep",0.275815919970318,8
"1662","s^k;suck",0.376167888188582,8
"1663","su;sue",0.697056875791382,8
"1664","sut;suit",0.737871857360032,8
"1665","swit;suite",0.170921061671814,8
"1666","s^p;sup",0.395800076626869,8
"1667","sRi;surrey",0.170836228750472,8
"1668","swid;swede",0.263324834473945,8
"1669","swip;sweep",0.253738515398236,8
"1670","ti;t",0.747688871423098,8
"1671","tiC;teach",0.322849856997922,8
"1672","tik;teak",0.632535623090827,8
"1673","til;teal",0.73974643975371,8
"1674","tim;team",0.541582693469415,8
"1675","tiz;tease",0.542390624962464,8
"1676","tiT;teeth",0.36222265741884,8
"1677","tiD;teethe",0.520680287159057,8
"1678","Di;thee",0.495811250337608,8
"1679","Tim;theme",0.210937435709675,8
"1680","Diz;these",0.287966768291143,8
"1681","tYD;tithe",0.334949008832255,8
"1682","vi;v",0.486916878431347,8
"1683","vil;veal",0.434166360906738,8
"1684","wi;we",0.612180302295798,8
"1685","wik;weak",0.499097035280341,8
"1686","wil;weal",0.560435863574756,8
"1687","win;wean",0.464528569247257,8
"1688","wid;weed",0.462643995263846,8
"1689","wip;weep",0.52404396176127,8
"1690","riT;wreath",0.495515076858059,8
"1691","riD;wreathe",0.713453940768547,8
"1692","rYD;writhe",0.334643817971712,8
"1693","yi;ye",0.489444045531713,8
"1694","yin;yean",0.339754525363742,8
"1695","zi;z",0.486916878431347,8
"1696","zil;zeal",0.434166360906738,8
"1697","bi;b",0.653502151400955,9
"1698","bid;bead",0.434771420582902,9
"1699","bik;beak",0.513234026960914,9
"1700","bim;beam",0.364029467754803,9
"1701","bin;bean",0.483021170816781,9
"1702","bit;beat",0.482328745812073,9
"1703","briD;breathe",0.0479833200701352,9
"1704","si;c",1.44169594714765,9
"1705","sizX;caesar",0.166971394327833,9
"1706","ki;cay",0.618509755526071,9
"1707","sis;cease",0.749693588832345,9
"1708","sikM;cecum",0.0409377676627282,9
"1709","sidX;cedar",0.106190406974982,9
"1710","sid;cede",1.1203948417557,9
"1711","sEl;cell",0.381818900030731,9
"1712","Cip;cheap",0.441217450225945,9
"1713","Cit;cheat",0.424136914194975,9
"1714","Cik;cheek",0.454375594893642,9
"1715","Ciz;cheese",0.357958146785348,9
"1716","Sik;chic",0.598624468085415,9
"1717","sYt;cite",0.749447830240285,9
"1718","di;d",0.649555094737721,9
"1719","dil;deal",0.585577649019304,9
"1720","din;dean",0.479263737921752,9
"1721","did;deed",0.43109237120124,9
"1722","dim;deem",0.360515709855109,9
"1723","dip;deep",0.496021129005162,9
"1724","i;e",0.615897160317841,9
"1725","iz;ease",0.379612979678988,9
"1726","it;eat",0.444684208061913,9
"1727","il;eel",0.551747609003002,9
"1728","ik;eke",0.475276456108343,9
"1729","fit;feat",0.443288067442909,9
"1730","fiz;feaze",0.378268000963518,9
"1731","fi;fee",0.614427247128806,9
"1732","fid;feed",0.395677074545938,9
"1733","fil;feel",0.550307173979075,9
"1734","Ji;g",0.519317239118629,9
"1735","gis;geese",0.145261361682566,9
"1736","Jin;gene",0.347617535233207,9
"1737","hi;he",0.610953820636126,9
"1738","hil;heal",0.546923873433435,9
"1739","hip;heap",0.457314014705965,9
"1740","hit;heat",0.440037568157861,9
"1741","hid;heed",0.392519699187547,9
"1742","Ysi;icy",0.0361200304651564,9
"1743","kil;keel",0.516094113322536,9
"1744","kin;keen",0.409682634390473,9
"1745","kip;keep",0.426125219942016,9
"1746","nid;knead",0.42716653519641,9
"1747","ni;knee",0.645369552236328,9
"1748","nil;kneel",0.581466166083448,9
"1749","li;lea",0.747154589225723,9
"1750","lik;leak",0.650421851280615,9
"1751","lil;leal",0.683706899736798,9
"1752","lin;lean",0.577714683220515,9
"1753","lip;leap",0.635735010647661,9
"1754","lis;lease",0.403339104033735,9
"1755","liz;lees",0.513490662445874,9
"1756","lit;lied",0.616572847247786,9
"1757","liJ;liege",0.299008335528549,9
"1758","lYD;lithe",0.240508119115083,9
"1759","mi;me",0.642475831912838,9
"1760","mid;mead",0.424549703929164,9
"1761","mil;meal",0.578653673502847,9
"1762","min;mean",0.47256525178113,9
"1763","mit;meat",0.471872826776421,9
"1764","mik;meek",0.502778107925263,9
"1765","nip;neap",0.492018780031514,9
"1766","nit;neat",0.474568963943395,9
"1767","nis;niece",0.300241906311194,9
"1768","pi;p",0.712664883360617,9
"1769","pis;peace",0.368510972584251,9
"1770","pik;peak",0.616593024341672,9
"1771","pil;peal",0.649085390243794,9
"1772","piz;pease",0.478545659404482,9
"1773","pit;peat",0.54230430904014,9
"1774","pin;peen",0.543041320845422,9
"1775","pip;peep",0.560047186294977,9
"1776","sam;psalm",0.308990612271273,9
"1777","riC;reach",0.444108668729672,9
"1778","rid;read",0.676488934534341,9
"1779","riL;real",0.403633238087887,9
"1780","rim;ream",0.606306516843325,9
"1781","rip;reap",0.742336492332365,9
"1782","rif;reef",0.440795773347148,9
"1783","rik;reek",0.756304214046599,9
"1784","ril;reel",0.832371691582376,9
"1785","riv;reeve",0.403633238087887,9
"1786","s@k;sac",0.382402896016838,9
"1787","s@d;sad",0.320240057943391,9
"1788","seJ;sage",0.394660711857131,9
"1789","sEd;said",0.368109696125813,9
"1790","sel;sail",0.46156209637266,9
"1791","sek;sake",0.509508011085435,9
"1792","sem;same",0.393142121942638,9
"1793","sen;sane",0.583600406691683,9
"1794","s@p;sap",0.396890855066203,9
"1795","s@t;sat",0.539714870173024,9
"1796","set;sate",0.667808239040806,9
"1797","scs;sauce",0.185484081707632,9
"1798","sc;saw",0.457378007783603,9
"1799","se;say",0.623747909924391,9
"1800","sin;scene",1.15131729645609,9
"1801","skim;scheme",0.132902007410305,9
"1802","sYD;scythe",0.700378193734732,9
"1803","sil;seal",1.13805171169134,9
"1804","sim;seam",0.939534115441457,9
"1805","simi;seamy",0.0451503285359583,9
"1806","sizN;season",0.108909965164715,9
"1807","sit;seat",1.27454549581073,9
"1808","sEJ;sedge",0.313458118782589,9
"1809","sik;seek",1.23939541269829,9
"1810","sip;seep",1.23873603510581,9
"1811","sisc;seesaw",0.0444833839836428,9
"1812","siD;seethe",0.726716125967002,9
"1813","siz;seize",0.944711907566305,9
"1814","sEn;sen",0.502988952584411,9
"1815","sipL;sepal",0.0409050469883275,9
"1816","sXin;serene",0.040675553068431,9
"1817","sRJ;serge",0.222266719054261,9
"1818","sEt;set",0.587706452830311,9
"1819","so;sew",0.534619221217282,9
"1820","suX;sewer",0.315088659462585,9
"1821","son;sewn",0.494335083686001,9
"1822","Si;she",0.73887328213819,9
"1823","Sif;sheaf",0.286363382621552,9
"1824","SiT;sheath",0.326401596609268,9
"1825","SiD;sheathe",0.432057976843112,9
"1826","SiDz;sheaths",0.0420668831046901,9
"1827","Sin;sheen",0.567926738241555,9
"1828","Sip;sheep",0.584932603691111,9
"1829","Sit;sheet",0.567189726436274,9
"1830","sIk;sick",0.420603681501134,9
"1831","sYd;side",0.525470918886864,9
"1832","siJ;siege",0.631618869879523,9
"1833","sY;sigh",0.704532997572047,9
"1834","sYn;sign",0.663421458249086,9
"1835","sIl;sill",0.372930380733429,9
"1836","sIn;sin",0.493670851666742,9
"1837","sIp;sip",0.435446095207241,9
"1838","sR;sir",0.452349841943935,9
"1839","sYr;sire",0.339108374957368,9
"1840","sIt;sit",0.578065920922972,9
"1841","sYz;size",0.386116475125836,9
"1842","ski;ski",0.152947764680922,9
"1843","slik;sleek",0.248791717378719,9
"1844","slip;sleep",0.245676988894035,9
"1845","slit;sleet",0.199519999697175,9
"1846","smuD;smooth",0.0598117950868009,9
"1847","snik;sneak",0.178638657412546,9
"1848","sniz;sneeze",0.0932381820832724,9
"1849","sok;soak",0.421252674043973,9
"1850","sop;soap",0.43609508775008,9
"1851","sak;sock",0.426288270421562,9
"1852","sad;sod",0.364876126821887,9
"1853","sOl;soil",0.245621838139605,9
"1854","sol;sol",0.373561492418629,9
"1855","s^m;some",0.264127698833655,9
"1856","s^n;son",0.454409398979581,9
"1857","sun;soon",0.639117826761629,9
"1858","sUt;soot",0.407824924133002,9
"1859","suT;sooth",0.315088659462585,9
"1860","suD;soothe",0.497024073494916,9
"1861","sap;sop",0.441130684127669,9
"1862","sat;sot",0.584061734316964,9
"1863","sW;sough",0.412356482072268,9
"1864","sct;sought",0.50186813827722,9
"1865","sup;soup",0.579620963627413,9
"1866","sWs;souse",0.13944790844194,9
"1867","sO;soy",0.404406494280347,9
"1868","spik;speak",0.211942446038643,9
"1869","spid;speed",0.178978301450542,9
"1870","stil;steal",0.212854487777344,9
"1871","stim;steam",0.272769186332417,9
"1872","stid;steed",0.272797532978438,9
"1873","stip;steep",0.265620618640556,9
"1874","s^k;suck",0.381831470564195,9
"1875","su;sue",0.679981163695527,9
"1876","sut;suit",0.724677194748948,9
"1877","swit;suite",0.167331894988855,9
"1878","s^p;sup",0.39631942961356,9
"1879","sRi;surrey",0.166971896646001,9
"1880","swid;swede",0.255856640326372,9
"1881","swip;sweep",0.248471924707697,9
"1882","ti;t",0.76486669511339,9
"1883","tiC;teach",0.31145289738566,9
"1884","tik;teak",0.623611894325448,9
"1885","til;teal",0.74353786425079,9
"1886","tim;team",0.519879400905007,9
"1887","tiz;tease",0.526973148354048,9
"1888","tiT;teeth",0.34894741439069,9
"1889","tiD;teethe",0.486900890049254,9
"1890","Di;thee",0.524250519064037,9
"1891","Tim;theme",0.202441891077763,9
"1892","Diz;these",0.284183756770563,9
"1893","tYD;tithe",0.29593786716161,9
"1894","vi;v",0.517436114448517,9
"1895","vil;veal",0.452648970229502,9
"1896","wi;we",0.646605448276607,9
"1897","wik;weak",0.506716525524579,9
"1898","wil;weal",0.582705746687178,9
"1899","win;wean",0.476503669380446,9
"1900","wid;weed",0.470811906092757,9
"1901","wip;weep",0.534415912523064,9
"1902","riT;wreath",0.481717054159516,9
"1903","riD;wreathe",0.673605223868248,9
"1904","rYD;writhe",0.296182138061368,9
"1905","yi;ye",0.519317239118629,9
"1906","yin;yean",0.347617535233207,9
"1907","zi;z",0.517436114448517,9
"1908","zil;zeal",0.452648970229502,9
"1909","bi;b",0.67981186473835,10
"1910","bid;bead",0.439888660115388,10
"1911","bik;beak",0.516620244798297,10
"1912","bim;beam",0.360480849257293,10
"1913","bin;bean",0.49084761863123,10
"1914","bit;beat",0.491754709231338,10
"1915","briD;breathe",0.0452146454391084,10
"1916","si;c",1.44468039070359,10
"1917","sizX;caesar",0.152139612205178,10
"1918","ki;cay",0.644604025316353,10
"1919","sis;cease",0.723887474170452,10
"1920","sikM;cecum",0.040076224231707,10
"1921","sidX;cedar",0.0980569537210381,10
"1922","sid;cede",1.09477912777527,10
"1923","sEl;cell",0.384033845874968,10
"1924","Cip;cheap",0.445499886670546,10
"1925","Cit;cheat",0.431521407464715,10
"1926","Cik;cheek",0.455842022473933,10
"1927","Ciz;cheese",0.355238091286973,10
"1928","Sik;chic",0.595773514360781,10
"1929","sYt;cite",0.734132349718977,10
"1930","di;d",0.676540611523652,10
"1931","dil;deal",0.601887216028268,10
"1932","din;dean",0.487737319654069,10
"1933","did;deed",0.436844714379621,10
"1934","dim;deem",0.357576502254207,10
"1935","dip;deep",0.502930836831744,10
"1936","i;e",0.64263710007682,10
"1937","iz;ease",0.37911814551805,10
"1938","it;eat",0.454529694719686,10
"1939","il;eel",0.567824349696501,10
"1940","ik;eke",0.479139271679723,10
"1941","fit;feat",0.453359928405,10
"1942","fiz;feaze",0.377994079026014,10
"1943","fi;fee",0.641400718335816,10
"1944","fid;feed",0.40145080171575,10
"1945","fil;feel",0.566614693649844,10
"1946","Ji;g",0.544230145284417,10
"1947","gis;geese",0.142436336800417,10
"1948","Jin;gene",0.354278526596932,10
"1949","hi;he",0.639030099568625,10
"1950","hil;heal",0.56430722809161,10
"1951","hip;heap",0.465287144395723,10
"1952","hit;heat",0.451145334254911,10
"1953","hid;heed",0.399301204925436,10
"1954","Ysi;icy",0.0360501618573377,10
"1955","kil;keel",0.532294678426341,10
"1956","kin;keen",0.418090867762788,10
"1957","kip;keep",0.432987125625534,10
"1958","nid;knead",0.433421332239928,10
"1959","ni;knee",0.672875245637088,10
"1960","nil;kneel",0.598291200812209,10
"1961","li;lea",0.775254209756762,10
"1962","lik;leak",0.654286497396753,10
"1963","lil;leal",0.701081252128534,10
"1964","lin;lean",0.587167583598519,10
"1965","lip;leap",0.642893770672219,10
"1966","lis;lease",0.40423566527552,10
"1967","liz;lees",0.513831389776432,10
"1968","lit;lied",0.627219545892697,10
"1969","liJ;liege",0.301705745659241,10
"1970","lYD;lithe",0.214581483483156,10
"1971","mi;me",0.671198233484148,10
"1972","mid;mead",0.431907874406974,10
"1973","mil;meal",0.596662293030293,10
"1974","min;mean",0.482682808355309,10
"1975","mit;meat",0.483589898955418,10
"1976","mik;meek",0.508455434522376,10
"1977","nip;neap",0.499436507979032,10
"1978","nit;neat",0.485150081401464,10
"1979","nis;niece",0.300959064827887,10
"1980","pi;p",0.740737952097333,10
"1981","pis;peace",0.369470419804495,10
"1982","pik;peak",0.620212604758073,10
"1983","pil;peal",0.666441363602569,10
"1984","piz;pease",0.478946967482157,10
"1985","pit;peat",0.553389297933887,10
"1986","pin;peen",0.552491720470313,10
"1987","pip;peep",0.567920350967012,10
"1988","sam;psalm",0.30781922810914,10
"1989","riC;reach",0.433569109865844,10
"1990","rid;read",0.669917521756743,10
"1991","riL;real",0.394492288223024,10
"1992","rim;ream",0.59078396026744,10
"1993","rip;reap",0.736766955896862,10
"1994","rif;reef",0.430686304993382,10
"1995","rik;reek",0.74775485140461,10
"1996","ril;reel",0.8361068522531,10
"1997","riv;reeve",0.394492288223024,10
"1998","s@k;sac",0.386093423797121,10
"1999","s@d;sad",0.317531778672244,10
"2000","seJ;sage",0.393534134829326,10
"2001","sEd;said",0.363996792559311,10
"2002","sel;sail",0.466433837217272,10
"2003","sek;sake",0.514603835815272,10
"2004","sem;same",0.393109240878311,10
"2005","sen;sane",0.582077840848652,10
"2006","s@p;sap",0.396788999622928,10
"2007","s@t;sat",0.540423964100223,10
"2008","set;sate",0.669799065798796,10
"2009","scs;sauce",0.180093419431805,10
"2010","sc;saw",0.452558603280713,10
"2011","se;say",0.622694832454957,10
"2012","sin;scene",1.13679399309637,10
"2013","skim;scheme",0.127054312284887,10
"2014","sYD;scythe",0.649987086143594,10
"2015","sil;seal",1.13800881633953,10
"2016","sim;seam",0.909308711191876,10
"2017","simi;seamy",0.0429505193943827,10
"2018","sizN;season",0.0996297201243521,10
"2019","sit;seat",1.26524838808174,10
"2020","sEJ;sedge",0.310152266890155,10
"2021","sik;seek",1.22267627095315,10
"2022","sip;seep",1.22223780171311,10
"2023","sisc;seesaw",0.0419330178399815,10
"2024","siD;seethe",0.694093896001587,10
"2025","siz;seize",0.907860931715923,10
"2026","sEn;sen",0.498925387700294,10
"2027","sipL;sepal",0.0400538089438402,10
"2028","sXin;serene",0.0397980920934114,10
"2029","sRJ;serge",0.218171795933405,10
"2030","sEt;set",0.586960901495222,10
"2031","so;sew",0.533517492322229,10
"2032","suX;sewer",0.303386469756934,10
"2033","son;sewn",0.492798575266292,10
"2034","Si;she",0.758703657553271,10
"2035","Sif;sheaf",0.282044547784918,10
"2036","SiT;sheath",0.320582501840318,10
"2037","SiD;sheathe",0.416406216779695,10
"2038","SiDz;sheaths",0.0395568864158146,10
"2039","Sin;sheen",0.569577205952266,10
"2040","Sip;sheep",0.585005836448965,10
"2041","Sit;sheet",0.570474783415841,10
"2042","sIk;sick",0.425852424620548,10
"2043","sYd;side",0.507529141553023,10
"2044","siJ;siege",0.614631557750342,10
"2045","sY;sigh",0.686352762837766,10
"2046","sYn;sign",0.644973876148307,10
"2047","sIl;sill",0.377934415320557,10
"2048","sIn;sin",0.49253007527455,10
"2049","sIp;sip",0.436809403254803,10
"2050","sR;sir",0.447289150826898,10
"2051","sYr;sire",0.3243378920739,10
"2052","sIt;sit",0.580343408699824,10
"2053","sYz;size",0.36890871684199,10
"2054","ski;ski",0.150474886064332,10
"2055","slik;sleek",0.242779561800974,10
"2056","slip;sleep",0.240991005851206,10
"2057","slit;sleet",0.196824656590853,10
"2058","smuD;smooth",0.0556835868581717,10
"2059","snik;sneak",0.171271893037925,10
"2060","sniz;sneeze",0.0881648214356808,10
"2061","sok;soak",0.426111274519179,10
"2062","sop;soap",0.437068253153434,10
"2063","sak;sock",0.429927617415012,10
"2064","sad;sod",0.361942666146259,10
"2065","sOl;soil",0.248638293066261,10
"2066","sol;sol",0.378182073454095,10
"2067","s^m;some",0.262601768979232,10
"2068","s^n;son",0.451175114091815,10
"2069","sun;soon",0.623756223113811,10
"2070","sUt;soot",0.407827995502014,10
"2071","suT;sooth",0.303386469756934,10
"2072","suD;soothe",0.471152970790306,10
"2073","sap;sop",0.440884596049267,10
"2074","sat;sot",0.584642760400461,10
"2075","sW;sough",0.407023338764924,10
"2076","sct;sought",0.49985080982816,10
"2077","sup;soup",0.567056227571382,10
"2078","sWs;souse",0.134399036877255,10
"2079","sO;soy",0.402032241953283,10
"2080","spik;speak",0.205788916637385,10
"2081","spid;speed",0.172692091152921,10
"2082","stil;steal",0.20642121853802,10
"2083","stim;steam",0.260651188771776,10
"2084","stid;steed",0.262347140444229,10
"2085","stip;steep",0.256796518845873,10
"2086","s^k;suck",0.384899944986512,10
"2087","su;sue",0.664901835713961,10
"2088","sut;suit",0.712475354337099,10
"2089","swit;suite",0.164142666269164,10
"2090","s^p;sup",0.395595520812319,10
"2091","sRi;surrey",0.164268090733351,10
"2092","swid;swede",0.249308851287004,10
"2093","swip;sweep",0.243594205346836,10
"2094","ti;t",0.780478932258659,10
"2095","tiC;teach",0.303049443069202,10
"2096","tik;teak",0.616673988642628,10
"2097","til;teal",0.74728072266179,10
"2098","tim;team",0.503980591620121,10
"2099","tiz;tease",0.515842654372989,10
"2100","tiT;teeth",0.339375379204258,10
"2101","tiD;teethe",0.462689497671255,10
"2102","Di;thee",0.548019029533123,10
"2103","Tim;theme",0.19625878347594,10
"2104","Diz;these",0.281573211923334,10
"2105","tYD;tithe",0.265528219460456,10
"2106","vi;v",0.542848642235703,10
"2107","vil;veal",0.46745769466761,10
"2108","wi;we",0.674737254427892,10
"2109","wik;weak",0.511825912845356,10
"2110","wil;weal",0.600132866406229,10
"2111","win;wean",0.486053286678289,10
"2112","wid;weed",0.476612683151896,10
"2113","wip;weep",0.541702614864858,10
"2114","riT;wreath",0.470033783296129,10
"2115","riD;wreathe",0.643291459664279,10
"2116","rYD;writhe",0.266076653480597,10
"2117","yi;ye",0.544230145284417,10
"2118","yin;yean",0.354278526596932,10
"2119","zi;z",0.542848642235703,10
"2120","zil;zeal",0.46745769466761,10
