"","node","activation","time"
"1","bi;b",0,1
"2","bid;bead",0,1
"3","bik;beak",0,1
"4","bim;beam",0,1
"5","bin;bean",0,1
"6","bit;beat",0,1
"7","briD;breathe",0,1
"8","si;c",3.75,1
"9","sizX;caesar",0,1
"10","ki;cay",0,1
"11","sis;cease",3.75,1
"12","sikM;cecum",0,1
"13","sidX;cedar",0,1
"14","sid;cede",3.75,1
"15","sEl;cell",0,1
"16","Cip;cheap",0,1
"17","Cit;cheat",0,1
"18","Cik;cheek",0,1
"19","Ciz;cheese",0,1
"20","Sik;chic",0,1
"21","sYt;cite",0,1
"22","di;d",0,1
"23","dil;deal",0,1
"24","din;dean",0,1
"25","did;deed",0,1
"26","dim;deem",0,1
"27","dip;deep",0,1
"28","i;e",0,1
"29","iz;ease",0,1
"30","it;eat",0,1
"31","il;eel",0,1
"32","ik;eke",0,1
"33","fit;feat",0,1
"34","fiz;feaze",0,1
"35","fi;fee",0,1
"36","fid;feed",0,1
"37","fil;feel",0,1
"38","Ji;g",0,1
"39","gis;geese",0,1
"40","Jin;gene",0,1
"41","hi;he",0,1
"42","hil;heal",0,1
"43","hip;heap",0,1
"44","hit;heat",0,1
"45","hid;heed",0,1
"46","Ysi;icy",0,1
"47","kil;keel",0,1
"48","kin;keen",0,1
"49","kip;keep",0,1
"50","nid;knead",0,1
"51","ni;knee",0,1
"52","nil;kneel",0,1
"53","li;lea",0,1
"54","lik;leak",0,1
"55","lil;leal",0,1
"56","lin;lean",0,1
"57","lip;leap",0,1
"58","lis;lease",0,1
"59","liz;lees",0,1
"60","lit;lied",0,1
"61","liJ;liege",0,1
"62","lYD;lithe",0,1
"63","mi;me",0,1
"64","mid;mead",0,1
"65","mil;meal",0,1
"66","min;mean",0,1
"67","mit;meat",0,1
"68","mik;meek",0,1
"69","nip;neap",0,1
"70","nit;neat",0,1
"71","nis;niece",0,1
"72","pi;p",0,1
"73","pis;peace",0,1
"74","pik;peak",0,1
"75","pil;peal",0,1
"76","piz;pease",0,1
"77","pit;peat",0,1
"78","pin;peen",0,1
"79","pip;peep",0,1
"80","sam;psalm",0,1
"81","riC;reach",0,1
"82","rid;read",0,1
"83","riL;real",0,1
"84","rim;ream",0,1
"85","rip;reap",0,1
"86","rif;reef",0,1
"87","rik;reek",0,1
"88","ril;reel",0,1
"89","riv;reeve",0,1
"90","s@k;sac",0,1
"91","s@d;sad",0,1
"92","seJ;sage",0,1
"93","sEd;said",0,1
"94","sel;sail",0,1
"95","sek;sake",0,1
"96","sem;same",0,1
"97","sen;sane",0,1
"98","s@p;sap",0,1
"99","s@t;sat",0,1
"100","set;sate",0,1
"101","scs;sauce",0,1
"102","sc;saw",0,1
"103","se;say",0,1
"104","sin;scene",3.75,1
"105","skim;scheme",0,1
"106","sYD;scythe",3.75,1
"107","sil;seal",3.75,1
"108","sim;seam",3.75,1
"109","simi;seamy",0,1
"110","sizN;season",0,1
"111","sit;seat",3.75,1
"112","sEJ;sedge",0,1
"113","sik;seek",3.75,1
"114","sip;seep",3.75,1
"115","sisc;seesaw",0,1
"116","siD;seethe",40,1
"117","siz;seize",3.75,1
"118","sEn;sen",0,1
"119","sipL;sepal",0,1
"120","sXin;serene",0,1
"121","sRJ;serge",0,1
"122","sEt;set",0,1
"123","so;sew",0,1
"124","suX;sewer",0,1
"125","son;sewn",0,1
"126","Si;she",0,1
"127","Sif;sheaf",0,1
"128","SiT;sheath",0,1
"129","SiD;sheathe",3.75,1
"130","SiDz;sheaths",0,1
"131","Sin;sheen",0,1
"132","Sip;sheep",0,1
"133","Sit;sheet",0,1
"134","sIk;sick",0,1
"135","sYd;side",0,1
"136","siJ;siege",3.75,1
"137","sY;sigh",0,1
"138","sYn;sign",0,1
"139","sIl;sill",0,1
"140","sIn;sin",0,1
"141","sIp;sip",0,1
"142","sR;sir",0,1
"143","sYr;sire",0,1
"144","sIt;sit",0,1
"145","sYz;size",0,1
"146","ski;ski",0,1
"147","slik;sleek",0,1
"148","slip;sleep",0,1
"149","slit;sleet",0,1
"150","smuD;smooth",0,1
"151","snik;sneak",0,1
"152","sniz;sneeze",0,1
"153","sok;soak",0,1
"154","sop;soap",0,1
"155","sak;sock",0,1
"156","sad;sod",0,1
"157","sOl;soil",0,1
"158","sol;sol",0,1
"159","s^m;some",0,1
"160","s^n;son",0,1
"161","sun;soon",0,1
"162","sUt;soot",0,1
"163","suT;sooth",0,1
"164","suD;soothe",3.75,1
"165","sap;sop",0,1
"166","sat;sot",0,1
"167","sW;sough",0,1
"168","sct;sought",0,1
"169","sup;soup",0,1
"170","sWs;souse",0,1
"171","sO;soy",0,1
"172","spik;speak",0,1
"173","spid;speed",0,1
"174","stil;steal",0,1
"175","stim;steam",0,1
"176","stid;steed",0,1
"177","stip;steep",0,1
"178","s^k;suck",0,1
"179","su;sue",0,1
"180","sut;suit",0,1
"181","swit;suite",0,1
"182","s^p;sup",0,1
"183","sRi;surrey",0,1
"184","swid;swede",0,1
"185","swip;sweep",0,1
"186","ti;t",0,1
"187","tiC;teach",0,1
"188","tik;teak",0,1
"189","til;teal",0,1
"190","tim;team",0,1
"191","tiz;tease",0,1
"192","tiT;teeth",0,1
"193","tiD;teethe",3.75,1
"194","Di;thee",0,1
"195","Tim;theme",0,1
"196","Diz;these",0,1
"197","tYD;tithe",0,1
"198","vi;v",0,1
"199","vil;veal",0,1
"200","wi;we",0,1
"201","wik;weak",0,1
"202","wil;weal",0,1
"203","win;wean",0,1
"204","wid;weed",0,1
"205","wip;weep",0,1
"206","riT;wreath",0,1
"207","riD;wreathe",3.75,1
"208","rYD;writhe",0,1
"209","yi;ye",0,1
"210","yin;yean",0,1
"211","zi;z",0,1
"212","zil;zeal",0,1
"213","bi;b",0.05625,2
"214","bid;bead",0.0833333333333333,2
"215","bik;beak",0.0725806451612903,2
"216","bim;beam",0.102272727272727,2
"217","bin;bean",0.0775862068965517,2
"218","bit;beat",0.0703125,2
"219","briD;breathe",0.15,2
"220","si;c",3.92851943025921,2
"221","sizX;caesar",0.102272727272727,2
"222","ki;cay",0.05625,2
"223","sis;cease",3.85976943025921,2
"224","sikM;cecum",0.0725806451612903,2
"225","sidX;cedar",0.0833333333333333,2
"226","sid;cede",3.90143609692588,2
"227","sEl;cell",0.0725806451612903,2
"228","Cip;cheap",0.0725806451612903,2
"229","Cit;cheat",0.0703125,2
"230","Cik;cheek",0.0725806451612903,2
"231","Ciz;cheese",0.102272727272727,2
"232","Sik;chic",0.277126099706745,2
"233","sYt;cite",0.274857954545455,2
"234","di;d",0.05625,2
"235","dil;deal",0.0725806451612903,2
"236","din;dean",0.0775862068965517,2
"237","did;deed",0.0833333333333333,2
"238","dim;deem",0.102272727272727,2
"239","dip;deep",0.0725806451612903,2
"240","i;e",0.05625,2
"241","iz;ease",0.102272727272727,2
"242","it;eat",0.0703125,2
"243","il;eel",0.0725806451612903,2
"244","ik;eke",0.0725806451612903,2
"245","fit;feat",0.0703125,2
"246","fiz;feaze",0.102272727272727,2
"247","fi;fee",0.05625,2
"248","fid;feed",0.0833333333333333,2
"249","fil;feel",0.0725806451612903,2
"250","Ji;g",0.05625,2
"251","gis;geese",0.125,2
"252","Jin;gene",0.0775862068965517,2
"253","hi;he",0.05625,2
"254","hil;heal",0.0725806451612903,2
"255","hip;heap",0.0725806451612903,2
"256","hit;heat",0.0703125,2
"257","hid;heed",0.0833333333333333,2
"258","Ysi;icy",0.05625,2
"259","kil;keel",0.0725806451612903,2
"260","kin;keen",0.0775862068965517,2
"261","kip;keep",0.0725806451612903,2
"262","nid;knead",0.0833333333333333,2
"263","ni;knee",0.05625,2
"264","nil;kneel",0.0725806451612903,2
"265","li;lea",0.05625,2
"266","lik;leak",0.0725806451612903,2
"267","lil;leal",0.0725806451612903,2
"268","lin;lean",0.0775862068965517,2
"269","lip;leap",0.0725806451612903,2
"270","lis;lease",0.125,2
"271","liz;lees",0.102272727272727,2
"272","lit;lied",0.0703125,2
"273","liJ;liege",0.15,2
"274","lYD;lithe",0.204545454545455,2
"275","mi;me",0.05625,2
"276","mid;mead",0.0833333333333333,2
"277","mil;meal",0.0725806451612903,2
"278","min;mean",0.0775862068965517,2
"279","mit;meat",0.0703125,2
"280","mik;meek",0.0725806451612903,2
"281","nip;neap",0.0725806451612903,2
"282","nit;neat",0.0703125,2
"283","nis;niece",0.125,2
"284","pi;p",0.05625,2
"285","pis;peace",0.125,2
"286","pik;peak",0.0725806451612903,2
"287","pil;peal",0.0725806451612903,2
"288","piz;pease",0.102272727272727,2
"289","pit;peat",0.0703125,2
"290","pin;peen",0.0775862068965517,2
"291","pip;peep",0.0725806451612903,2
"292","sam;psalm",0.102272727272727,2
"293","riC;reach",0.15,2
"294","rid;read",0.233333333333333,2
"295","riL;real",0.15,2
"296","rim;ream",0.252272727272727,2
"297","rip;reap",0.22258064516129,2
"298","rif;reef",0.15,2
"299","rik;reek",0.22258064516129,2
"300","ril;reel",0.22258064516129,2
"301","riv;reeve",0.15,2
"302","s@k;sac",0.0725806451612903,2
"303","s@d;sad",0.0833333333333333,2
"304","seJ;sage",0.15,2
"305","sEd;said",0.0833333333333333,2
"306","sel;sail",0.0725806451612903,2
"307","sek;sake",0.0725806451612903,2
"308","sem;same",0.102272727272727,2
"309","sen;sane",0.0775862068965517,2
"310","s@p;sap",0.0725806451612903,2
"311","s@t;sat",0.0703125,2
"312","set;sate",0.0703125,2
"313","scs;sauce",0.125,2
"314","sc;saw",0.05625,2
"315","se;say",0.05625,2
"316","sin;scene",3.90718322336266,2
"317","skim;scheme",0.102272727272727,2
"318","sYD;scythe",3.25,2
"319","sil;seal",3.91218878509792,2
"320","sim;seam",3.88249670298648,2
"321","simi;seamy",0.102272727272727,2
"322","sizN;season",0.102272727272727,2
"323","sit;seat",3.91445693025921,2
"324","sEJ;sedge",0.15,2
"325","sik;seek",3.91218878509792,2
"326","sip;seep",3.91218878509792,2
"327","sisc;seesaw",0.125,2
"328","siD;seethe",17.9984057938956,2
"329","siz;seize",3.88249670298648,2
"330","sEn;sen",0.0775862068965517,2
"331","sipL;sepal",0.0725806451612903,2
"332","sXin;serene",0.0775862068965517,2
"333","sRJ;serge",0.15,2
"334","sEt;set",0.0703125,2
"335","so;sew",0.05625,2
"336","suX;sewer",0.25,2
"337","son;sewn",0.0775862068965517,2
"338","Si;she",0.260795454545454,2
"339","Sif;sheaf",0.204545454545455,2
"340","SiT;sheath",0.204545454545455,2
"341","SiD;sheathe",3.35454545454545,2
"342","SiDz;sheaths",0.204545454545455,2
"343","Sin;sheen",0.282131661442006,2
"344","Sip;sheep",0.277126099706745,2
"345","Sit;sheet",0.274857954545455,2
"346","sIk;sick",0.0725806451612903,2
"347","sYd;side",0.287878787878788,2
"348","siJ;siege",3.83476943025921,2
"349","sY;sigh",0.260795454545454,2
"350","sYn;sign",0.282131661442006,2
"351","sIl;sill",0.0725806451612903,2
"352","sIn;sin",0.0775862068965517,2
"353","sIp;sip",0.0725806451612903,2
"354","sR;sir",0.05625,2
"355","sYr;sire",0.204545454545455,2
"356","sIt;sit",0.0703125,2
"357","sYz;size",0.306818181818182,2
"358","ski;ski",0.05625,2
"359","slik;sleek",0.0725806451612903,2
"360","slip;sleep",0.0725806451612903,2
"361","slit;sleet",0.0703125,2
"362","smuD;smooth",0.25,2
"363","snik;sneak",0.0725806451612903,2
"364","sniz;sneeze",0.102272727272727,2
"365","sok;soak",0.0725806451612903,2
"366","sop;soap",0.0725806451612903,2
"367","sak;sock",0.0725806451612903,2
"368","sad;sod",0.0833333333333333,2
"369","sOl;soil",0.0725806451612903,2
"370","sol;sol",0.0725806451612903,2
"371","s^m;some",0.102272727272727,2
"372","s^n;son",0.0775862068965517,2
"373","sun;soon",0.327586206896552,2
"374","sUt;soot",0.0703125,2
"375","suT;sooth",0.25,2
"376","suD;soothe",3.20454545454545,2
"377","sap;sop",0.0725806451612903,2
"378","sat;sot",0.0703125,2
"379","sW;sough",0.05625,2
"380","sct;sought",0.0703125,2
"381","sup;soup",0.32258064516129,2
"382","sWs;souse",0.125,2
"383","sO;soy",0.05625,2
"384","spik;speak",0.0725806451612903,2
"385","spid;speed",0.0833333333333333,2
"386","stil;steal",0.0725806451612903,2
"387","stim;steam",0.102272727272727,2
"388","stid;steed",0.0833333333333333,2
"389","stip;steep",0.0725806451612903,2
"390","s^k;suck",0.0725806451612903,2
"391","su;sue",0.30625,2
"392","sut;suit",0.3203125,2
"393","swit;suite",0.0703125,2
"394","s^p;sup",0.0725806451612903,2
"395","sRi;surrey",0.05625,2
"396","swid;swede",0.0833333333333333,2
"397","swip;sweep",0.0725806451612903,2
"398","ti;t",0.260795454545454,2
"399","tiC;teach",0.204545454545455,2
"400","tik;teak",0.277126099706745,2
"401","til;teal",0.277126099706745,2
"402","tim;team",0.306818181818182,2
"403","tiz;tease",0.306818181818182,2
"404","tiT;teeth",0.204545454545455,2
"405","tiD;teethe",3.35454545454545,2
"406","Di;thee",0.05625,2
"407","Tim;theme",0.102272727272727,2
"408","Diz;these",0.102272727272727,2
"409","tYD;tithe",0.409090909090909,2
"410","vi;v",0.05625,2
"411","vil;veal",0.0725806451612903,2
"412","wi;we",0.05625,2
"413","wik;weak",0.0725806451612903,2
"414","wil;weal",0.0725806451612903,2
"415","win;wean",0.0775862068965517,2
"416","wid;weed",0.0833333333333333,2
"417","wip;weep",0.0725806451612903,2
"418","riT;wreath",0.15,2
"419","riD;wreathe",3.40909090909091,2
"420","rYD;writhe",0.354545454545454,2
"421","yi;ye",0.05625,2
"422","yin;yean",0.0775862068965517,2
"423","zi;z",0.05625,2
"424","zil;zeal",0.0725806451612903,2
"425","bi;b",0.136283249561101,3
"426","bid;bead",0.167675843509046,3
"427","bik;beak",0.165335461585692,3
"428","bim;beam",0.203588923020559,3
"429","bin;bean",0.165675719127804,3
"430","bit;beat",0.151290902558518,3
"431","briD;breathe",0.196363636363636,3
"432","si;c",3.34018388498679,3
"433","sizX;caesar",0.202477182808722,3
"434","ki;cay",0.135344806008034,3
"435","sis;cease",3.26993289039916,3
"436","sikM;cecum",0.104752041001895,3
"437","sidX;cedar",0.140486458719565,3
"438","sid;cede",3.29580784914068,3
"439","sEl;cell",0.152230779240853,3
"440","Cip;cheap",0.153784204415482,3
"441","Cit;cheat",0.146237742879053,3
"442","Cik;cheek",0.160254386273472,3
"443","Ciz;cheese",0.197191164757858,3
"444","Sik;chic",0.470561039430383,3
"445","sYt;cite",0.486235289104319,3
"446","di;d",0.135762769934616,3
"447","dil;deal",0.161886576476017,3
"448","din;dean",0.165155239501318,3
"449","did;deed",0.16715536388256,3
"450","dim;deem",0.203068443394073,3
"451","dip;deep",0.158344800101216,3
"452","i;e",0.131536717562415,3
"453","iz;ease",0.197881509512078,3
"454","it;eat",0.146275984055032,3
"455","il;eel",0.157539254382912,3
"456","ik;eke",0.160307582252712,3
"457","fit;feat",0.147332051643358,3
"458","fiz;feaze",0.198937577100403,3
"459","fi;fee",0.132592785150741,3
"460","fid;feed",0.163477752667146,3
"461","fil;feel",0.158595321971238,3
"462","Ji;g",0.121404608432774,3
"463","gis;geese",0.200060496160156,3
"464","Jin;gene",0.149157873678192,3
"465","hi;he",0.130124871832387,3
"466","hil;heal",0.156127408652884,3
"467","hip;heap",0.152425554664695,3
"468","hit;heat",0.144864138325005,3
"469","hid;heed",0.161009839348792,3
"470","Ysi;icy",0.0814277914538881,3
"471","kil;keel",0.152625212847507,3
"472","kin;keen",0.155478267622419,3
"473","kip;keep",0.148729435135981,3
"474","nid;knead",0.169061385303668,3
"475","ni;knee",0.137668791355723,3
"476","nil;kneel",0.163792597897125,3
"477","li;lea",0.149361895989635,3
"478","lik;leak",0.186555954633687,3
"479","lil;leal",0.175772170233999,3
"480","lin;lean",0.179450219552416,3
"481","lip;leap",0.180085772775697,3
"482","lis;lease",0.239319596695327,3
"483","liz;lees",0.21820986657884,3
"484","lit;lied",0.173652630750826,3
"485","liJ;liege",0.23639987774554,3
"486","lYD;lithe",0.373636363636364,3
"487","mi;me",0.132438906298252,3
"488","mid;mead",0.163831500246197,3
"489","mil;meal",0.158562712839654,3
"490","min;mean",0.161831375864954,3
"491","mit;meat",0.147446559295669,3
"492","mik;meek",0.161491118322842,3
"493","nip;neap",0.160250821522323,3
"494","nit;neat",0.15267644435314,3
"495","nis;niece",0.22379845415729,3
"496","pi;p",0.141074959749797,3
"497","pis;peace",0.230000142972971,3
"498","pik;peak",0.17956980852053,3
"499","pil;peal",0.167400558991744,3
"500","piz;pease",0.209442360908433,3
"501","pit;peat",0.156509594844401,3
"502","pin;peen",0.170962869831536,3
"503","pip;peep",0.164105319262161,3
"504","sam;psalm",0.182045688899406,3
"505","riC;reach",0.28217440534376,3
"506","rid;read",0.414558827211288,3
"507","riL;real",0.266015314434669,3
"508","rim;ream",0.450426063676958,3
"509","rip;reap",0.406063124196417,3
"510","rif;reef",0.28217440534376,3
"511","rik;reek",0.412533306054408,3
"512","ril;reel",0.410608296156957,3
"513","riv;reeve",0.266015314434669,3
"514","s@k;sac",0.141781490886688,3
"515","s@d;sad",0.162997684892585,3
"516","seJ;sage",0.267458194567761,3
"517","sEd;said",0.175870517444489,3
"518","sel;sail",0.155777564769007,3
"519","sek;sake",0.157075218727951,3
"520","sem;same",0.192180963802478,3
"521","sen;sane",0.186994050860152,3
"522","s@p;sap",0.154281490886688,3
"523","s@t;sat",0.163218966317678,3
"524","set;sate",0.177499589320232,3
"525","scs;sauce",0.210869208281368,3
"526","sc;saw",0.144413181064278,3
"527","se;say",0.153591799720371,3
"528","sin;scene",3.3131829242417,3
"529","skim;scheme",0.165460137354177,3
"530","sYD;scythe",2.44324982791906,3
"531","sil;seal",3.26135110348212,3
"532","sim;seam",3.30954933728373,3
"533","simi;seamy",0.146795364626904,3
"534","sizN;season",0.16724991008145,3
"535","sit;seat",3.29067266343853,3
"536","sEJ;sedge",0.25995665411711,3
"537","sik;seek",3.3278332981303,3
"538","sip;seep",3.32878247111102,3
"539","sisc;seesaw",0.17865898100864,3
"540","siD;seethe",9.11342782493562,3
"541","siz;seize",3.29759909434485,3
"542","sEn;sen",0.183904649994055,3
"543","sipL;sepal",0.104752041001895,3
"544","sXin;serene",0.111872756345434,3
"545","sRJ;serge",0.248060420067511,3
"546","sEt;set",0.174846949968483,3
"547","so;sew",0.140170815809955,3
"548","suX;sewer",0.395822259289654,3
"549","son;sewn",0.173074492248575,3
"550","Si;she",0.445680818915644,3
"551","Sif;sheaf",0.332090960524117,3
"552","SiT;sheath",0.346750051433208,3
"553","SiD;sheathe",2.5332811777952,3
"554","SiDz;sheaths",0.264793388429752,3
"555","Sin;sheen",0.470948408141768,3
"556","Sip;sheep",0.464090857572393,3
"557","Sit;sheet",0.456495133154633,3
"558","sIk;sick",0.143438885650572,3
"559","sYd;side",0.480711653783122,3
"560","siJ;siege",3.12715672190306,3
"561","sY;sigh",0.461158668335627,3
"562","sYn;sign",0.493212268126756,3
"563","sIl;sill",0.141833313803065,3
"564","sIn;sin",0.173507184556267,3
"565","sIp;sip",0.155938885650572,3
"566","sR;sir",0.14826545379155,3
"567","sYr;sire",0.337855065193427,3
"568","sIt;sit",0.164449484530695,3
"569","sYz;size",0.478806273976175,3
"570","ski;ski",0.111853927817525,3
"571","slik;sleek",0.142336400085087,3
"572","slip;sleep",0.137255754923797,3
"573","slit;sleet",0.12880446621146,3
"574","smuD;smooth",0.313636363636364,3
"575","snik;sneak",0.151401601119197,3
"576","sniz;sneeze",0.157682461401098,3
"577","sok;soak",0.14300619334288,3
"578","sop;soap",0.15550619334288,3
"579","sak;sock",0.149384434817757,3
"580","sad;sod",0.171418601173885,3
"581","sOl;soil",0.126977114315678,3
"582","sol;sol",0.141400621495373,3
"583","s^m;some",0.176712371979951,3
"584","s^n;son",0.176195099741749,3
"585","sun;soon",0.551529112572633,3
"586","sUt;soot",0.145226814819983,3
"587","suT;sooth",0.395822259289654,3
"588","suD;soothe",2.39121702201528,3
"589","sap;sop",0.161884434817757,3
"590","sat;sot",0.170395033697879,3
"591","sW;sough",0.14645295379155,3
"592","sct;sought",0.168204087547255,3
"593","sup;soup",0.532187203517355,3
"594","sWs;souse",0.20115898100864,3
"595","sO;soy",0.12871101830768,3
"596","spik;speak",0.137816557130927,3
"597","spid;speed",0.145408257351041,3
"598","stil;steal",0.138128696116087,3
"599","stim;steam",0.205711824511106,3
"600","stid;steed",0.167060261261109,3
"601","stip;steep",0.146538453514114,3
"602","s^k;suck",0.146005453884897,3
"603","su;sue",0.519775213081204,3
"604","sut;suit",0.545111574109636,3
"605","swit;suite",0.125549965291823,3
"606","s^p;sup",0.158505453884897,3
"607","sRi;surrey",0.111240291453888,3
"608","swid;swede",0.16224161468591,3
"609","swip;sweep",0.140870152561035,3
"610","ti;t",0.451109615062319,3
"611","tiC;teach",0.337519756670792,3
"612","tik;teak",0.475989835577058,3
"613","til;teal",0.484994569904677,3
"614","tim;team",0.522177009409584,3
"615","tiz;tease",0.511762730506669,3
"616","tiT;teeth",0.352178847579883,3
"617","tiD;teethe",2.47734633757824,3
"618","Di;thee",0.124843088056599,3
"619","Tim;theme",0.18331984015138,3
"620","Diz;these",0.187488445469506,3
"621","tYD;tithe",0.61797520661157,3
"622","vi;v",0.120075859317596,3
"623","vil;veal",0.145595103963375,3
"624","wi;we",0.132073455217075,3
"625","wik;weak",0.161125667241665,3
"626","wil;weal",0.158197261758477,3
"627","win;wean",0.161465924783777,3
"628","wid;weed",0.172348833047804,3
"629","wip;weep",0.162276453125611,3
"630","riT;wreath",0.294788041707397,3
"631","riD;wreathe",2.62636049038344,3
"632","rYD;writhe",0.557727272727273,3
"633","yi;ye",0.121404608432774,3
"634","yin;yean",0.149157873678192,3
"635","zi;z",0.120075859317596,3
"636","zil;zeal",0.145595103963375,3
"637","bi;b",0.219888689340926,4
"638","bid;bead",0.235881681454525,4
"639","bik;beak",0.251563892657488,4
"640","bim;beam",0.278582196627707,4
"641","bin;bean",0.242616545951367,4
"642","bit;beat",0.223631603672378,4
"643","briD;breathe",0.183599874160792,4
"644","si;c",2.74099403807904,4
"645","sizX;caesar",0.263246304518653,4
"646","ki;cay",0.216336218249159,4
"647","sis;cease",2.64905821180761,4
"648","sikM;cecum",0.106310493138764,4
"649","sidX;cedar",0.169930194474919,4
"650","sid;cede",2.68066320215925,4
"651","sEl;cell",0.217665477831896,4
"652","Cip;cheap",0.224185583789009,4
"653","Cit;cheat",0.210488217401959,4
"654","Cik;cheek",0.238239060850503,4
"655","Ciz;cheese",0.265398004902789,4
"656","Sik;chic",0.573483188940073,4
"657","sYt;cite",0.615104902630354,4
"658","di;d",0.218398950236933,4
"659","dil;deal",0.245278946496029,4
"660","din;dean",0.24114128975872,4
"661","did;deed",0.234412831164973,4
"662","dim;deem",0.277127759620119,4
"663","dip;deep",0.235955526395864,4
"664","i;e",0.207895763986628,4
"665","iz;ease",0.267446521922481,4
"666","it;eat",0.211160954067385,4
"667","il;eel",0.234540505850629,4
"668","ik;eke",0.239008915025928,4
"669","fit;feat",0.212963291525783,4
"670","fiz;feaze",0.269224172086606,4
"671","fi;fee",0.20973101783739,4
"672","fid;feed",0.224772857605335,4
"673","fil;feel",0.236362958882139,4
"674","Ji;g",0.182548198577219,4
"675","gis;geese",0.228453300599934,4
"676","Jin;gene",0.20215989201983,4
"677","hi;he",0.204181115282304,4
"678","hil;heal",0.230842970427881,4
"679","hip;heap",0.221242134301583,4
"680","hit;heat",0.207490310944256,4
"681","hid;heed",0.219335132928356,4
"682","Ysi;icy",0.0826738748563571,4
"683","kil;keel",0.222650805385904,4
"684","kin;keen",0.217756613500236,4
"685","kip;keep",0.212673626903433,4
"686","nid;knead",0.237510061353154,4
"687","ni;knee",0.221572676268103,4
"688","nil;kneel",0.248431736822801,4
"689","li;lea",0.250274000230185,4
"690","lik;leak",0.300667133341479,4
"691","lil;leal",0.277715777020633,4
"692","lin;lean",0.274354103555989,4
"693","lip;leap",0.285916987272449,4
"694","lis;lease",0.317972622446295,4
"695","liz;lees",0.314675209980395,4
"696","lit;lied",0.274105616400335,4
"697","liJ;liege",0.271624795002438,4
"698","lYD;lithe",0.45907808978732,4
"699","mi;me",0.210604395014405,4
"700","mid;mead",0.226751675151931,4
"701","mil;meal",0.237520900530834,4
"702","min;mean",0.233439224654769,4
"703","mit;meat",0.214454282375779,4
"704","mik;meek",0.24238657136089,4
"705","nip;neap",0.239076215309229,4
"706","nit;neat",0.225277036393095,4
"707","nis;niece",0.282121342684699,4
"708","pi;p",0.232368386854034,4
"709","pis;peace",0.298373009157947,4
"710","pik;peak",0.285275315739691,4
"711","pil;peal",0.259676092436508,4
"712","piz;pease",0.295959927893981,4
"713","pit;peat",0.236998797778484,4
"714","pin;peen",0.256141677574594,4
"715","pip;peep",0.250876296985154,4
"716","sam;psalm",0.232958926919474,4
"717","riC;reach",0.371949504953486,4
"718","rid;read",0.528830963221221,4
"719","riL;real",0.339602299174029,4
"720","rim;ream",0.57206921182173,4
"721","rip;reap",0.531010928565582,4
"722","rif;reef",0.371542345242486,4
"723","rik;reek",0.545273442271718,4
"724","ril;reel",0.542125910892262,4
"725","riv;reeve",0.339602299174029,4
"726","s@k;sac",0.197277112958724,4
"727","s@d;sad",0.221227111939857,4
"728","seJ;sage",0.335594563234052,4
"729","sEd;said",0.249790445348466,4
"730","sel;sail",0.22797199831659,4
"731","sek;sake",0.234027883942485,4
"732","sem;same",0.256902224631158,4
"733","sen;sane",0.291748208182841,4
"734","s@p;sap",0.223301083288144,4
"735","s@t;sat",0.251431096995215,4
"736","set;sate",0.286701878617545,4
"737","scs;sauce",0.251416801803106,4
"738","sc;saw",0.231544442370587,4
"739","se;say",0.259216833141322,4
"740","sin;scene",2.70003988636583,4
"741","skim;scheme",0.193793763036784,4
"742","sYD;scythe",1.89519632851803,4
"743","sil;seal",2.59593644027552,4
"744","sim;seam",2.71148712655611,4
"745","simi;seamy",0.148978582322136,4
"746","sizN;season",0.197329921349184,4
"747","sit;seat",2.66005529024441,4
"748","sEJ;sedge",0.318106756616242,4
"749","sik;seek",2.72927625050505,4
"750","sip;seep",2.72921336061695,4
"751","sisc;seesaw",0.180461355416762,4
"752","siD;seethe",5.17624644117035,4
"753","siz;seize",2.69688060686703,4
"754","sEn;sen",0.282126826494735,4
"755","sipL;sepal",0.106328864228713,4
"756","sXin;serene",0.113297714763864,4
"757","sRJ;serge",0.290004953077544,4
"758","sEt;set",0.278116786365897,4
"759","so;sew",0.227476474839103,4
"760","suX;sewer",0.4534706912911,4
"761","son;sewn",0.259040625786872,4
"762","Si;she",0.549183769776085,4
"763","Sif;sheaf",0.385940713963405,4
"764","SiT;sheath",0.416421162994262,4
"765","SiD;sheathe",1.87856529653429,4
"766","SiDz;sheaths",0.244096328706185,4
"767","Sin;sheen",0.564554563631285,4
"768","Sip;sheep",0.559289183041845,4
"769","Sit;sheet",0.545411683835175,4
"770","sIk;sick",0.202234117792581,4
"771","sYd;side",0.575613964326458,4
"772","siJ;siege",2.41300104643729,4
"773","sY;sigh",0.58548830621659,4
"774","sYn;sign",0.615576798192928,4
"775","sIl;sill",0.195643017066078,4
"776","sIn;sin",0.259852305960728,4
"777","sIp;sip",0.228424754788667,4
"778","sR;sir",0.238502359570171,4
"779","sYr;sire",0.400270433142848,4
"780","sIt;sit",0.255667762915452,4
"781","sYz;size",0.539330406160763,4
"782","ski;ski",0.148313622572768,4
"783","slik;sleek",0.195665815906029,4
"784","slip;sleep",0.183448305499158,4
"785","slit;sleet",0.165497376505587,4
"786","smuD;smooth",0.284869013588898,4
"787","snik;sneak",0.203046682470234,4
"788","sniz;sneeze",0.175717745483178,4
"789","sok;soak",0.201427157898445,4
"790","sop;soap",0.227617794894531,4
"791","sak;sock",0.214427476198375,4
"792","sad;sod",0.239956267604056,4
"793","sOl;soil",0.160022443911237,4
"794","sol;sol",0.194841826402711,4
"795","s^m;some",0.220233798877389,4
"796","s^n;son",0.262783561940873,4
"797","sun;soon",0.669330542557198,4
"798","sUt;soot",0.20900463480548,4
"799","suT;sooth",0.4534706912911,4
"800","suD;soothe",1.79499988822482,4
"801","sap;sop",0.240618113194461,4
"802","sat;sot",0.268025767298183,4
"803","sW;sough",0.230688258620437,4
"804","sct;sought",0.258997735245448,4
"805","sup;soup",0.634669816376678,4
"806","sWs;souse",0.230855266911737,4
"807","sO;soy",0.197240195355653,4
"808","spik;speak",0.184277078653439,4
"809","spid;speed",0.180871651816178,4
"810","stil;steal",0.183532581592357,4
"811","stim;steam",0.27767298611547,4
"812","stid;steed",0.229900150337492,4
"813","stip;steep",0.204708672093236,4
"814","s^k;suck",0.205077462890974,4
"815","su;sue",0.639720748770298,4
"816","sut;suit",0.66975541375144,4
"817","swit;suite",0.157687811226271,4
"818","s^p;sup",0.231101433220393,4
"819","sRi;surrey",0.15004014166458,4
"820","swid;swede",0.216959973637548,4
"821","swip;sweep",0.190297552950735,4
"822","ti;t",0.559282001524479,4
"823","tiC;teach",0.395892368215838,4
"824","tik;teak",0.583458793763741,4
"825","til;teal",0.60418205329662,4
"826","tim;team",0.630823926776337,4
"827","tiz;tease",0.608756317196721,4
"828","tiT;teeth",0.426056137471473,4
"829","tiD;teethe",1.80430088645528,4
"830","Di;thee",0.189740756251083,4
"831","Tim;theme",0.230105334421248,4
"832","Diz;these",0.241985643882003,4
"833","tYD;tithe",0.673972600762662,4
"834","vi;v",0.179746579569246,4
"835","vil;veal",0.205462021639508,4
"836","wi;we",0.210439400763506,4
"837","wik;weak",0.242231746183554,4
"838","wil;weal",0.23735992038792,4
"839","win;wean",0.233284399477433,4
"840","wid;weed",0.246695039506456,4
"841","wip;weep",0.245435743313728,4
"842","riT;wreath",0.398928166798037,4
"843","riD;wreathe",2.01118464035064,4
"844","rYD;writhe",0.628837054857204,4
"845","yi;ye",0.182548198577219,4
"846","yin;yean",0.20215989201983,4
"847","zi;z",0.179746579569246,4
"848","zil;zeal",0.205462021639508,4
"849","bi;b",0.297533556856159,5
"850","bid;bead",0.287738867489348,5
"851","bik;beak",0.322257189349662,5
"852","bim;beam",0.326956107410456,5
"853","bin;bean",0.303784932417989,5
"854","bit;beat",0.283077644272029,5
"855","briD;breathe",0.153887335278343,5
"856","si;c",2.28799709286511,5
"857","sizX;caesar",0.289027845832884,5
"858","ki;cay",0.289605774294086,5
"859","sis;cease",2.13747975231388,5
"860","sikM;cecum",0.0953488988781839,5
"861","sidX;cedar",0.180191632075015,5
"862","sid;cede",2.2080084933499,5
"863","sEl;cell",0.266004997982462,5
"864","Cip;cheap",0.28018807074508,5
"865","Cit;cheat",0.261212046451357,5
"866","Cik;cheek",0.299991980114845,5
"867","Ciz;cheese",0.30955043994626,5
"868","Sik;chic",0.620128419560797,5
"869","sYt;cite",0.689485405514509,5
"870","di;d",0.294938506559969,5
"871","dil;deal",0.316135911778115,5
"872","din;dean",0.301235970263279,5
"873","did;deed",0.285210033381038,5
"874","dim;deem",0.324471984875268,5
"875","dip;deep",0.299705869391265,5
"876","i;e",0.278187471951526,5
"877","iz;ease",0.313429113957599,5
"878","it;eat",0.263198803200082,5
"879","il;eel",0.299091084678496,5
"880","ik;eke",0.302192232103736,5
"881","fit;feat",0.265045662362736,5
"882","fiz;feaze",0.315226658797957,5
"883","fi;fee",0.280101878983492,5
"884","fid;feed",0.269190556933915,5
"885","fil;feel",0.30097897926949,5
"886","Ji;g",0.237281550149872,5
"887","gis;geese",0.230664872676804,5
"888","Jin;gene",0.239698884271739,5
"889","hi;he",0.2721396876953,5
"890","hil;heal",0.293094030894363,5
"891","hip;heap",0.276364082175063,5
"892","hit;heat",0.257280630527691,5
"893","hid;heed",0.261514287307113,5
"894","Ysi;icy",0.0741844605137285,5
"895","kil;keel",0.280510176442929,5
"896","kin;keen",0.264723539127547,5
"897","kip;keep",0.263288886655707,5
"898","nid;knead",0.288159012380498,5
"899","ni;knee",0.298038396361866,5
"900","nil;kneel",0.319193889404643,5
"901","li;lea",0.343826932238872,5
"902","lik;leak",0.396818580841074,5
"903","lil;leal",0.365748598125968,5
"904","lin;lean",0.351816910938571,5
"905","lip;leap",0.375148596963942,5
"906","lis;lease",0.365211726637465,5
"907","liz;lees",0.385222061140188,5
"908","lit;lied",0.357923434543305,5
"909","liJ;liege",0.283330032568394,5
"910","lYD;lithe",0.482427029449801,5
"911","mi;me",0.283325102865217,5
"912","mid;mead",0.273950500555662,5
"913","mil;meal",0.304620421190338,5
"914","min;mean",0.289869055377882,5
"915","mit;meat",0.269161767231922,5
"916","mik;meek",0.308341312309555,5
"917","nip;neap",0.302700474938946,5
"918","nit;neat",0.283523287664999,5
"919","nis;niece",0.310753497502148,5
"920","pi;p",0.318517358860818,5
"921","pis;peace",0.338074607587994,5
"922","pik;peak",0.3746349172624,5
"923","pil;peal",0.340297470569306,5
"924","piz;pease",0.358997218123039,5
"925","pit;peat",0.305258875517743,5
"926","pin;peen",0.326196871949616,5
"927","pip;peep",0.3245917370419,5
"928","sam;psalm",0.263953290000036,5
"929","riC;reach",0.426235891700865,5
"930","rid;read",0.597438706235864,5
"931","riL;real",0.383517098638097,5
"932","rim;ream",0.638017070052845,5
"933","rip;reap",0.612822526745143,5
"934","rif;reef",0.425348862459041,5
"935","rik;reek",0.633151543986844,5
"936","ril;reel",0.631338413964212,5
"937","riv;reeve",0.383517098638097,5
"938","s@k;sac",0.240614714592251,5
"939","s@d;sad",0.259939080754505,5
"940","seJ;sage",0.370130470298763,5
"941","sEd;said",0.300984573972219,5
"942","sel;sail",0.285222179537797,5
"943","sek;sake",0.298322110742257,5
"944","sem;same",0.301253697928902,5
"945","sen;sane",0.377537978050643,5
"946","s@p;sap",0.275769496781383,5
"947","s@t;sat",0.325379255098709,5
"948","set;sate",0.381800788247347,5
"949","scs;sauce",0.263059530234618,5
"950","sc;saw",0.303403138248016,5
"951","se;say",0.353985192171411,5
"952","sin;scene",2.22134207783417,5
"953","skim;scheme",0.201481496118252,5
"954","sYD;scythe",1.55799148909407,5
"955","sil;seal",2.0911815012947,5
"956","sim;seam",2.22737787560658,5
"957","simi;seamy",0.13354108183493,5
"958","sizN;season",0.205132518721596,5
"959","sit;seat",2.18649782178094,5
"960","sEJ;sedge",0.342406520373514,5
"961","sik;seek",2.26604925458379,5
"962","sip;seep",2.26448268679454,5
"963","sisc;seesaw",0.160486482560292,5
"964","siD;seethe",3.26950974887472,5
"965","siz;seize",2.21944756118995,5
"966","sEn;sen",0.358900375032253,5
"967","sipL;sepal",0.095355030090523,5
"968","sXin;serene",0.101181980106218,5
"969","sRJ;serge",0.298977450218926,5
"970","sEt;set",0.364688400700458,5
"971","so;sew",0.305316765510407,5
"972","suX;sewer",0.463234494635412,5
"973","son;sewn",0.327683350011916,5
"974","Si;she",0.603822788001514,5
"975","Sif;sheaf",0.397206731709601,5
"976","SiT;sheath",0.438667258736779,5
"977","SiD;sheathe",1.41989981055839,5
"978","SiDz;sheaths",0.200105729475253,5
"979","Sin;sheen",0.601578119355718,5
"980","Sip;sheep",0.599972984448002,5
"981","Sit;sheet",0.580640122923845,5
"982","sIk;sick",0.249916825203759,5
"983","sYd;side",0.613246704423739,5
"984","siJ;siege",1.85997696900839,5
"985","sY;sigh",0.659123304720987,5
"986","sYn;sign",0.679773193790656,5
"987","sIl;sill",0.236252050634735,5
"988","sIn;sin",0.32854022336976,5
"989","sIp;sip",0.285465260330617,5
"990","sR;sir",0.311235776249195,5
"991","sYr;sire",0.422355465762283,5
"992","sIt;sit",0.333900717726042,5
"993","sYz;size",0.54532946703386,5
"994","ski;ski",0.167605212136859,5
"995","slik;sleek",0.231360547103829,5
"996","slip;sleep",0.214158653367186,5
"997","slit;sleet",0.186295537952471,5
"998","smuD;smooth",0.233614264650547,5
"999","snik;sneak",0.228438529284741,5
"1000","sniz;sneeze",0.174295389841998,5
"1001","sok;soak",0.249070128217043,5
"1002","sop;soap",0.284618563343901,5
"1003","sak;sock",0.266112536143382,5
"1004","sad;sod",0.287427308978607,5
"1005","sOl;soil",0.180380446048838,5
"1006","sol;sol",0.235417651574812,5
"1007","s^m;some",0.243983498244655,5
"1008","s^n;son",0.32853899639513,5
"1009","sun;soon",0.721231758869853,5
"1010","sUt;soot",0.260045712455194,5
"1011","suT;sooth",0.463234494635412,5
"1012","suD;soothe",1.39393157821214,5
"1013","sap;sop",0.30166097127024,5
"1014","sat;sot",0.350484751199037,5
"1015","sW;sough",0.295905497965504,5
"1016","sct;sought",0.331454632569041,5
"1017","sup;soup",0.674244348252185,5
"1018","sWs;souse",0.23373578467011,5
"1019","sO;soy",0.254587334552686,5
"1020","spik;speak",0.213199042008942,5
"1021","spid;speed",0.198718215943704,5
"1022","stil;steal",0.211362836956304,5
"1023","stim;steam",0.318377338460377,5
"1024","stid;steed",0.270619174264448,5
"1025","stip;steep",0.2448627625177,5
"1026","s^k;suck",0.249991369439022,5
"1027","su;sue",0.701086738095091,5
"1028","sut;suit",0.731892520501909,5
"1029","swit;suite",0.17353659902209,5
"1030","s^p;sup",0.285146151628154,5
"1031","sRi;surrey",0.172488746566448,5
"1032","swid;swede",0.249730617171803,5
"1033","swip;sweep",0.222311212760531,5
"1034","ti;t",0.618077024738765,5
"1035","tiC;teach",0.411162887214967,5
"1036","tik;teak",0.634114160311587,5
"1037","til;teal",0.666493087346629,5
"1038","tim;team",0.670979286469021,5
"1039","tiz;tease",0.641790728274993,5
"1040","tiT;teeth",0.451936244425852,5
"1041","tiD;teethe",1.36363337058791,5
"1042","Di;thee",0.247053459909259,5
"1043","Tim;theme",0.251332098988914,5
"1044","Diz;these",0.272894749186654,5
"1045","tYD;tithe",0.657520973671472,5
"1046","vi;v",0.233440952390381,5
"1047","vil;veal",0.253184563799087,5
"1048","wi;we",0.283978791464481,5
"1049","wik;weak",0.309002846156732,5
"1050","wil;weal",0.305277274204018,5
"1051","win;wean",0.290530589225059,5
"1052","wid;weed",0.304120556324776,5
"1053","wip;weep",0.314805296668416,5
"1054","riT;wreath",0.463842328662622,5
"1055","riD;wreathe",1.59155712169535,5
"1056","rYD;writhe",0.628268060820663,5
"1057","yi;ye",0.237281550149872,5
"1058","yin;yean",0.239698884271739,5
"1059","zi;z",0.233440952390381,5
"1060","zil;zeal",0.253184563799087,5
"1061","bi;b",0.365846400602835,6
"1062","bid;bead",0.326496964316517,6
"1063","bik;beak",0.376667284310822,6
"1064","bim;beam",0.355053031857953,6
"1065","bin;bean",0.350450168094975,6
"1066","bit;beat",0.33032751640471,6
"1067","briD;breathe",0.125217218979151,6
"1068","si;c",1.97776193019258,6
"1069","sizX;caesar",0.29173877160459,6
"1070","ki;cay",0.352687225987764,6
"1071","sis;cease",1.74629492208344,6
"1072","sikM;cecum",0.0819985773819275,6
"1073","sidX;cedar",0.178949077404358,6
"1074","sid;cede",1.87315056452221,6
"1075","sEl;cell",0.300247874509729,6
"1076","Cip;cheap",0.323139267932787,6
"1077","Cit;cheat",0.300497957948187,6
"1078","Cik;cheek",0.34623255871053,6
"1079","Ciz;cheese",0.336241260925993,6
"1080","Sik;chic",0.636561991784354,6
"1081","sYt;cite",0.73181872745146,6
"1082","di;d",0.362266436940016,6
"1083","dil;deal",0.374217712273587,6
"1084","din;dean",0.346957162732628,6
"1085","did;deed",0.32304152404112,6
"1086","dim;deem",0.35168014007526,6
"1087","dip;deep",0.349773744248866,6
"1088","i;e",0.3403172487218,6
"1089","iz;ease",0.342223820270345,6
"1090","it;eat",0.304321948364879,6
"1091","il;eel",0.351963846164299,6
"1092","ik;eke",0.350379339501583,6
"1093","fit;feat",0.305703161929032,6
"1094","fiz;feaze",0.343547514518755,6
"1095","fi;fee",0.341779361445876,6
"1096","fid;feed",0.30137952162349,6
"1097","fil;feel",0.35339391647433,6
"1098","Ji;g",0.285826313385946,6
"1099","gis;geese",0.220933193454364,6
"1100","Jin;gene",0.266513002946689,6
"1101","hi;he",0.332482196990986,6
"1102","hil;heal",0.344219011066682,6
"1103","hip;heap",0.319516323580569,6
"1104","hit;heat",0.296716134069698,6
"1105","hid;heed",0.292530051452845,6
"1106","Ysi;icy",0.063993740598468,6
"1107","kil;keel",0.32795486117798,6
"1108","kin;keen",0.299836731640007,6
"1109","kip;keep",0.302701513905492,6
"1110","nid;knead",0.324922300981795,6
"1111","ni;knee",0.364318058266801,6
"1112","nil;kneel",0.376221166682149,6
"1113","li;lea",0.42486970146802,6
"1114","lik;leak",0.471197640730631,6
"1115","lil;leal",0.437608075513313,6
"1116","lin;lean",0.41136268949068,6
"1117","lip;leap",0.445178308164345,6
"1118","lis;lease",0.390706046869939,6
"1119","liz;lees",0.433307243088294,6
"1120","lit;lied",0.423513214129816,6
"1121","liJ;liege",0.286717976543337,6
"1122","lYD;lithe",0.470820520904326,6
"1123","mi;me",0.348229608720467,6
"1124","mid;mead",0.309579668946385,6
"1125","mil;meal",0.360341426724705,6
"1126","min;mean",0.333322366513144,6
"1127","mit;meat",0.313199714822879,6
"1128","mik;meek",0.359539482728991,6
"1129","nip;neap",0.351705416811118,6
"1130","nit;neat",0.328766183604616,6
"1131","nis;niece",0.321454793403489,6
"1132","pi;p",0.39487433329155,6
"1133","pis;peace",0.359039864697539,6
"1134","pik;peak",0.444406929703378,6
"1135","pil;peal",0.407480337343944,6
"1136","piz;pease",0.402412239713787,6
"1137","pit;peat",0.360698290303335,6
"1138","pin;peen",0.381091832140921,6
"1139","pip;peep",0.383869295613661,6
"1140","sam;psalm",0.282609592925454,6
"1141","riC;reach",0.45600686221658,6
"1142","rid;read",0.63800852555916,6
"1143","riL;real",0.408320332988475,6
"1144","rim;ream",0.668571146181193,6
"1145","rip;reap",0.665805224591107,6
"1146","rif;reef",0.454653722270138,6
"1147","rik;reek",0.689716870655715,6
"1148","ril;reel",0.69227597054253,6
"1149","riv;reeve",0.408320332988475,6
"1150","s@k;sac",0.274527158384248,6
"1151","s@d;sad",0.284662758042825,6
"1152","seJ;sage",0.386102605288497,6
"1153","sEd;said",0.333583981354167,6
"1154","sel;sail",0.329322415758261,6
"1155","sek;sake",0.349985076984286,6
"1156","sem;same",0.331287764934352,6
"1157","sen;sane",0.442393945841466,6
"1158","s@p;sap",0.313753580791343,6
"1159","s@t;sat",0.383816309903841,6
"1160","set;sate",0.458503994882007,6
"1161","scs;sauce",0.259503825994554,6
"1162","sc;saw",0.357324501911294,6
"1163","se;say",0.430981929496498,6
"1164","sin;scene",1.87874930202119,6
"1165","skim;scheme",0.198317783448592,6
"1166","sYD;scythe",1.34106032400963,6
"1167","sil;seal",1.74508083721767,6
"1168","sim;seam",1.86334087547886,6
"1169","simi;seamy",0.114163102068697,6
"1170","sizN;season",0.200388964687668,6
"1171","sit;seat",1.86397727732541,6
"1172","sEJ;sedge",0.348630011635367,6
"1173","sik;seek",1.93698341809326,6
"1174","sip;seep",1.9344510090469,6
"1175","sisc;seesaw",0.135443918101246,6
"1176","siD;seethe",2.26663549729587,6
"1177","siz;seize",1.86529206584398,6
"1178","sEn;sen",0.413600313540402,6
"1179","sipL;sepal",0.0819707091999745,6
"1180","sXin;serene",0.0864315936528492,6
"1181","sRJ;serge",0.292562012412139,6
"1182","sEt;set",0.431504075822258,6
"1183","so;sew",0.369079498577765,6
"1184","suX;sewer",0.450868131561137,6
"1185","son;sewn",0.379309507987891,6
"1186","Si;she",0.633641500193466,6
"1187","Sif;sheaf",0.388056603352737,6
"1188","SiT;sheath",0.435307187477677,6
"1189","SiD;sheathe",1.10698675231918,6
"1190","SiDz;sheaths",0.157491372366014,6
"1191","Sin;sheen",0.610145310660263,6
"1192","Sip;sheep",0.612922774133003,6
"1193","Sit;sheet",0.589751768822676,6
"1194","sIk;sick",0.288569116085222,6
"1195","sYd;side",0.621938052564459,6
"1196","siJ;siege",1.46641888673309,6
"1197","sY;sigh",0.701738134198897,6
"1198","sYn;sign",0.710245051882355,6
"1199","sIl;sill",0.267453198904302,6
"1200","sIn;sin",0.379907713107704,6
"1201","sIp;sip",0.328374491744069,6
"1202","sR;sir",0.364199931713066,6
"1203","sYr;sire",0.424662573523885,6
"1204","sIt;sit",0.397170386286661,6
"1205","sYz;size",0.529875582895438,6
"1206","ski;ski",0.175429991755268,6
"1207","slik;sleek",0.252555344076176,6
"1208","slip;sleep",0.233547873102003,6
"1209","slit;sleet",0.197400304541164,6
"1210","smuD;smooth",0.186374477741028,6
"1211","snik;sneak",0.236242986248606,6
"1212","sniz;sneeze",0.164514323361964,6
"1213","sok;soak",0.287983108058683,6
"1214","sop;soap",0.32778848371753,6
"1215","sak;sock",0.306323920749127,6
"1216","sad;sod",0.318554114393875,6
"1217","sOl;soil",0.194335034835403,6
"1218","sol;sol",0.266881759618064,6
"1219","s^m;some",0.256436390730322,6
"1220","s^n;son",0.374905578718959,6
"1221","sun;soon",0.736943382820498,6
"1222","sUt;soot",0.299909368043348,6
"1223","suT;sooth",0.450868131561137,6
"1224","suD;soothe",1.12429817089828,6
"1225","sap;sop",0.346129296407974,6
"1226","sat;sot",0.415493171417624,6
"1227","sW;sough",0.342011484699625,6
"1228","sct;sought",0.385393091154632,6
"1229","sup;soup",0.681411066479865,6
"1230","sWs;souse",0.223929601678066,6
"1231","sO;soy",0.29952965123288,6
"1232","spik;speak",0.228836031704294,6
"1233","spid;speed",0.206173005969955,6
"1234","stil;steal",0.226582627177357,6
"1235","stim;steam",0.336273912815606,6
"1236","stid;steed",0.293782869754855,6
"1237","stip;steep",0.269683980490856,6
"1238","s^k;suck",0.283839054540093,6
"1239","su;sue",0.728868491206072,6
"1240","sut;suit",0.759330853622742,6
"1241","swit;suite",0.179971121314759,6
"1242","s^p;sup",0.323065476947189,6
"1243","sRi;surrey",0.183007677441308,6
"1244","swid;swede",0.267124101352068,6
"1245","swip;sweep",0.241464074052026,6
"1246","ti;t",0.652106748811972,6
"1247","tiC;teach",0.406088494592165,6
"1248","tik;teak",0.654616816612784,6
"1249","til;teal",0.698200938967106,6
"1250","tim;team",0.673985389017079,6
"1251","tiz;tease",0.643077613178643,6
"1252","tiT;teeth",0.452293340948423,6
"1253","tiD;teethe",1.08263079907123,6
"1254","Di;thee",0.296819112258079,6
"1255","Tim;theme",0.256854152029656,6
"1256","Diz;these",0.288653111623221,6
"1257","tYD;tithe",0.613095360464302,6
"1258","vi;v",0.281464254271983,6
"1259","vil;veal",0.291901268720375,6
"1260","wi;we",0.349976293656205,6
"1261","wik;weak",0.361270488548255,6
"1262","wil;weal",0.362081997464849,6
"1263","win;wean",0.335053372332408,6
"1264","wid;weed",0.3473603302158,6
"1265","wip;weep",0.36993264026896,6
"1266","riT;wreath",0.499642901360949,6
"1267","riD;wreathe",1.31189339174274,6
"1268","rYD;writhe",0.595064415087346,6
"1269","yi;ye",0.285826313385946,6
"1270","yin;yean",0.266513002946689,6
"1271","zi;z",0.281464254271983,6
"1272","zil;zeal",0.291901268720375,6
"1273","bi;b",0.424474319779203,7
"1274","bid;bead",0.355412769544185,7
"1275","bik;beak",0.417088747676542,7
"1276","bim;beam",0.369523479265541,7
"1277","bin;bean",0.385469636405607,7
"1278","bit;beat",0.367408879531592,7
"1279","briD;breathe",0.10256262326137,7
"1280","si;c",1.77461493284893,7
"1281","sizX;caesar",0.281368523065189,7
"1282","ki;cay",0.406164488931083,7
"1283","sis;cease",1.45634997666694,7
"1284","sikM;cecum",0.0702894325932856,7
"1285","sidX;cedar",0.171552953383155,7
"1286","sid;cede",1.64144944074613,7
"1287","sEl;cell",0.324270743714741,7
"1288","Cip;cheap",0.355529622830223,7
"1289","Cit;cheat",0.330888790432027,7
"1290","Cik;cheek",0.379812117696973,7
"1291","Ciz;cheese",0.351325017240134,7
"1292","Sik;chic",0.638194322301085,7
"1293","sYt;cite",0.755224019997795,7
"1294","di;d",0.420162708271729,7
"1295","dil;deal",0.421325640546174,7
"1296","din;dean",0.381285467934466,7
"1297","did;deed",0.351283150396566,7
"1298","dim;deem",0.365512662811198,7
"1299","dip;deep",0.388239541166389,7
"1300","i;e",0.394312535998949,7
"1301","iz;ease",0.359534676312126,7
"1302","it;eat",0.336873112897787,7
"1303","il;eel",0.395186045028158,7
"1304","ik;eke",0.386199435384317,7
"1305","fit;feat",0.337578868446736,7
"1306","fiz;feaze",0.36019141085993,7
"1307","fi;fee",0.395089289342805,7
"1308","fid;feed",0.325162679184535,7
"1309","fil;feel",0.39593439498886,7
"1310","Ji;g",0.328851011495025,7
"1311","gis;geese",0.207132722641455,7
"1312","Jin;gene",0.286205914541993,7
"1313","hi;he",0.385445121953317,7
"1314","hil;heal",0.386443673517602,7
"1315","hip;heap",0.353162003634082,7
"1316","hit;heat",0.328321954307951,7
"1317","hid;heed",0.316075418464632,7
"1318","Ysi;icy",0.0552639251922759,7
"1319","kil;keel",0.367161141833051,7
"1320","kin;keen",0.326372225500622,7
"1321","kip;keep",0.333306464113652,7
"1322","nid;knead",0.351744582514027,7
"1323","ni;knee",0.420759047210071,7
"1324","nil;kneel",0.421883219867282,7
"1325","li;lea",0.493093971069055,7
"1326","lik;leak",0.526062019891877,7
"1327","lil;leal",0.495045527574497,7
"1328","lin;lean",0.455978542600549,7
"1329","lip;leap",0.498219999100152,7
"1330","lis;lease",0.402857192298108,7
"1331","liz;lees",0.464644039445513,7
"1332","lit;lied",0.473581256969719,7
"1333","liJ;liege",0.287975368276364,7
"1334","lYD;lithe",0.442700919640458,7
"1335","mi;me",0.405127058110196,7
"1336","mid;mead",0.336987766008002,7
"1337","mil;meal",0.406498248180009,7
"1338","min;mean",0.366769058015585,7
"1339","mit;meat",0.34870830114157,7
"1340","mik;meek",0.39838816928652,7
"1341","nip;neap",0.38874040790664,7
"1342","nit;neat",0.363725577800702,7
"1343","nis;niece",0.322650917754756,7
"1344","pi;p",0.460497503749522,7
"1345","pis;peace",0.368839615988474,7
"1346","pik;peak",0.496429524336558,7
"1347","pil;peal",0.46232565010508,7
"1348","piz;pease",0.431204416965084,7
"1349","pit;peat",0.404800675217805,7
"1350","pin;peen",0.423140056156258,7
"1351","pip;peep",0.430107752446947,7
"1352","sam;psalm",0.293807074272446,7
"1353","riC;reach",0.470097355439613,7
"1354","rid;read",0.661518858222022,7
"1355","riL;real",0.4209399882501,7
"1356","rim;ream",0.677948581686494,7
"1357","rip;reap",0.699649310686116,7
"1358","rif;reef",0.468277515251522,7
"1359","rik;reek",0.72495613728322,7
"1360","ril;reel",0.734533539525449,7
"1361","riv;reeve",0.4209399882501,7
"1362","s@k;sac",0.301202677029397,7
"1363","s@d;sad",0.300126843092826,7
"1364","seJ;sage",0.392864953236766,7
"1365","sEd;said",0.353041354576333,7
"1366","sel;sail",0.363131358025071,7
"1367","sek;sake",0.39069907689615,7
"1368","sem;same",0.351632276380417,7
"1369","sen;sane",0.489186899477294,7
"1370","s@p;sap",0.340580498716967,7
"1371","s@t;sat",0.428519142622418,7
"1372","set;sate",0.517803647020775,7
"1373","scs;sauce",0.249258192919934,7
"1374","sc;saw",0.39540099148477,7
"1375","se;say",0.48993242457868,7
"1376","sin;scene",1.64178111338391,7
"1377","skim;scheme",0.190087390937347,7
"1378","sYD;scythe",1.18909247169069,7
"1379","sil;seal",1.51820640848145,7
"1380","sim;seam",1.59671069364707,7
"1381","simi;seamy",0.0964836283405386,7
"1382","sizN;season",0.18937494199173,7
"1383","sit;seat",1.65285553080235,7
"1384","sEJ;sedge",0.346467288700166,7
"1385","sik;seek",1.71057677943125,7
"1386","sip;seep",1.7077520000684,7
"1387","sisc;seesaw",0.112387397976613,7
"1388","siD;seethe",1.69904114433234,7
"1389","siz;seize",1.60722443821762,7
"1390","sEn;sen",0.450261946988611,7
"1391","sipL;sepal",0.0702292709518653,7
"1392","sXin;serene",0.0734433126753713,7
"1393","sRJ;serge",0.280607454064948,7
"1394","sEt;set",0.48072902393155,7
"1395","so;sew",0.418569492443313,7
"1396","suX;sewer",0.430081057209171,7
"1397","son;sewn",0.416774951361506,7
"1398","Si;she",0.652213302444121,7
"1399","Sif;sheaf",0.371079677048098,7
"1400","SiT;sheath",0.420399417306952,7
"1401","SiD;sheathe",0.893597571641237,7
"1402","SiDz;sheaths",0.123377644527451,7
"1403","Sin;sheen",0.606262722672461,7
"1404","Sip;sheep",0.613230418963149,7
"1405","Sit;sheet",0.587923341734008,7
"1406","sIk;sick",0.319885600414495,7
"1407","sYd;side",0.616871502106005,7
"1408","siJ;siege",1.1951299185271,7
"1409","sY;sigh",0.724986890325658,7
"1410","sYn;sign",0.721562282967748,7
"1411","sIl;sill",0.292032020591765,7
"1412","sIn;sin",0.41696698693151,7
"1413","sIp;sip",0.359948547977984,7
"1414","sR;sir",0.400350215488135,7
"1415","sYr;sire",0.417875746034559,7
"1416","sIt;sit",0.446671335471889,7
"1417","sYz;size",0.50788090182599,7
"1418","ski;ski",0.176571876487849,7
"1419","slik;sleek",0.263331660364688,7
"1420","slip;sleep",0.244976775282607,7
"1421","slit;sleet",0.202889787180185,7
"1422","smuD;smooth",0.14950300248963,7
"1423","snik;sneak",0.234057351360679,7
"1424","sniz;sneeze",0.152113779077821,7
"1425","sok;soak",0.319703505904642,7
"1426","sop;soap",0.359766453468131,7
"1427","sak;sock",0.337395975102182,7
"1428","sad;sod",0.338329440923192,7
"1429","sOl;soil",0.205080311884398,7
"1430","sol;sol",0.291861624519679,7
"1431","s^m;some",0.262657111016712,7
"1432","s^n;son",0.40612020788626,7
"1433","sun;soon",0.734120797789075,7
"1434","sUt;soot",0.330534842583717,7
"1435","suT;sooth",0.430081057209171,7
"1436","suD;soothe",0.939558937446114,7
"1437","sap;sop",0.377458922665671,7
"1438","sat;sot",0.464848144893979,7
"1439","sW;sough",0.372753394168861,7
"1440","sct;sought",0.424065892375941,7
"1441","sup;soup",0.673347618442068,7
"1442","sWs;souse",0.209508010953166,7
"1443","sO;soy",0.333240366161207,7
"1444","spik;speak",0.23545591188608,7
"1445","spid;speed",0.207645791403683,7
"1446","stil;steal",0.233424729106783,7
"1447","stim;steam",0.339635127569509,7
"1448","stid;steed",0.304562781625065,7
"1449","stip;steep",0.28301136770195,7
"1450","s^k;suck",0.309474928817614,7
"1451","su;sue",0.737857217719921,7
"1452","sut;suit",0.768371544136042,7
"1453","swit;suite",0.181484876561104,7
"1454","s^p;sup",0.348852750505184,7
"1455","sRi;surrey",0.186143436084943,7
"1456","swid;swede",0.274808393409679,7
"1457","swip;sweep",0.251930354594478,7
"1458","ti;t",0.674677214264244,7
"1459","tiC;teach",0.392977993640762,7
"1460","tik;teak",0.660105938315682,7
"1461","til;teal",0.714638609392505,7
"1462","tim;team",0.659028382176476,7
"1463","tiz;tease",0.630476006019858,7
"1464","tiT;teeth",0.440893202538893,7
"1465","tiD;teethe",0.8999458283801,7
"1466","Di;thee",0.340012900510604,7
"1467","Tim;theme",0.253813902442797,7
"1468","Diz;these",0.295425264099483,7
"1469","tYD;tithe",0.560863244615917,7
"1470","vi;v",0.324382914945432,7
"1471","vil;veal",0.324098676412626,7
"1472","wi;we",0.407916676547074,7
"1473","wik;weak",0.40112416699922,7
"1474","wil;weal",0.409266621543013,7
"1475","win;wean",0.369505055728284,7
"1476","wid;weed",0.379797358737403,7
"1477","wip;weep",0.412715259221255,7
"1478","riT;wreath",0.516159459072091,7
"1479","riD;wreathe",1.12321520548189,7
"1480","rYD;writhe",0.549778654901138,7
"1481","yi;ye",0.328851011495025,7
"1482","yin;yean",0.286205914541993,7
"1483","zi;z",0.324382914945432,7
"1484","zil;zeal",0.324098676412626,7
"1485","bi;b",0.474318670222039,8
"1486","bid;bead",0.377075382966372,8
"1487","bik;beak",0.446499765322195,8
"1488","bim;beam",0.375554712834638,8
"1489","bin;bean",0.411703290614225,8
"1490","bit;beat",0.396442933678605,8
"1491","briD;breathe",0.0859536575238234,8
"1492","si;c",1.64487675237248,8
"1493","sizX;caesar",0.264659171608112,8
"1494","ki;cay",0.451508120845734,8
"1495","sis;cease",1.2446040498756,8
"1496","sikM;cecum",0.0612237107037256,8
"1497","sidX;cedar",0.161371540205103,8
"1498","sid;cede",1.48108213164146,8
"1499","sEl;cell",0.341256910571874,8
"1500","Cip;cheap",0.379767547568575,8
"1501","Cit;cheat",0.354527159959064,8
"1502","Cik;cheek",0.403739765262408,8
"1503","Ciz;cheese",0.359075073070851,8
"1504","Sik;chic",0.633381159366241,8
"1505","sYt;cite",0.766943604432898,8
"1506","di;d",0.469562585694168,8
"1507","dil;deal",0.459586803276327,8
"1508","din;dean",0.407107963134711,8
"1509","did;deed",0.372548337352201,8
"1510","dim;deem",0.371175290658672,8
"1511","dip;deep",0.417510944858441,8
"1512","i;e",0.440972130002666,8
"1513","iz;ease",0.369532485419259,8
"1514","it;eat",0.362826142691641,8
"1515","il;eel",0.43073130631062,8
"1516","ik;eke",0.412487975024614,8
"1517","fit;feat",0.362866878895671,8
"1518","fiz;feaze",0.369542462786747,8
"1519","fi;fee",0.441059390293216,8
"1520","fid;feed",0.343164982346998,8
"1521","fil;feel",0.430799683614738,8
"1522","Ji;g",0.366995287364143,8
"1523","gis;geese",0.193169533585832,8
"1524","Jin;gene",0.301161901151179,8
"1525","hi;he",0.431786010987111,8
"1526","hil;heal",0.421694351946704,8
"1527","hip;heap",0.379481270850006,8
"1528","hit;heat",0.3540158051792,8
"1529","hid;heed",0.334497046286746,8
"1530","Ysi;icy",0.0487247940696443,8
"1531","kil;keel",0.399905722654191,8
"1532","kin;keen",0.346810772104776,8
"1533","kip;keep",0.357122062275223,8
"1534","nid;knead",0.371641718247456,8
"1535","ni;knee",0.468721409715781,8
"1536","nil;kneel",0.45872602125089,8
"1537","li;lea",0.55001536768444,8
"1538","lik;leak",0.565424904358761,8
"1539","lil;leal",0.54079924276693,8
"1540","lin;lean",0.489206388475169,8
"1541","lip;leap",0.537710370140531,8
"1542","lis;lease",0.407551053303933,8
"1543","liz;lees",0.484407562630377,8
"1544","lit;lied",0.511601508278192,8
"1545","liJ;liege",0.289104528855572,8
"1546","lYD;lithe",0.408536242148688,8
"1547","mi;me",0.454655400571714,8
"1548","mid;mead",0.358472363778414,8
"1549","mil;meal",0.444914919454224,8
"1550","min;mean",0.392785318198748,8
"1551","mit;meat",0.377524961263127,8
"1552","mik;meek",0.427581792906718,8
"1553","nip;neap",0.41662262399751,8
"1554","nit;neat",0.39095928533816,8
"1555","nis;niece",0.319568614585321,8
"1556","pi;p",0.5161328613583,8
"1557","pis;peace",0.372494470494505,8
"1558","pik;peak",0.534124895082978,8
"1559","pil;peal",0.506796944025514,8
"1560","piz;pease",0.449744635698378,8
"1561","pit;peat",0.439580508484886,8
"1562","pin;peen",0.455102631059371,8
"1563","pip;peep",0.465575550479936,8
"1564","sam;psalm",0.300497879550276,8
"1565","riC;reach",0.474574155186682,8
"1566","rid;read",0.674480422505052,8
"1567","riL;real",0.425823133425883,8
"1568","rim;ream",0.675288213489002,8
"1569","rip;reap",0.720667979596262,8
"1570","rif;reef",0.472303109377255,8
"1571","rik;reek",0.745772981451034,8
"1572","ril;reel",0.764266248625099,8
"1573","riv;reeve",0.425823133425883,8
"1574","s@k;sac",0.322231210821068,8
"1575","s@d;sad",0.309603993445636,8
"1576","seJ;sage",0.39539264597487,8
"1577","sEd;said",0.363867833974844,8
"1578","sel;sail",0.389144716327288,8
"1579","sek;sake",0.422445934014581,8
"1580","sem;same",0.365468962844931,8
"1581","sen;sane",0.521916323147896,8
"1582","s@p;sap",0.359271423985862,8
"1583","s@t;sat",0.461989516031221,8
"1584","set;sate",0.562456654290317,8
"1585","scs;sauce",0.237004804926794,8
"1586","sc;saw",0.421005377448381,8
"1587","se;say",0.533290580718578,8
"1588","sin;scene",1.4799606137066,8
"1589","skim;scheme",0.180030905886351,8
"1590","sYD;scythe",1.07403997852522,8
"1591","sil;seal",1.37290464650069,8
"1592","sim;seam",1.40303952595614,8
"1593","simi;seamy",0.0821401066174992,8
"1594","sizN;season",0.175857075179301,8
"1595","sit;seat",1.51670572607324,8
"1596","sEJ;sedge",0.341099390740844,8
"1597","sik;seek",1.55638016544956,8
"1598","sip;seep",1.55371232766046,8
"1599","sisc;seesaw",0.0934999584128766,8
"1600","siD;seethe",1.3572024497155,8
"1601","siz;seize",1.41893481954176,8
"1602","sEn;sen",0.473660779988608,8
"1603","sipL;sepal",0.0611449728981989,8
"1604","sXin;serene",0.0633452101746431,8
"1605","sRJ;serge",0.267878899765844,8
"1606","sEt;set",0.51595431915615,8
"1607","so;sew",0.455507585266044,8
"1608","suX;sewer",0.407584984336031,8
"1609","son;sewn",0.443265818194052,8
"1610","Si;she",0.666375586386102,8
"1611","Sif;sheaf",0.352711389041318,8
"1612","SiT;sheath",0.401902076303057,8
"1613","SiD;sheathe",0.747022619131972,8
"1614","SiDz;sheaths",0.0980927435368662,8
"1615","Sin;sheen",0.598184155681423,8
"1616","Sip;sheep",0.608657075101988,8
"1617","Sit;sheet",0.582662033106938,8
"1618","sIk;sick",0.345159909110021,8
"1619","sYd;side",0.605565737546065,8
"1620","siJ;siege",1.01005115091262,8
"1621","sY;sigh",0.735677272171848,8
"1622","sYn;sign",0.721928871934893,8
"1623","sIl;sill",0.311737438622996,8
"1624","sIn;sin",0.443052494310457,8
"1625","sIp;sip",0.382916995142573,8
"1626","sR;sir",0.4237629277152,8
"1627","sYr;sire",0.407137528759739,8
"1628","sIt;sit",0.484552551283246,8
"1629","sYz;size",0.485227910721396,8
"1630","ski;ski",0.174264181522569,8
"1631","slik;sleek",0.267260850771292,8
"1632","slip;sleep",0.250951350487708,8
"1633","slit;sleet",0.205155728712031,8
"1634","smuD;smooth",0.122438463492259,8
"1635","snik;sneak",0.226952887396828,8
"1636","sniz;sneeze",0.139787508104802,8
"1637","sok;soak",0.345378111423949,8
"1638","sop;soap",0.383135197456501,8
"1639","sak;sock",0.361348705023625,8
"1640","sad;sod",0.350553267446525,8
"1641","sOl;soil",0.213984246900261,8
"1642","sol;sol",0.311961188447126,8
"1643","s^m;some",0.265490839383759,8
"1644","s^n;son",0.426369996733298,8
"1645","sun;soon",0.722578892565363,8
"1646","sUt;soot",0.353675393945471,8
"1647","suT;sooth",0.407584984336031,8
"1648","suD;soothe",0.810022413426505,8
"1649","sap;sop",0.399105791056176,8
"1650","sat;sot",0.501431306721864,8
"1651","sW;sough",0.392202178128953,8
"1652","sct;sought",0.451105391604815,8
"1653","sup;soup",0.659078250206973,8
"1654","sWs;souse",0.194587158819412,8
"1655","sO;soy",0.357637597790875,8
"1656","spik;speak",0.236426590683185,8
"1657","spid;speed",0.20572679773008,8
"1658","stil;steal",0.234965603389046,8
"1659","stim;steam",0.334603261484063,8
"1660","stid;steed",0.307205091960309,8
"1661","stip;steep",0.288379282998213,8
"1662","s^k;suck",0.329021920000696,8
"1663","su;sue",0.736508094433954,8
"1664","sut;suit",0.767936674381045,8
"1665","swit;suite",0.180605641089024,8
"1666","s^p;sup",0.366062133165489,8
"1667","sRi;surrey",0.18525628731697,8
"1668","swid;swede",0.276695955079521,8
"1669","swip;sweep",0.25680461369963,8
"1670","ti;t",0.69208633173779,8
"1671","tiC;teach",0.377731054335198,8
"1672","tik;teak",0.658402551856172,8
"1673","til;teal",0.723733628303994,8
"1674","tim;team",0.636754138900914,8
"1675","tiz;tease",0.612935061679616,8
"1676","tiT;teeth",0.425170534089246,8
"1677","tiD;teethe",0.776775733095654,8
"1678","Di;thee",0.37765322536979,8
"1679","Tim;theme",0.246709022612458,8
"1680","Diz;these",0.29716438764092,8
"1681","tYD;tithe",0.509299823649854,8
"1682","vi;v",0.362701861884297,8
"1683","vil;veal",0.351395166877166,8
"1684","wi;we",0.45825701575258,8
"1685","wik;weak",0.431088625290646,8
"1686","wil;weal",0.448478737281838,8
"1687","win;wean",0.396292150582676,8
"1688","wid;weed",0.404260857022782,8
"1689","wip;weep",0.445553705745495,8
"1690","riT;wreath",0.520778856085804,8
"1691","riD;wreathe",0.992609066499948,8
"1692","rYD;writhe",0.502369330165157,8
"1693","yi;ye",0.366995287364143,8
"1694","yin;yean",0.301161901151179,8
"1695","zi;z",0.362701861884297,8
"1696","zil;zeal",0.351395166877166,8
"1697","bi;b",0.516655510415307,9
"1698","bid;bead",0.393419101473894,9
"1699","bik;beak",0.467643792684682,9
"1700","bim;beam",0.376725230061312,9
"1701","bin;bean",0.431518992743663,9
"1702","bit;beat",0.419264203509519,9
"1703","briD;breathe",0.0740858256695273,9
"1704","si;c",1.56350483907623,9
"1705","sizX;caesar",0.245730475609705,9
"1706","ki;cay",0.490211516374648,9
"1707","sis;cease",1.09105714056227,9
"1708","sikM;cecum",0.0546129713547075,9
"1709","sidX;cedar",0.150393386662362,9
"1710","sid;cede",1.36877911070139,9
"1711","sEl;cell",0.35345601781956,9
"1712","Cip;cheap",0.397854415935133,9
"1713","Cit;cheat",0.373060784982903,9
"1714","Cik;cheek",0.420564528125453,9
"1715","Ciz;cheese",0.362373145727658,9
"1716","Sik;chic",0.626411037324663,9
"1717","sYt;cite",0.771106694649122,9
"1718","di;d",0.511717626684095,9
"1719","dil;deal",0.490878796675636,9
"1720","din;dean",0.42676489448957,9
"1721","did;deed",0.388742570901192,9
"1722","dim;deem",0.372215398391392,9
"1723","dip;deep",0.439749731468029,9
"1724","i;e",0.481283086149126,9
"1725","iz;ease",0.375031600438757,9
"1726","it;eat",0.383705694189116,9
"1727","il;eel",0.46020346191244,9
"1728","ik;eke",0.431675101685835,9
"1729","fit;feat",0.3832056391679,9
"1730","fiz;feaze",0.374521645117466,9
"1731","fi;fee",0.480800372784937,9
"1732","fid;feed",0.35710469963029,9
"1733","fil;feel",0.459713396518949,9
"1734","Ji;g",0.400814774157102,9
"1735","gis;geese",0.180754622276529,9
"1736","Jin;gene",0.312904880185606,9
"1737","hi;he",0.472334313247766,9
"1738","hil;heal",0.451415757458785,9
"1739","hip;heap",0.40019213454815,9
"1740","hit;heat",0.375161344638571,9
"1741","hid;heed",0.349241790308062,9
"1742","Ysi;icy",0.0441630689134449,9
"1743","kil;keel",0.427509106693929,9
"1744","kin;keen",0.362906199657489,9
"1745","kip;keep",0.375734787152185,9
"1746","nid;knead",0.386725217826391,9
"1747","ni;knee",0.509686650384826,9
"1748","nil;kneel",0.488850455695751,9
"1749","li;lea",0.597567584205861,9
"1750","lik;leak",0.593220526424021,9
"1751","lil;leal",0.577447418774623,9
"1752","lin;lean",0.514114394318389,9
"1753","lip;leap",0.566920109135605,9
"1754","lis;lease",0.408495345380183,9
"1755","liz;lees",0.496541163459295,9
"1756","lit;lied",0.540621739694931,9
"1757","liJ;liege",0.290538012830627,9
"1758","lYD;lithe",0.373748868760375,9
"1759","mi;me",0.497691061894957,9
"1760","mid;mead",0.3755700451888,9
"1761","mil;meal",0.477095231520365,9
"1762","min;mean",0.413340191189604,9
"1763","mit;meat",0.40108540195546,9
"1764","mik;meek",0.449464991130622,9
"1765","nip;neap",0.437727075442267,9
"1766","nit;neat",0.412487449229663,9
"1767","nis;niece",0.315154681387953,9
"1768","pi;p",0.563130783558406,9
"1769","pis;peace",0.373097311735064,9
"1770","pik;peak",0.560953603336617,9
"1771","pil;peal",0.542890068985572,9
"1772","piz;pease",0.461384312060049,9
"1773","pit;peat",0.466982368741411,9
"1774","pin;peen",0.479467013545399,9
"1775","pip;peep",0.492572799240216,9
"1776","sam;psalm",0.30443929583618,9
"1777","riC;reach",0.473357654746195,9
"1778","rid;read",0.680810608727216,9
"1779","riL;real",0.425863891971366,9
"1780","rim;ream",0.666250033294616,9
"1781","rip;reap",0.733044830147229,9
"1782","rif;reef",0.470696636751352,9
"1783","rik;reek",0.756914575985453,9
"1784","ril;reel",0.78543528529883,9
"1785","riv;reeve",0.425863891971366,9
"1786","s@k;sac",0.338774655522311,9
"1787","s@d;sad",0.31520304528501,9
"1788","seJ;sage",0.396096655150628,9
"1789","sEd;said",0.369259864465673,9
"1790","sel;sail",0.409247454806831,9
"1791","sek;sake",0.447024144748897,9
"1792","sem;same",0.374908248850923,9
"1793","sen;sane",0.544244926897886,9
"1794","s@p;sap",0.372166996513595,9
"1795","s@t;sat",0.486602842030787,9
"1796","set;sate",0.595436148502152,9
"1797","scs;sauce",0.225072226677013,9
"1798","sc;saw",0.437371214128863,9
"1799","se;say",0.564193029356389,9
"1800","sin;scene",1.36970909960305,9
"1801","skim;scheme",0.16987703007559,9
"1802","sYD;scythe",0.982135424126541,9
"1803","sil;seal",1.28118473349543,9
"1804","sim;seam",1.26234013143373,9
"1805","simi;seamy",0.0711207569912581,9
"1806","sizN;season",0.161972886744482,9
"1807","sit;seat",1.42907773436941,9
"1808","sEJ;sedge",0.335036647102885,9
"1809","sik;seek",1.45125839633847,9
"1810","sip;seep",1.44895314650617,9
"1811","sisc;seesaw",0.0788867850276708,9
"1812","siD;seethe",1.14055077500319,9
"1813","siz;seize",1.28031536661241,9
"1814","sEn;sen",0.487859971764413,9
"1815","sipL;sepal",0.0545298406623853,9
"1816","sXin;serene",0.0559579588362006,9
"1817","sRJ;serge",0.256364425069887,9
"1818","sEt;set",0.54061765010663,9
"1819","so;sew",0.482186917901346,9
"1820","suX;sewer",0.386379793542116,9
"1821","son;sewn",0.461552569256258,9
"1822","Si;she",0.679243273894255,9
"1823","Sif;sheaf",0.335893285423478,9
"1824","SiT;sheath",0.383851100045428,9
"1825","SiD;sheathe",0.645387141625365,9
"1826","SiDz;sheaths",0.0799837857310359,9
"1827","Sin;sheen",0.58982680219402,9
"1828","Sip;sheep",0.602932587888837,9
"1829","Sit;sheet",0.577342157390032,9
"1830","sIk;sick",0.365418211004723,9
"1831","sYd;side",0.591673578733794,9
"1832","siJ;siege",0.883792875430438,9
"1833","sY;sigh",0.738034997343046,9
"1834","sYn;sign",0.716021971702921,9
"1835","sIl;sill",0.327654774690177,9
"1836","sIn;sin",0.461026359260481,9
"1837","sIp;sip",0.399505145907844,9
"1838","sR;sir",0.438086222917019,9
"1839","sYr;sire",0.394890482578268,9
"1840","sIt;sit",0.513026183741183,9
"1841","sYz;size",0.463947646813924,9
"1842","ski;ski",0.170487306010678,9
"1843","slik;sleek",0.267011297162995,9
"1844","slip;sleep",0.253295881368668,9
"1845","slit;sleet",0.205568427241461,9
"1846","smuD;smooth",0.102976879625337,9
"1847","snik;sneak",0.2179381704225,9
"1848","sniz;sneeze",0.128656158702584,9
"1849","sok;soak",0.365943459791354,9
"1850","sop;soap",0.400030394694474,9
"1851","sak;sock",0.379772209416884,9
"1852","sad;sod",0.35782297444693,9
"1853","sOl;soil",0.221564997888451,9
"1854","sol;sol",0.328178593448676,9
"1855","s^m;some",0.26650374540681,9
"1856","s^n;son",0.438994606862666,9
"1857","sun;soon",0.707577052341718,9
"1858","sUt;soot",0.370827315262072,9
"1859","suT;sooth",0.386379793542116,9
"1860","suD;soothe",0.71705393817181,9
"1861","sap;sop",0.413859144320005,9
"1862","sat;sot",0.528040782509418,9
"1863","sW;sough",0.403724407564604,9
"1864","sct;sought",0.469582968675107,9
"1865","sup;soup",0.643118586812925,9
"1866","sWs;souse",0.181019197804568,9
"1867","sO;soy",0.374683873711389,9
"1868","spik;speak",0.234126324362089,9
"1869","spid;speed",0.201964950936696,9
"1870","stil;steal",0.233315542859501,9
"1871","stim;steam",0.325255162582349,9
"1872","stid;steed",0.3048177150652,9
"1873","stip;steep",0.288575868872247,9
"1874","s^k;suck",0.343985261982491,9
"1875","su;sue",0.729651187202096,9
"1876","sut;suit",0.762779551323489,9
"1877","swit;suite",0.178649233122842,9
"1878","s^p;sup",0.377377602973776,9
"1879","sRi;surrey",0.182486537075574,9
"1880","swid;swede",0.275267619980343,9
"1881","swip;sweep",0.258195465968312,9
"1882","ti;t",0.707080773860642,9
"1883","tiC;teach",0.362935869472551,9
"1884","tik;teak",0.653440695982762,9
"1885","til;teal",0.729358429479519,9
"1886","tim;team",0.612745868754455,9
"1887","tiz;tease",0.594687100382808,9
"1888","tiT;teeth",0.408843339724338,9
"1889","tiD;teethe",0.690369237988205,9
"1890","Di;thee",0.410601699179029,9
"1891","Tim;theme",0.238152304703058,9
"1892","Diz;these",0.296267270219409,9
"1893","tYD;tithe",0.461736161684682,9
"1894","vi;v",0.396861779707444,9
"1895","vil;veal",0.374814074756131,9
"1896","wi;we",0.501818693482668,9
"1897","wik;weak",0.453462073366106,9
"1898","wil;weal",0.48117057129282,9
"1899","win;wean",0.417337273425088,9
"1900","wid;weed",0.422868759921643,9
"1901","wip;weep",0.470665083802747,9
"1902","riT;wreath",0.51849480026275,9
"1903","riD;wreathe",0.899362250207816,9
"1904","rYD;writhe",0.457338315531925,9
"1905","yi;ye",0.400814774157102,9
"1906","yin;yean",0.312904880185606,9
"1907","zi;z",0.396861779707444,9
"1908","zil;zeal",0.374814074756131,9
"1909","bi;b",0.552745439379663,10
"1910","bid;bead",0.405862298770923,10
"1911","bik;beak",0.482755528196837,10
"1912","bim;beam",0.375332184589915,10
"1913","bin;bean",0.446721231545676,10
"1914","bit;beat",0.437344542853056,10
"1915","briD;breathe",0.0656088202761235,10
"1916","si;c",1.51338497407237,10
"1917","sizX;caesar",0.226919764082637,10
"1918","ki;cay",0.523530783640266,10
"1919","sis;cease",0.980020308135644,10
"1920","sikM;cecum",0.0499340607290791,10
"1921","sidX;cedar",0.139720763358028,10
"1922","sid;cede",1.2887514839952,10
"1923","sEl;cell",0.362354888272329,10
"1924","Cip;cheap",0.41135796134097,10
"1925","Cit;cheat",0.387725324542738,10
"1926","Cik;cheek",0.43227137770202,10
"1927","Ciz;cheese",0.363084939897585,10
"1928","Sik;chic",0.619349952317408,10
"1929","sYt;cite",0.770237587922517,10
"1930","di;d",0.547837611637885,10
"1931","dil;deal",0.516703636281271,10
"1932","din;dean",0.442009617138662,10
"1933","did;deed",0.401233063321311,10
"1934","dim;deem",0.370879128756633,10
"1935","dip;deep",0.456713436108545,10
"1936","i;e",0.516191414879692,10
"1937","iz;ease",0.37785397829953,10
"1938","it;eat",0.400664026135435,10
"1939","il;eel",0.484837256148225,10
"1940","ik;eke",0.445669642442133,10
"1941","fit;feat",0.399782992369276,10
"1942","fiz;feaze",0.376981754043975,10
"1943","fi;fee",0.515300785737248,10
"1944","fid;feed",0.368108614052342,10
"1945","fil;feel",0.483950027400427,10
"1946","Ji;g",0.430798946930321,10
"1947","gis;geese",0.170456262082503,10
"1948","Jin;gene",0.322410507798799,10
"1949","hi;he",0.507853403651191,10
"1950","hil;heal",0.476661404376853,10
"1951","hip;heap",0.416602689140685,10
"1952","hit;heat",0.392732042180349,10
"1953","hid;heed",0.361226997918822,10
"1954","Ysi;icy",0.0411178001515214,10
"1955","kil;keel",0.450944537495085,10
"1956","kin;keen",0.375871316201657,10
"1957","kip;keep",0.390367245029107,10
"1958","nid;knead",0.398427579968998,10
"1959","ni;knee",0.544946425769712,10
"1960","nil;kneel",0.513835646306118,10
"1961","li;lea",0.637549432155191,10
"1962","lik;leak",0.612695561193452,10
"1963","lil;leal",0.607090393455823,10
"1964","lin;lean",0.533069884573928,10
"1965","lip;leap",0.58853924215203,10
"1966","lis;lease",0.407855843942377,10
"1967","liz;lees",0.503819504362409,10
"1968","lit;lied",0.563015639882284,10
"1969","liJ;liege",0.292237353109046,10
"1970","lYD;lithe",0.340931742220816,10
"1971","mi;me",0.535111777333499,10
"1972","mid;mead",0.389332949326391,10
"1973","mil;meal",0.504213722015999,10
"1974","min;mean",0.429866682922335,10
"1975","mit;meat",0.420489994229715,10
"1976","mik;meek",0.465900979573496,10
"1977","nip;neap",0.453881426851004,10
"1978","nit;neat",0.429800919188501,10
"1979","nis;niece",0.310910160470015,10
"1980","pi;p",0.602922973900352,10
"1981","pis;peace",0.372443137372779,10
"1982","pik;peak",0.579850971107139,10
"1983","pil;peal",0.572340793084029,10
"1984","piz;pease",0.468531327398433,10
"1985","pit;peat",0.488671247104062,10
"1986","pin;peen",0.498238992118363,10
"1987","pip;peep",0.513104863248725,10
"1988","sam;psalm",0.306673151608522,10
"1989","riC;reach",0.468918863777362,10
"1990","rid;read",0.682945889351545,10
"1991","riL;real",0.422968843379409,10
"1992","rim;ream",0.654247883054644,10
"1993","rip;reap",0.739617819482156,10
"1994","rif;reef",0.465971409211827,10
"1995","rik;reek",0.761659222600413,10
"1996","ril;reel",0.800646394027918,10
"1997","riv;reeve",0.422968843379409,10
"1998","s@k;sac",0.351709004329193,10
"1999","s@d;sad",0.318256411564885,10
"2000","seJ;sage",0.396055357742844,10
"2001","sEd;said",0.371319090227866,10
"2002","sel;sail",0.424806242644732,10
"2003","sek;sake",0.465922949934905,10
"2004","sem;same",0.381332312179455,10
"2005","sen;sane",0.559085327206275,10
"2006","s@p;sap",0.380961693372781,10
"2007","s@t;sat",0.504359020065947,10
"2008","set;sate",0.619364345297725,10
"2009","scs;sauce",0.214457190904714,10
"2010","sc;saw",0.447144451139553,10
"2011","se;say",0.585571863526458,10
"2012","sin;scene",1.29430610103973,10
"2013","skim;scheme",0.160476882320084,10
"2014","sYD;scythe",0.906317276088673,10
"2015","sil;seal",1.22398172567648,10
"2016","sim;seam",1.15963656317862,10
"2017","simi;seamy",0.0628757609265141,10
"2018","sizN;season",0.148852941636436,10
"2019","sit;seat",1.37231945213569,10
"2020","sEJ;sedge",0.329356900665194,10
"2021","sik;seek",1.37902036923948,10
"2022","sip;seep",1.37712432677102,10
"2023","sisc;seesaw",0.0679232853631439,10
"2024","siD;seethe",0.997428447369726,10
"2025","siz;seize",1.17704945468603,10
"2026","sEn;sen",0.495895763153249,10
"2027","sipL;sepal",0.0498561907134606,10
"2028","sXin;serene",0.0507219924917848,10
"2029","sRJ;serge",0.246679509552771,10
"2030","sEt;set",0.557516182694634,10
"2031","so;sew",0.500841807978904,10
"2032","suX;sewer",0.36758877162434,10
"2033","son;sewn",0.473826866336662,10
"2034","Si;she",0.692026079841469,10
"2035","Sif;sheaf",0.321709320192084,10
"2036","SiT;sheath",0.36800096976807,10
"2037","SiD;sheathe",0.574213481477052,10
"2038","SiDz;sheaths",0.0671964492901616,10
"2039","Sin;sheen",0.582824314192573,10
"2040","Sip;sheep",0.597690185322934,10
"2041","Sit;sheet",0.573256569178271,10
"2042","sIk;sick",0.381506616093744,10
"2043","sYd;side",0.576983881437575,10
"2044","siJ;siege",0.797192481112411,10
"2045","sY;sigh",0.73486657846574,10
"2046","sYn;sign",0.706598470388663,10
"2047","sIl;sill",0.34050085469625,10
"2048","sIn;sin",0.473115919259014,10
"2049","sIp;sip",0.411399022645863,10
"2050","sR;sir",0.446149815222509,10
"2051","sYr;sire",0.382316079070406,10
"2052","sIt;sit",0.534052798661125,10
"2053","sYz;size",0.444578743683718,10
"2054","ski;ski",0.166365286558905,10
"2055","slik;sleek",0.264410354726873,10
"2056","slip;sleep",0.253311821753797,10
"2057","slit;sleet",0.204922946701654,10
"2058","smuD;smooth",0.0889943477282557,10
"2059","snik;sneak",0.208657276606721,10
"2060","sniz;sneeze",0.119070880861111,10
"2061","sok;soak",0.382211553560151,10
"2062","sop;soap",0.41210396011227,10
"2063","sak;sock",0.393882172840387,10
"2064","sad;sod",0.361842602839507,10
"2065","sOl;soil",0.228010595451481,10
"2066","sol;sol",0.341198407504667,10
"2067","s^m;some",0.266548170410933,10
"2068","s^n;son",0.446434481797808,10
"2069","sun;soon",0.691825932926919,10
"2070","sUt;soot",0.38324361642523,10
"2071","suT;sooth",0.36758877162434,10
"2072","suD;soothe",0.648820617924306,10
"2073","sap;sop",0.423774579392506,10
"2074","sat;sot",0.547029112396435,10
"2075","sW;sough",0.409842429943448,10
"2076","sct;sought",0.481857189184011,10
"2077","sup;soup",0.6275839144559,10
"2078","sWs;souse",0.169452044979761,10
"2079","sO;soy",0.386114912220308,10
"2080","spik;speak",0.230124453296765,10
"2081","spid;speed",0.197306986373826,10
"2082","stil;steal",0.229879809201144,10
"2083","stim;steam",0.314122731272851,10
"2084","stid;steed",0.299546872524361,10
"2085","stip;steep",0.285628889638998,10
"2086","s^k;suck",0.355435751882595,10
"2087","su;sue",0.720057565971936,10
"2088","sut;suit",0.755398801323094,10
"2089","swit;suite",0.176269420632404,10
"2090","s^p;sup",0.384688440926183,10
"2091","sRi;surrey",0.179069187701382,10
"2092","swid;swede",0.272040754129346,10
"2093","swip;sweep",0.257483703468986,10
"2094","ti;t",0.72077946963141,10
"2095","tiC;teach",0.349597896245887,10
"2096","tik;teak",0.647208429677143,10
"2097","til;teal",0.733351204163218,10
"2098","tim;team",0.589759689162051,10
"2099","tiz;tease",0.5776125885874,10
"2100","tiT;teeth",0.393620156817552,10
"2101","tiD;teethe",0.627523924853005,10
"2102","Di;thee",0.439557162496166,10
"2103","Tim;theme",0.229555397608079,10
"2104","Diz;these",0.294139930509549,10
"2105","tYD;tithe",0.419272512780177,10
"2106","vi;v",0.427267604625161,10
"2107","vil;veal",0.39503446823031,10
"2108","wi;we",0.539499083474371,10
"2109","wik;weak",0.470131654086171,10
"2110","wil;weal",0.508538076241936,10
"2111","win;wean",0.43409735743501,10
"2112","wid;weed",0.437152915878587,10
"2113","wip;weep",0.489883799908481,10
"2114","riT;wreath",0.512494596185758,10
"2115","riD;wreathe",0.830627865866096,10
"2116","rYD;writhe",0.416491037360035,10
"2117","yi;ye",0.430798946930321,10
"2118","yin;yean",0.322410507798799,10
"2119","zi;z",0.427267604625161,10
"2120","zil;zeal",0.39503446823031,10
