"","node","activation","time"
"1","bi;b",0,1
"2","bid;bead",0,1
"3","bik;beak",0,1
"4","bim;beam",0,1
"5","bin;bean",0,1
"6","bit;beat",0,1
"7","briD;breathe",0,1
"8","si;c",2.5,1
"9","sizX;caesar",0,1
"10","ki;cay",0,1
"11","sis;cease",2.5,1
"12","sikM;cecum",0,1
"13","sidX;cedar",0,1
"14","sid;cede",2.5,1
"15","sEl;cell",0,1
"16","Cip;cheap",0,1
"17","Cit;cheat",0,1
"18","Cik;cheek",0,1
"19","Ciz;cheese",0,1
"20","Sik;chic",0,1
"21","sYt;cite",0,1
"22","di;d",0,1
"23","dil;deal",0,1
"24","din;dean",0,1
"25","did;deed",0,1
"26","dim;deem",0,1
"27","dip;deep",0,1
"28","i;e",0,1
"29","iz;ease",0,1
"30","it;eat",0,1
"31","il;eel",0,1
"32","ik;eke",0,1
"33","fit;feat",0,1
"34","fiz;feaze",0,1
"35","fi;fee",0,1
"36","fid;feed",0,1
"37","fil;feel",0,1
"38","Ji;g",0,1
"39","gis;geese",0,1
"40","Jin;gene",0,1
"41","hi;he",0,1
"42","hil;heal",0,1
"43","hip;heap",0,1
"44","hit;heat",0,1
"45","hid;heed",0,1
"46","Ysi;icy",0,1
"47","kil;keel",0,1
"48","kin;keen",0,1
"49","kip;keep",0,1
"50","nid;knead",0,1
"51","ni;knee",0,1
"52","nil;kneel",0,1
"53","li;lea",0,1
"54","lik;leak",0,1
"55","lil;leal",0,1
"56","lin;lean",0,1
"57","lip;leap",0,1
"58","lis;lease",0,1
"59","liz;lees",0,1
"60","lit;lied",0,1
"61","liJ;liege",0,1
"62","lYD;lithe",0,1
"63","mi;me",0,1
"64","mid;mead",0,1
"65","mil;meal",0,1
"66","min;mean",0,1
"67","mit;meat",0,1
"68","mik;meek",0,1
"69","nip;neap",0,1
"70","nit;neat",0,1
"71","nis;niece",0,1
"72","pi;p",0,1
"73","pis;peace",0,1
"74","pik;peak",0,1
"75","pil;peal",0,1
"76","piz;pease",0,1
"77","pit;peat",0,1
"78","pin;peen",0,1
"79","pip;peep",0,1
"80","sam;psalm",0,1
"81","riC;reach",0,1
"82","rid;read",0,1
"83","riL;real",0,1
"84","rim;ream",0,1
"85","rip;reap",0,1
"86","rif;reef",0,1
"87","rik;reek",0,1
"88","ril;reel",0,1
"89","riv;reeve",0,1
"90","s@k;sac",0,1
"91","s@d;sad",0,1
"92","seJ;sage",0,1
"93","sEd;said",0,1
"94","sel;sail",0,1
"95","sek;sake",0,1
"96","sem;same",0,1
"97","sen;sane",0,1
"98","s@p;sap",0,1
"99","s@t;sat",0,1
"100","set;sate",0,1
"101","scs;sauce",0,1
"102","sc;saw",0,1
"103","se;say",0,1
"104","sin;scene",2.5,1
"105","skim;scheme",0,1
"106","sYD;scythe",2.5,1
"107","sil;seal",2.5,1
"108","sim;seam",2.5,1
"109","simi;seamy",0,1
"110","sizN;season",0,1
"111","sit;seat",2.5,1
"112","sEJ;sedge",0,1
"113","sik;seek",2.5,1
"114","sip;seep",2.5,1
"115","sisc;seesaw",0,1
"116","siD;seethe",60,1
"117","siz;seize",2.5,1
"118","sEn;sen",0,1
"119","sipL;sepal",0,1
"120","sXin;serene",0,1
"121","sRJ;serge",0,1
"122","sEt;set",0,1
"123","so;sew",0,1
"124","suX;sewer",0,1
"125","son;sewn",0,1
"126","Si;she",0,1
"127","Sif;sheaf",0,1
"128","SiT;sheath",0,1
"129","SiD;sheathe",2.5,1
"130","SiDz;sheaths",0,1
"131","Sin;sheen",0,1
"132","Sip;sheep",0,1
"133","Sit;sheet",0,1
"134","sIk;sick",0,1
"135","sYd;side",0,1
"136","siJ;siege",2.5,1
"137","sY;sigh",0,1
"138","sYn;sign",0,1
"139","sIl;sill",0,1
"140","sIn;sin",0,1
"141","sIp;sip",0,1
"142","sR;sir",0,1
"143","sYr;sire",0,1
"144","sIt;sit",0,1
"145","sYz;size",0,1
"146","ski;ski",0,1
"147","slik;sleek",0,1
"148","slip;sleep",0,1
"149","slit;sleet",0,1
"150","smuD;smooth",0,1
"151","snik;sneak",0,1
"152","sniz;sneeze",0,1
"153","sok;soak",0,1
"154","sop;soap",0,1
"155","sak;sock",0,1
"156","sad;sod",0,1
"157","sOl;soil",0,1
"158","sol;sol",0,1
"159","s^m;some",0,1
"160","s^n;son",0,1
"161","sun;soon",0,1
"162","sUt;soot",0,1
"163","suT;sooth",0,1
"164","suD;soothe",2.5,1
"165","sap;sop",0,1
"166","sat;sot",0,1
"167","sW;sough",0,1
"168","sct;sought",0,1
"169","sup;soup",0,1
"170","sWs;souse",0,1
"171","sO;soy",0,1
"172","spik;speak",0,1
"173","spid;speed",0,1
"174","stil;steal",0,1
"175","stim;steam",0,1
"176","stid;steed",0,1
"177","stip;steep",0,1
"178","s^k;suck",0,1
"179","su;sue",0,1
"180","sut;suit",0,1
"181","swit;suite",0,1
"182","s^p;sup",0,1
"183","sRi;surrey",0,1
"184","swid;swede",0,1
"185","swip;sweep",0,1
"186","ti;t",0,1
"187","tiC;teach",0,1
"188","tik;teak",0,1
"189","til;teal",0,1
"190","tim;team",0,1
"191","tiz;tease",0,1
"192","tiT;teeth",0,1
"193","tiD;teethe",2.5,1
"194","Di;thee",0,1
"195","Tim;theme",0,1
"196","Diz;these",0,1
"197","tYD;tithe",0,1
"198","vi;v",0,1
"199","vil;veal",0,1
"200","wi;we",0,1
"201","wik;weak",0,1
"202","wil;weal",0,1
"203","win;wean",0,1
"204","wid;weed",0,1
"205","wip;weep",0,1
"206","riT;wreath",0,1
"207","riD;wreathe",2.5,1
"208","rYD;writhe",0,1
"209","yi;ye",0,1
"210","yin;yean",0,1
"211","zi;z",0,1
"212","zil;zeal",0,1
"213","bi;b",0.025,2
"214","bid;bead",0.037037037037037,2
"215","bik;beak",0.032258064516129,2
"216","bim;beam",0.0454545454545455,2
"217","bin;bean",0.0344827586206897,2
"218","bit;beat",0.03125,2
"219","briD;breathe",0.0666666666666667,2
"220","si;c",3.41267530233743,2
"221","sizX;caesar",0.0454545454545455,2
"222","ki;cay",0.025,2
"223","sis;cease",3.38211974678187,2
"224","sikM;cecum",0.032258064516129,2
"225","sidX;cedar",0.037037037037037,2
"226","sid;cede",3.40063826530039,2
"227","sEl;cell",0.032258064516129,2
"228","Cip;cheap",0.032258064516129,2
"229","Cit;cheat",0.03125,2
"230","Cik;cheek",0.032258064516129,2
"231","Ciz;cheese",0.0454545454545455,2
"232","Sik;chic",0.12316715542522,2
"233","sYt;cite",0.122159090909091,2
"234","di;d",0.025,2
"235","dil;deal",0.032258064516129,2
"236","din;dean",0.0344827586206897,2
"237","did;deed",0.037037037037037,2
"238","dim;deem",0.0454545454545455,2
"239","dip;deep",0.032258064516129,2
"240","i;e",0.025,2
"241","iz;ease",0.0454545454545455,2
"242","it;eat",0.03125,2
"243","il;eel",0.032258064516129,2
"244","ik;eke",0.032258064516129,2
"245","fit;feat",0.03125,2
"246","fiz;feaze",0.0454545454545455,2
"247","fi;fee",0.025,2
"248","fid;feed",0.037037037037037,2
"249","fil;feel",0.032258064516129,2
"250","Ji;g",0.025,2
"251","gis;geese",0.0555555555555556,2
"252","Jin;gene",0.0344827586206897,2
"253","hi;he",0.025,2
"254","hil;heal",0.032258064516129,2
"255","hip;heap",0.032258064516129,2
"256","hit;heat",0.03125,2
"257","hid;heed",0.037037037037037,2
"258","Ysi;icy",0.025,2
"259","kil;keel",0.032258064516129,2
"260","kin;keen",0.0344827586206897,2
"261","kip;keep",0.032258064516129,2
"262","nid;knead",0.037037037037037,2
"263","ni;knee",0.025,2
"264","nil;kneel",0.032258064516129,2
"265","li;lea",0.025,2
"266","lik;leak",0.032258064516129,2
"267","lil;leal",0.032258064516129,2
"268","lin;lean",0.0344827586206897,2
"269","lip;leap",0.032258064516129,2
"270","lis;lease",0.0555555555555556,2
"271","liz;lees",0.0454545454545455,2
"272","lit;lied",0.03125,2
"273","liJ;liege",0.0666666666666667,2
"274","lYD;lithe",0.0909090909090909,2
"275","mi;me",0.025,2
"276","mid;mead",0.037037037037037,2
"277","mil;meal",0.032258064516129,2
"278","min;mean",0.0344827586206897,2
"279","mit;meat",0.03125,2
"280","mik;meek",0.032258064516129,2
"281","nip;neap",0.032258064516129,2
"282","nit;neat",0.03125,2
"283","nis;niece",0.0555555555555556,2
"284","pi;p",0.025,2
"285","pis;peace",0.0555555555555556,2
"286","pik;peak",0.032258064516129,2
"287","pil;peal",0.032258064516129,2
"288","piz;pease",0.0454545454545455,2
"289","pit;peat",0.03125,2
"290","pin;peen",0.0344827586206897,2
"291","pip;peep",0.032258064516129,2
"292","sam;psalm",0.0454545454545455,2
"293","riC;reach",0.0666666666666667,2
"294","rid;read",0.103703703703704,2
"295","riL;real",0.0666666666666667,2
"296","rim;ream",0.112121212121212,2
"297","rip;reap",0.0989247311827957,2
"298","rif;reef",0.0666666666666667,2
"299","rik;reek",0.0989247311827957,2
"300","ril;reel",0.0989247311827957,2
"301","riv;reeve",0.0666666666666667,2
"302","s@k;sac",0.032258064516129,2
"303","s@d;sad",0.037037037037037,2
"304","seJ;sage",0.0666666666666667,2
"305","sEd;said",0.037037037037037,2
"306","sel;sail",0.032258064516129,2
"307","sek;sake",0.032258064516129,2
"308","sem;same",0.0454545454545455,2
"309","sen;sane",0.0344827586206897,2
"310","s@p;sap",0.032258064516129,2
"311","s@t;sat",0.03125,2
"312","set;sate",0.03125,2
"313","scs;sauce",0.0555555555555556,2
"314","sc;saw",0.025,2
"315","se;say",0.025,2
"316","sin;scene",3.40319254371674,2
"317","skim;scheme",0.0454545454545455,2
"318","sYD;scythe",3.11111111111111,2
"319","sil;seal",3.4054172378213,2
"320","sim;seam",3.39222075688288,2
"321","simi;seamy",0.0454545454545455,2
"322","sizN;season",0.0454545454545455,2
"323","sit;seat",3.40642530233743,2
"324","sEJ;sedge",0.0666666666666667,2
"325","sik;seek",3.4054172378213,2
"326","sip;seep",3.4054172378213,2
"327","sisc;seesaw",0.0555555555555556,2
"328","siD;seethe",36.8881803528425,2
"329","siz;seize",3.39222075688288,2
"330","sEn;sen",0.0344827586206897,2
"331","sipL;sepal",0.032258064516129,2
"332","sXin;serene",0.0344827586206897,2
"333","sRJ;serge",0.0666666666666667,2
"334","sEt;set",0.03125,2
"335","so;sew",0.025,2
"336","suX;sewer",0.111111111111111,2
"337","son;sewn",0.0344827586206897,2
"338","Si;she",0.115909090909091,2
"339","Sif;sheaf",0.0909090909090909,2
"340","SiT;sheath",0.0909090909090909,2
"341","SiD;sheathe",3.15757575757576,2
"342","SiDz;sheaths",0.0909090909090909,2
"343","Sin;sheen",0.125391849529781,2
"344","Sip;sheep",0.12316715542522,2
"345","Sit;sheet",0.122159090909091,2
"346","sIk;sick",0.032258064516129,2
"347","sYd;side",0.127946127946128,2
"348","siJ;siege",3.37100863567076,2
"349","sY;sigh",0.115909090909091,2
"350","sYn;sign",0.125391849529781,2
"351","sIl;sill",0.032258064516129,2
"352","sIn;sin",0.0344827586206897,2
"353","sIp;sip",0.032258064516129,2
"354","sR;sir",0.025,2
"355","sYr;sire",0.0909090909090909,2
"356","sIt;sit",0.03125,2
"357","sYz;size",0.136363636363636,2
"358","ski;ski",0.025,2
"359","slik;sleek",0.032258064516129,2
"360","slip;sleep",0.032258064516129,2
"361","slit;sleet",0.03125,2
"362","smuD;smooth",0.111111111111111,2
"363","snik;sneak",0.032258064516129,2
"364","sniz;sneeze",0.0454545454545455,2
"365","sok;soak",0.032258064516129,2
"366","sop;soap",0.032258064516129,2
"367","sak;sock",0.032258064516129,2
"368","sad;sod",0.037037037037037,2
"369","sOl;soil",0.032258064516129,2
"370","sol;sol",0.032258064516129,2
"371","s^m;some",0.0454545454545455,2
"372","s^n;son",0.0344827586206897,2
"373","sun;soon",0.145593869731801,2
"374","sUt;soot",0.03125,2
"375","suT;sooth",0.111111111111111,2
"376","suD;soothe",3.09090909090909,2
"377","sap;sop",0.032258064516129,2
"378","sat;sot",0.03125,2
"379","sW;sough",0.025,2
"380","sct;sought",0.03125,2
"381","sup;soup",0.14336917562724,2
"382","sWs;souse",0.0555555555555556,2
"383","sO;soy",0.025,2
"384","spik;speak",0.032258064516129,2
"385","spid;speed",0.037037037037037,2
"386","stil;steal",0.032258064516129,2
"387","stim;steam",0.0454545454545455,2
"388","stid;steed",0.037037037037037,2
"389","stip;steep",0.032258064516129,2
"390","s^k;suck",0.032258064516129,2
"391","su;sue",0.136111111111111,2
"392","sut;suit",0.142361111111111,2
"393","swit;suite",0.03125,2
"394","s^p;sup",0.032258064516129,2
"395","sRi;surrey",0.025,2
"396","swid;swede",0.037037037037037,2
"397","swip;sweep",0.032258064516129,2
"398","ti;t",0.115909090909091,2
"399","tiC;teach",0.0909090909090909,2
"400","tik;teak",0.12316715542522,2
"401","til;teal",0.12316715542522,2
"402","tim;team",0.136363636363636,2
"403","tiz;tease",0.136363636363636,2
"404","tiT;teeth",0.0909090909090909,2
"405","tiD;teethe",3.15757575757576,2
"406","Di;thee",0.025,2
"407","Tim;theme",0.0454545454545455,2
"408","Diz;these",0.0454545454545455,2
"409","tYD;tithe",0.181818181818182,2
"410","vi;v",0.025,2
"411","vil;veal",0.032258064516129,2
"412","wi;we",0.025,2
"413","wik;weak",0.032258064516129,2
"414","wil;weal",0.032258064516129,2
"415","win;wean",0.0344827586206897,2
"416","wid;weed",0.037037037037037,2
"417","wip;weep",0.032258064516129,2
"418","riT;wreath",0.0666666666666667,2
"419","riD;wreathe",3.18181818181818,2
"420","rYD;writhe",0.157575757575758,2
"421","yi;ye",0.025,2
"422","yin;yean",0.0344827586206897,2
"423","zi;z",0.025,2
"424","zil;zeal",0.032258064516129,2
"425","bi;b",0.0653802220921782,3
"426","bid;bead",0.0867187684471247,3
"427","bik;beak",0.081246349430408,3
"428","bim;beam",0.105777189312489,3
"429","bin;bean",0.0835718605844833,3
"430","bit;beat",0.0760769340914128,3
"431","briD;breathe",0.124848484848485,3
"432","si;c",3.56902608307425,3
"433","sizX;caesar",0.105447784805278,3
"434","ki;cay",0.0651021647431212,3
"435","sis;cease",3.51765541801125,3
"436","sikM;cecum",0.0632957062944684,3
"437","sidX;cedar",0.0786626544354267,3
"438","sid;cede",3.5438405909717,3
"439","sEl;cell",0.0773634805874929,3
"440","Cip;cheap",0.0778237547133087,3
"441","Cit;cheat",0.0745797015937934,3
"442","Cik;cheek",0.0797408456341947,3
"443","Ciz;cheese",0.103881557234652,3
"444","Sik;chic",0.262592648589778,3
"445","sYt;cite",0.266228806199259,3
"446","di;d",0.0652260059065529,3
"447","dil;deal",0.08022445754606,3
"448","din;dean",0.083417644398858,3
"449","did;deed",0.0865645522614994,3
"450","dim;deem",0.105622973126863,3
"451","dip;deep",0.0791750423238967,3
"452","i;e",0.0639738422407155,3
"453","iz;ease",0.104086103828494,3
"454","it;eat",0.0745910323126021,3
"455","il;eel",0.0789363621110659,3
"456","ik;eke",0.0797566074058216,3
"457","fit;feat",0.0749039412276616,3
"458","fiz;feaze",0.104399012743554,3
"459","fi;fee",0.064286751155775,3
"460","fid;feed",0.0854748896791542,3
"461","fil;feel",0.0792492710261254,3
"462","Ji;g",0.0609717358319332,3
"463","gis;geese",0.114832739603009,3
"464","Jin;gene",0.0786776841549689,3
"465","hi;he",0.0635555175799666,3
"466","hil;heal",0.078518037450317,3
"467","hip;heap",0.0774211918241867,3
"468","hit;heat",0.0741727076518532,3
"469","hid;heed",0.0847436561033459,3
"470","Ysi;icy",0.0491267530233743,3
"471","kil;keel",0.0774803498042791,3
"472","kin;keen",0.0805503934717767,3
"473","kip;keep",0.0763260452971605,3
"474","nid;knead",0.0871292993492349,3
"475","ni;knee",0.0657907529942884,3
"476","nil;kneel",0.0807892046337956,3
"477","li;lea",0.0692553765895216,3
"478","lik;leak",0.0875339029261104,3
"479","lil;leal",0.084338707548425,3
"480","lin;lean",0.0876531940436279,3
"481","lip;leap",0.0856168120052244,3
"482","lis;lease",0.126465065687504,3
"483","liz;lees",0.110109320737165,3
"484","lit;lied",0.0827026313335781,3
"485","liJ;liege",0.136711074887567,3
"486","lYD;lithe",0.201616161616162,3
"487","mi;me",0.0642411574217044,3
"488","mid;mead",0.0855797037766509,3
"489","mil;meal",0.0792396090612116,3
"490","min;mean",0.0824327959140095,3
"491","mit;meat",0.074937869420939,3
"492","mik;meek",0.0801072847599342,3
"493","nip;neap",0.0797397894116323,3
"494","nit;neat",0.076487464993523,3
"495","nis;niece",0.121866208639197,3
"496","pi;p",0.066799988074014,3
"497","pis;peace",0.123703746066066,3
"498","pik;peak",0.0854639337073973,3
"499","pil;peal",0.0818582301433124,3
"500","piz;pease",0.107511541279266,3
"501","pit;peat",0.0776232132872299,3
"502","pin;peen",0.0851384237559596,3
"503","pip;peep",0.0808818628160285,3
"504","sam;psalm",0.0993940088321472,3
"505","riC;reach",0.150273897879633,3
"506","rid;read",0.226535948803345,3
"507","riL;real",0.145486019091754,3
"508","rim;ream",0.245580786544014,3
"509","rip;reap",0.219239730944697,3
"510","rif;reef",0.150273897879633,3
"511","rik;reek",0.221156821865583,3
"512","ril;reel",0.220586448562635,3
"513","riv;reeve",0.145486019091754,3
"514","s@k;sac",0.0742673951492217,3
"515","s@d;sad",0.0853326473755809,3
"516","seJ;sage",0.145913539131188,3
"517","sEd;said",0.0891468199835522,3
"518","sel;sail",0.0784143800032422,3
"519","sek;sake",0.0787988700651516,3
"520","sem;same",0.102397053247872,3
"521","sen;sane",0.089888403319994,3
"522","s@p;sap",0.0779710988529254,3
"523","s@t;sat",0.0796111752052381,3
"524","set;sate",0.0838424709096984,3
"525","scs;sauce",0.118035320972257,3
"526","sc;saw",0.0677890906857119,3
"527","se;say",0.0705086813986286,3
"528","sin;scene",3.55154303978835,3
"529","skim;scheme",0.0944797713372645,3
"530","sYD;scythe",3.00170365271676,3
"531","sil;seal",3.53841015737156,3
"532","sim;seam",3.53949463459658,3
"533","simi;seamy",0.0889494683069615,3
"534","sizN;season",0.0950100743675675,3
"535","sit;seat",3.5481060915044,3
"536","sEJ;sedge",0.143690860479144,3
"537","sik;seek",3.55810858541546,3
"538","sip;seep",3.55838982185419,3
"539","sisc;seesaw",0.108491549928486,3
"540","siD;seethe",23.2921589676382,3
"541","siz;seize",3.53595382187395,3
"542","sEn;sen",0.0889730252855948,3
"543","sipL;sepal",0.0632957062944684,3
"544","sXin;serene",0.0676302419822998,3
"545","sRJ;serge",0.140166050390374,3
"546","sEt;set",0.0830565036943652,3
"547","so;sew",0.0665320935733199,3
"548","suX;sewer",0.228391780530268,3
"549","son;sewn",0.0857640896573044,3
"550","Si;she",0.247962666884097,3
"551","Sif;sheaf",0.189306412545866,3
"552","SiT;sheath",0.193649846889301,3
"553","SiD;sheathe",3.07484425470026,3
"554","SiDz;sheaths",0.169366391184573,3
"555","Sin;sheen",0.264932118608823,3
"556","Sip;sheep",0.260675557668892,3
"557","Sit;sheet",0.257416908140093,3
"558","sIk;sick",0.0747584750792616,3
"559","sYd;side",0.270379210548534,3
"560","siJ;siege",3.46424025697537,3
"561","sY;sigh",0.252548696341869,3
"562","sYn;sign",0.271528817863634,3
"563","sIl;sill",0.0742827500874076,3
"564","sIn;sin",0.0858922947855095,3
"565","sIp;sip",0.0784621787829653,3
"566","sR;sir",0.0689305048271261,3
"567","sYr;sire",0.191014295410847,3
"568","sIt;sit",0.0799757731942799,3
"569","sYz;size",0.278232161986207,3
"570","ski;ski",0.0581419045385258,3
"571","slik;sleek",0.0744318126894882,3
"572","slip;sleep",0.0729264363454021,3
"573","slit;sleet",0.0694142862848772,3
"574","smuD;smooth",0.204040404040404,3
"575","snik;sneak",0.0771177981810764,3
"576","sniz;sneeze",0.0921752747585744,3
"577","sok;soak",0.0746302699510565,3
"578","sop;soap",0.0783339736547602,3
"579","sak;sock",0.0765201192769459,3
"580","sad;sod",0.0878277336811511,3
"581","sOl;soil",0.0698809132022559,3
"582","sol;sol",0.0741545449592025,3
"583","s^m;some",0.0978137667819385,3
"584","s^n;son",0.0866887140997263,3
"585","sun;soon",0.309009903086655,3
"586","sUt;soot",0.0742801673540689,3
"587","suT;sooth",0.228391780530268,3
"588","suD;soothe",2.96608450483955,3
"589","sap;sop",0.0802238229806496,3
"590","sat;sot",0.0817374173919641,3
"591","sW;sough",0.068393467790089,3
"592","sct;sought",0.0810882481621497,3
"593","sup;soup",0.301054272965716,3
"594","sWs;souse",0.115158216595153,3
"595","sO;soy",0.0631365980170902,3
"596","spik;speak",0.0730925999623298,3
"597","spid;speed",0.0801209651410492,3
"598","stil;steal",0.0731850855875622,3
"599","stim;steam",0.10640619716154,3
"600","stid;steed",0.0865363737069954,3
"601","stip;steep",0.0756768655573481,3
"602","s^k;suck",0.0755189397412836,3
"603","su;sue",0.29011858165369,3
"604","sut;suit",0.30387565158804,3
"605","swit;suite",0.0684499897160956,3
"606","s^p;sup",0.0792226434449873,3
"607","sRi;surrey",0.0579600863567076,3
"608","swid;swede",0.0851086265736031,3
"609","swip;sweep",0.0739973689786579,3
"610","ti;t",0.249571199075704,3
"611","tiC;teach",0.190914944737474,3
"612","tik;teak",0.264201180781385,3
"613","til;teal",0.266869250211791,3
"614","tim;team",0.291082750262772,3
"615","tiz;tease",0.287997037995242,3
"616","tiT;teeth",0.195258379080908,3
"617","tiD;teethe",3.05827096871005,3
"618","Di;thee",0.0619905446093627,3
"619","Tim;theme",0.0997715351290283,3
"620","Diz;these",0.10100667744551,3
"621","tYD;tithe",0.364921946740129,3
"622","vi;v",0.0605780323903988,3
"623","vil;veal",0.0753973545793512,3
"624","wi;we",0.0641328756198742,3
"625","wik;weak",0.079999002958104,3
"626","wil;weal",0.0791313272593814,3
"627","win;wean",0.0823245141121793,3
"628","wid;weed",0.08810335794009,3
"629","wip;weep",0.080339976553347,3
"630","riT;wreath",0.154011271617006,3
"631","riD;wreathe",3.12666573452439,3
"632","rYD;writhe",0.322828282828283,3
"633","yi;ye",0.0609717358319332,3
"634","yin;yean",0.0786776841549689,3
"635","zi;z",0.0605780323903988,3
"636","zil;zeal",0.0753973545793512,3
"637","bi;b",0.113941765622347,4
"638","bid;bead",0.137527578957554,4
"639","bik;beak",0.136514722680653,4
"640","bim;beam",0.165761804163539,4
"641","bin;bean",0.136364897689245,4
"642","bit;beat",0.124776722723835,4
"643","briD;breathe",0.158286843829741,4
"644","si;c",3.39538586734646,4
"645","sizX;caesar",0.162293286132383,4
"646","ki;cay",0.112869299805477,4
"647","sis;cease",3.32910185441872,4
"648","sikM;cecum",0.0838885022981708,4
"649","sidX;cedar",0.113758639390429,4
"650","sid;cede",3.35791270041075,4
"651","sEl;cell",0.124641581048007,4
"652","Cip;cheap",0.126543202046797,4
"653","Cit;cheat",0.120184188278531,4
"654","Cik;cheek",0.131875318743582,4
"655","Ciz;cheese",0.160630009941254,4
"656","Sik;chic",0.381292724416979,4
"657","sYt;cite",0.395034550648331,4
"658","di;d",0.113441874588872,4
"659","dil;deal",0.133910729321481,4
"660","din;dean",0.135867867477765,4
"661","did;deed",0.137031814109648,4
"662","dim;deem",0.165268886383675,4
"663","dip;deep",0.130669845795601,4
"664","i;e",0.109697619577572,4
"665","iz;ease",0.161307384070267,4
"666","it;eat",0.120332182158508,4
"667","il;eel",0.130072095280669,4
"668","ik;eke",0.132048404399662,4
"669","fit;feat",0.121105411320987,4
"670","fiz;feaze",0.162075736730174,4
"671","fi;fee",0.110477350743481,4
"672","fid;feed",0.133674738358445,4
"673","fil;feel",0.130849297889689,4
"674","Ji;g",0.100687884531905,4
"675","gis;geese",0.161199860329925,4
"676","Jin;gene",0.121847891302922,4
"677","hi;he",0.108406095594485,4
"678","hil;heal",0.128783951698881,4
"679","hip;heap",0.125425029406994,4
"680","hit;heat",0.119049350635904,4
"681","hid;heed",0.131625641802655,4
"682","Ysi;icy",0.0651663126447671,4
"683","kil;keel",0.12578216273044,4
"684","kin;keen",0.127425670931339,4
"685","kip;keep",0.122272289366386,4
"686","nid;knead",0.138396608782319,4
"687","ni;knee",0.114821779551516,4
"688","nil;kneel",0.135286498836343,4
"689","li;lea",0.125110675004337,4
"690","lik;leak",0.154597532908798,4
"691","lil;leal",0.145803671156655,4
"692","lin;lean",0.148075822815931,4
"693","lip;leap",0.149127802580895,4
"694","lis;lease",0.194392457449274,4
"695","liz;lees",0.17866746351549,4
"696","lit;lied",0.143581161067059,4
"697","liJ;liege",0.191491269233287,4
"698","lYD;lithe",0.298897580025329,4
"699","mi;me",0.110589078046599,4
"700","mid;mead",0.134205368028508,4
"701","mil;meal",0.131065144484361,4
"702","min;mean",0.133033340588544,4
"703","mit;meat",0.121445165623134,4
"704","mik;meek",0.133183165579953,4
"705","nip;neap",0.132039274290531,4
"706","nit;neat",0.125649121007284,4
"707","nis;niece",0.181178913777635,4
"708","pi;p",0.118299912366149,4
"709","pis;peace",0.186839169403237,4
"710","pik;peak",0.148797214918062,4
"711","pil;peal",0.138932973464085,4
"712","piz;pease",0.171506911727395,4
"713","pit;peat",0.129478861721933,4
"714","pin;peen",0.141125279522468,4
"715","pip;peep",0.135892919160772,4
"716","sam;psalm",0.148238892963432,4
"717","riC;reach",0.229392259879705,4
"718","rid;read",0.337372566448158,4
"719","riL;real",0.216618849983875,4
"720","rim;ream",0.365694899769825,4
"721","rip;reap",0.331260868088959,4
"722","rif;reef",0.229311833270125,4
"723","rik;reek",0.336634275974809,4
"724","ril;reel",0.335252043644072,4
"725","riv;reeve",0.216618849983875,4
"726","s@k;sac",0.11648613579734,4
"727","s@d;sad",0.132784687748154,4
"728","seJ;sage",0.216397225159422,4
"729","sEd;said",0.143512391158014,4
"730","sel;sail",0.128078636167218,4
"731","sek;sake",0.129787513904261,4
"732","sem;same",0.156972492473127,4
"733","sen;sane",0.15449197436997,4
"734","s@p;sap",0.1265649447513,4
"735","s@t;sat",0.134980302149249,4
"736","set;sate",0.147589097729977,4
"737","scs;sauce",0.170005969059919,4
"738","sc;saw",0.119455961382547,4
"739","se;say",0.128548233596457,4
"740","sin;scene",3.37030727306532,4
"741","skim;scheme",0.133950247635403,4
"742","sYD;scythe",2.67292760184813,4
"743","sil;seal",3.33074999010106,4
"744","sim;seam",3.363818440613,4
"745","simi;seamy",0.117724128885933,4
"746","sizN;season",0.135355818749861,4
"747","sit;seat",3.35567131111314,4
"748","sEJ;sedge",0.209979272069227,4
"749","sik;seek",3.38335328877285,4
"750","sip;seep",3.38371584799721,4
"751","sisc;seesaw",0.143265050357342,4
"752","siD;seethe",15.1408811421007,4
"753","siz;seize",3.35621211852572,4
"754","sEn;sen",0.151370950484479,4
"755","sipL;sepal",0.0838921311554448,4
"756","sXin;serene",0.0895649457381847,4
"757","sRJ;serge",0.199728551745692,4
"758","sEt;set",0.144845320751183,4
"759","so;sew",0.116976416090669,4
"760","suX;sewer",0.320022757505266,4
"761","son;sewn",0.142532132469896,4
"762","Si;she",0.361824906553196,4
"763","Sif;sheaf",0.268037692213298,4
"764","SiT;sheath",0.279849767442738,4
"765","SiD;sheathe",2.73618683139612,4
"766","SiDz;sheaths",0.213432353063481,4
"767","Sin;sheen",0.381165209299325,4
"768","Sip;sheep",0.375932848937629,4
"769","Sit;sheet",0.36951879149879,4
"770","sIk;sick",0.118120070486057,4
"771","sYd;side",0.388909719251533,4
"772","siJ;siege",3.218660471236,4
"773","sY;sigh",0.375110878954277,4
"774","sYn;sign",0.40003927439199,4
"775","sIl;sill",0.116183824674399,4
"776","sIn;sin",0.14286340452703,4
"777","sIp;sip",0.128231801250716,4
"778","sR;sir",0.122352250301881,4
"779","sYr;sire",0.273145431179829,4
"780","sIt;sit",0.136303305081845,4
"781","sYz;size",0.386601526289459,4
"782","ski;ski",0.0901523907570996,4
"783","slik;sleek",0.116387078285064,4
"784","slip;sleep",0.111966574437271,4
"785","slit;sleet",0.104409888183409,4
"786","smuD;smooth",0.254250220417111,4
"787","snik;sneak",0.121426341224803,4
"788","sniz;sneeze",0.12730701416187,4
"789","sok;soak",0.117789730829855,4
"790","sop;soap",0.127901461594514,4
"791","sak;sock",0.122877494039669,4
"792","sad;sod",0.139811055792953,4
"793","sOl;soil",0.103278546229043,4
"794","sol;sol",0.115854624619337,4
"795","s^m;some",0.143618298023977,4
"796","s^n;son",0.144504310472928,4
"797","sun;soon",0.447164064799465,4
"798","sUt;soot",0.119491755939841,4
"799","suT;sooth",0.320022757505266,4
"800","suD;soothe",2.61911152870589,4
"801","sap;sop",0.132989224804328,4
"802","sat;sot",0.141093251297569,4
"803","sW;sough",0.120092674805637,4
"804","sct;sought",0.138444377351103,4
"805","sup;soup",0.431193124178434,4
"806","sWs;souse",0.162108292134127,4
"807","sO;soy",0.106476490265879,4
"808","spik;speak",0.112351834203897,4
"809","spid;speed",0.117864329188792,4
"810","stil;steal",0.112328087223006,4
"811","stim;steam",0.166420884157387,4
"812","stid;steed",0.136102848959943,4
"813","stip;steep",0.119833391973017,4
"814","s^k;suck",0.11969567178325,4
"815","su;sue",0.422448627147201,4
"816","sut;suit",0.44255749372261,4
"817","swit;suite",0.101581529246403,4
"818","s^p;sup",0.129774480737209,4
"819","sRi;surrey",0.0902510073229346,4
"820","swid;swede",0.131643101829011,4
"821","swip;sweep",0.114747422383159,4
"822","ti;t",0.365964328586133,4
"823","tiC;teach",0.272148160666786,4
"824","tik;teak",0.385407923847501,4
"825","til;teal",0.393058833119228,4
"826","tim;team",0.421808438187215,4
"827","tiz;tease",0.413335121172806,4
"828","tiT;teeth",0.283897681866552,4
"829","tiD;teethe",2.69941960364048,4
"830","Di;thee",0.103467048368253,4
"831","Tim;theme",0.148178588767032,4
"832","Diz;these",0.152172172983725,4
"833","tYD;tithe",0.49848086471549,4
"834","vi;v",0.0996095403860618,4
"835","vil;veal",0.119609520455939,4
"836","wi;we",0.110412110853858,4
"837","wik;weak",0.1330082070931,4
"838","wil;weal",0.130888970201839,4
"839","win;wean",0.132858382101692,4
"840","wid;weed",0.141509670242383,4
"841","wip;weep",0.134095726875434,4
"842","riT;wreath",0.239704543251917,4
"843","riD;wreathe",2.81531693526003,4
"844","rYD;writhe",0.449601932272579,4
"845","yi;ye",0.100687884531905,4
"846","yin;yean",0.121847891302922,4
"847","zi;z",0.0996095403860618,4
"848","zil;zeal",0.119609520455939,4
"849","bi;b",0.165698884492014,5
"850","bid;bead",0.184467403662873,5
"851","bik;beak",0.19163540825142,5
"852","bim;beam",0.21863042839467,5
"853","bin;bean",0.187193198845973,5
"854","bit;beat",0.172283066317599,5
"855","briD;breathe",0.170047224571445,5
"856","si;c",3.10432476554452,5
"857","sizX;caesar",0.208220901826137,5
"858","ki;cay",0.163176406246857,5
"859","sis;cease",3.01979184140311,5
"860","sikM;cecum",0.0939892728469392,5
"861","sidX;cedar",0.139641143272809,5
"862","sid;cede",3.05486172744126,5
"863","sEl;cell",0.168753441595516,5
"864","Cip;cheap",0.173279123977998,5
"865","Cit;cheat",0.163413013616973,5
"866","Cik;cheek",0.182643806337632,5
"867","Ciz;cheese",0.209891591531034,5
"868","Sik;chic",0.470998731209266,5
"869","sYt;cite",0.498621672827392,5
"870","di;d",0.164695349068489,5
"871","dil;deal",0.18762476058072,5
"872","din;dean",0.186200500679383,5
"873","did;deed",0.183479465042507,5
"874","dim;deem",0.217653122831494,5
"875","dip;deep",0.181225677970117,5
"876","i;e",0.157640319450092,5
"877","iz;ease",0.211304046305831,5
"878","it;eat",0.163908710914387,5
"879","il;eel",0.180413668044637,5
"880","ik;eke",0.183204514469393,5
"881","fit;feat",0.165092957403864,5
"882","fiz;feaze",0.212473671223887,5
"883","fi;fee",0.158844297804618,5
"884","fid;feed",0.176985514308712,5
"885","fil;feel",0.18160994078743,5
"886","Ji;g",0.140572980105331,5
"887","gis;geese",0.19202625377146,5
"888","Jin;gene",0.159996847030451,5
"889","hi;he",0.155156168623148,5
"890","hil;heal",0.177941831775854,5
"891","hip;heap",0.171359224499407,5
"892","hit;heat",0.161456115713691,5
"893","hid;heed",0.173371968351164,5
"894","Ysi;icy",0.0730536462603248,5
"895","kil;keel",0.172434703338676,5
"896","kin;keen",0.1705077860813,5
"897","kip;keep",0.165599650792541,5
"898","nid;knead",0.18551496897965,5
"899","ni;knee",0.166775909849736,5
"900","nil;kneel",0.189692909650182,5
"901","li;lea",0.186104253206706,5
"902","lik;leak",0.22460603881226,5
"903","lil;leal",0.209408299287461,5
"904","lin;lean",0.20850179125337,5
"905","lip;leap",0.214766262194031,5
"906","lis;lease",0.252140546435097,5
"907","liz;lees",0.242999264082856,5
"908","lit;lied",0.2061181468209,5
"909","liJ;liege",0.229253229884884,5
"910","lYD;lithe",0.371344195053936,5
"911","mi;me",0.159505627146912,5
"912","mid;mead",0.178380260835246,5
"913","mil;meal",0.182459952074821,5
"914","min;mean",0.181073687611243,5
"915","mit;meat",0.16616355508287,5
"916","mik;meek",0.185515897016691,5
"917","nip;neap",0.183274913378692,5
"918","nit;neat",0.173339603559583,5
"919","nis;niece",0.228056360771308,5
"920","pi;p",0.174148243670176,5
"921","pis;peace",0.239046253552631,5
"922","pik;peak",0.214317502467762,5
"923","pil;peal",0.197361633658146,5
"924","piz;pease",0.230497955452837,5
"925","pit;peat",0.181322861837031,5
"926","pin;peen",0.19633790934461,5
"927","pip;peep",0.19131148432748,5
"928","sam;psalm",0.188221331837122,5
"929","riC;reach",0.296170622873281,5
"930","rid;read",0.427664836080172,5
"931","riL;real",0.274575951625988,5
"932","rim;ream",0.462169042685165,5
"933","rip;reap",0.425841443964017,5
"934","rif;reef",0.295919768088844,5
"935","rik;reek",0.435344094979921,5
"936","ril;reel",0.433435356449564,5
"937","riv;reeve",0.274575951625988,5
"938","s@k;sac",0.155257551362291,5
"939","s@d;sad",0.174441842238983,5
"940","seJ;sage",0.271968706476154,5
"941","sEd;said",0.19348854618881,5
"942","sel;sail",0.175844858430078,5
"943","sek;sake",0.179990870633081,5
"944","sem;same",0.20435260287788,5
"945","sen;sane",0.220098947723959,5
"946","s@p;sap",0.172569776285771,5
"947","s@t;sat",0.1909326799514,5
"948","set;sate",0.214675895715791,5
"949","scs;sauce",0.207410641046361,5
"950","sc;saw",0.172985639089406,5
"951","se;say",0.191778669870044,5
"952","sin;scene",3.06966296408972,5
"953","skim;scheme",0.161640448551317,5
"954","sYD;scythe",2.32276304595052,5
"955","sil;seal",3.00200972405744,5
"956","sim;seam",3.06896657302904,5
"957","simi;seamy",0.131794812615432,5
"958","sizN;season",0.163874634586217,5
"959","sit;seat",3.04569729959668,5
"960","sEJ;sedge",0.260090870414077,5
"961","sik;seek",3.09082259852439,5
"962","sip;seep",3.09090808197358,5
"963","sisc;seesaw",0.15993907142371,5
"964","siD;seethe",10.1552859465362,5
"965","siz;seize",3.05917928466867,5
"966","sEn;sen",0.213459993399166,5
"967","sipL;sepal",0.0939961283448437,5
"968","sXin;serene",0.100225964312777,5
"969","sRJ;serge",0.241203737689754,5
"970","sEt;set",0.208722747856646,5
"971","so;sew",0.170501727359085,5
"972","suX;sewer",0.381756954217257,5
"973","son;sewn",0.198183230119667,5
"974","Si;she",0.449972487626358,5
"975","Sif;sheaf",0.322366121627684,5
"976","SiT;sheath",0.342686698006555,5
"977","SiD;sheathe",2.34595197558044,5
"978","SiDz;sheaths",0.227557114797947,5
"979","Sin;sheen",0.466567917773282,5
"980","Sip;sheep",0.461541492756152,5
"981","Sit;sheet",0.451552870265703,5
"982","sIk;sick",0.158660100775408,5
"983","sYd;side",0.475905742820895,5
"984","siJ;siege",2.85441424562085,5
"985","sY;sigh",0.47430255924719,5
"986","sYn;sign",0.500992320841794,5
"987","sIl;sill",0.154162131260471,5
"988","sIn;sin",0.198705739362362,5
"989","sIp;sip",0.176079034453377,5
"990","sR;sir",0.177576007855605,5
"991","sYr;sire",0.332293139724746,5
"992","sIt;sit",0.19385474388035,5
"993","sYz;size",0.457507014933193,5
"994","ski;ski",0.116982595965444,5
"995","slik;sleek",0.153691113551701,5
"996","slip;sleep",0.145730977563942,5
"997","slit;sleet",0.132996315357378,5
"998","smuD;smooth",0.26895508908164,5
"999","snik;sneak",0.158720664323942,5
"1000","sniz;sneeze",0.149548881138251,5
"1001","sok;soak",0.158140485632523,5
"1002","sop;soap",0.175559419310491,5
"1003","sak;sock",0.166764526108355,5
"1004","sad;sod",0.186999986513926,5
"1005","sOl;soil",0.130186686165299,5
"1006","sol;sol",0.15364603493289,5
"1007","s^m;some",0.179646397956071,5
"1008","s^n;son",0.200555510679489,5
"1009","sun;soon",0.550829781769892,5
"1010","sUt;soot",0.162438184232935,5
"1011","suT;sooth",0.381756954217257,5
"1012","suD;soothe",2.2435595946659,5
"1013","sap;sop",0.184183459786324,5
"1014","sat;sot",0.202064510773885,5
"1015","sW;sough",0.172387954435618,5
"1016","sct;sought",0.195864996154838,5
"1017","sup;soup",0.526039533094832,5
"1018","sWs;souse",0.193583065609357,5
"1019","sO;soy",0.150094204933138,5
"1020","spik;speak",0.146062082360029,5
"1021","spid;speed",0.147303329123084,5
"1022","stil;steal",0.145677937472135,5
"1023","stim;steam",0.217900283011388,5
"1024","stid;steed",0.18004106929088,5
"1025","stip;steep",0.159829647142412,5
"1026","s^k;suck",0.160450958726625,5
"1027","su;sue",0.524462767766103,5
"1028","sut;suit",0.54906345549361,5
"1029","swit;suite",0.127673634938907,5
"1030","s^p;sup",0.177763183650106,5
"1031","sRi;surrey",0.117992076294666,5
"1032","swid;swede",0.171443786620196,5
"1033","swip;sweep",0.150249387060618,5
"1034","ti;t",0.456961367491368,5
"1035","tiC;teach",0.329267492031389,5
"1036","tik;teak",0.477911882574093,5
"1037","til;teal",0.491962768063645,5
"1038","tim;team",0.518453248290574,5
"1039","tiz;tease",0.503915861702873,5
"1040","tiT;teeth",0.349393320195695,5
"1041","tiD;teethe",2.29567845252392,5
"1042","Di;thee",0.145359745932966,5
"1043","Tim;theme",0.186039301334833,5
"1044","Diz;these",0.194162420629641,5
"1045","tYD;tithe",0.579259802926181,5
"1046","vi;v",0.138707430400986,5
"1047","vil;veal",0.160862970766473,5
"1048","wi;we",0.159417077388107,5
"1049","wik;weak",0.185431728220101,5
"1050","wil;weal",0.182373140546057,5
"1051","win;wean",0.180989518814653,5
"1052","wid;weed",0.191723049136078,5
"1053","wip;weep",0.187629510349745,5
"1054","riT;wreath",0.314157412335961,5
"1055","riD;wreathe",2.45183981364862,5
"1056","rYD;writhe",0.531734742118673,5
"1057","yi;ye",0.140572980105331,5
"1058","yin;yean",0.159996847030451,5
"1059","zi;z",0.138707430400986,5
"1060","zil;zeal",0.160862970766473,5
"1061","bi;b",0.217413193314901,6
"1062","bid;bead",0.225763246618306,6
"1063","bik;beak",0.243023228192336,6
"1064","bim;beam",0.262097784872454,6
"1065","bin;bean",0.233397498333199,6
"1066","bit;beat",0.216171122141104,6
"1067","briD;breathe",0.167410729773497,6
"1068","si;c",2.7967782742316,6
"1069","sizX;caesar",0.241257138206918,6
"1070","ki;cay",0.212794447830954,6
"1071","sis;cease",2.6854710378201,6
"1072","sikM;cecum",0.0962751456246072,6
"1073","sidX;cedar",0.156804683650744,6
"1074","sid;cede",2.73469664890107,6
"1075","sEl;cell",0.207462690876714,6
"1076","Cip;cheap",0.215695300763059,6
"1077","Cit;cheat",0.202357398167988,6
"1078","Cik;cheek",0.228985266196266,6
"1079","Ciz;cheese",0.250117416108691,6
"1080","Sik;chic",0.534098657979088,6
"1081","sYt;cite",0.577684357443597,6
"1082","di;d",0.215810749616019,6
"1083","dil;deal",0.238369913239773,6
"1084","din;dean",0.231819595310747,6
"1085","did;deed",0.224196051644162,6
"1086","dim;deem",0.260554357954886,6
"1087","dip;deep",0.228049903451207,6
"1088","i;e",0.205086634704616,6
"1089","iz;ease",0.252490102601992,6
"1090","it;eat",0.203446243257538,6
"1091","il;eel",0.227437606622607,6
"1092","ik;eke",0.230193933838618,6
"1093","fit;feat",0.204879064151205,6
"1094","fiz;feaze",0.253896758150373,6
"1095","fi;fee",0.206555184914209,6
"1096","fid;feed",0.214094379378928,6
"1097","fil;feel",0.228892146818776,6
"1098","Ji;g",0.178960557878261,6
"1099","gis;geese",0.20955535180334,6
"1100","Jin;gene",0.192205520241187,6
"1101","hi;he",0.201273151997058,6
"1102","hil;heal",0.223651039282326,6
"1103","hip;heap",0.213102864437829,6
"1104","hit;heat",0.199701509465569,6
"1105","hid;heed",0.20896388567155,6
"1106","Ysi;icy",0.0748754354116401,6
"1107","kil;keel",0.215443252469586,6
"1108","kin;keen",0.208243831016305,6
"1109","kip;keep",0.204550866825934,6
"1110","nid;knead",0.226575849126522,6
"1111","ni;knee",0.218270475654066,6
"1112","nil;kneel",0.240807479621452,6
"1113","li;lea",0.247661310421677,6
"1114","lik;leak",0.291782880632742,6
"1115","lil;leal",0.270728148292328,6
"1116","lin;lean",0.264867285902917,6
"1117","lip;leap",0.277515201150578,6
"1118","lis;lease",0.297984092417603,6
"1119","liz;lees",0.299405064445596,6
"1120","lit;lied",0.26558938819319,6
"1121","liJ;liege",0.253447528109433,6
"1122","lYD;lithe",0.418370082298684,6
"1123","mi;me",0.208224135143223,6
"1124","mid;mead",0.216797032915104,6
"1125","mil;meal",0.230835200370848,6
"1126","min;mean",0.224363644113477,6
"1127","mit;meat",0.207137267921382,6
"1128","mik;meek",0.233989373972614,6
"1129","nip;neap",0.230453909042048,6
"1130","nit;neat",0.216997224709493,6
"1131","nis;niece",0.262352062013347,6
"1132","pi;p",0.230648417883226,6
"1133","pis;peace",0.279558876640768,6
"1134","pik;peak",0.276987697484067,6
"1135","pil;peal",0.253603630003344,6
"1136","piz;pease",0.281700100545369,6
"1137","pit;peat",0.230225502497614,6
"1138","pin;peen",0.247603444274467,6
"1139","pip;peep",0.243774004800246,6
"1140","sam;psalm",0.21939624409901,6
"1141","riC;reach",0.349022656285687,6
"1142","rid;read",0.497653800768136,6
"1143","riL;real",0.319389281702457,6
"1144","rim;ream",0.5346899526305,6
"1145","rip;reap",0.502113883327493,6
"1146","rif;reef",0.348536196887,6
"1147","rik;reek",0.515682812059033,6
"1148","ril;reel",0.51397122401205,6
"1149","riv;reeve",0.319389281702457,6
"1150","s@k;sac",0.189511862414191,6
"1151","s@d;sad",0.208917498584342,6
"1152","seJ;sage",0.312910320086201,6
"1153","sEd;said",0.236251581185299,6
"1154","sel;sail",0.219248040807251,6
"1155","sek;sake",0.226790749028606,6
"1156","sem;same",0.243600793846894,6
"1157","sen;sane",0.281748003888719,6
"1158","s@p;sap",0.213525527837275,6
"1159","s@t;sat",0.243778201237967,6
"1160","set;sate",0.279941210117129,6
"1161","scs;sauce",0.231405734467027,6
"1162","sc;saw",0.223832573120943,6
"1163","se;say",0.254745854998441,6
"1164","sin;scene",2.74936552576371,6
"1165","skim;scheme",0.179008606498319,6
"1166","sYD;scythe",2.01746134150076,6
"1167","sil;seal",2.65811285481434,6
"1168","sim;seam",2.75054180338157,6
"1169","simi;seamy",0.134876279806151,6
"1170","sizN;season",0.181709009201312,6
"1171","sit;seat",2.72138606194121,6
"1172","sEJ;sedge",0.294915032788771,6
"1173","sik;seek",2.77950528198352,6
"1174","sip;seep",2.77905798281929,6
"1175","sisc;seesaw",0.163069928218739,6
"1176","siD;seethe",7.04137515653662,6
"1177","siz;seize",2.74119290382021,6
"1178","sEn;sen",0.270465907879776,6
"1179","sipL;sepal",0.0962803619355976,6
"1180","sXin;serene",0.102475757402697,6
"1181","sRJ;serge",0.266692037291939,6
"1182","sEt;set",0.269655314828374,6
"1183","so;sew",0.223098204908028,6
"1184","suX;sewer",0.41832799833487,6
"1185","son;sewn",0.249256314233096,6
"1186","Si;she",0.514743202131911,6
"1187","Sif;sheaf",0.355462781084529,6
"1188","SiT;sheath",0.383782699995468,6
"1189","SiD;sheathe",1.98343114220004,6
"1190","SiDz;sheaths",0.22184161344533,6
"1191","Sin;sheen",0.524451356734247,6
"1192","Sip;sheep",0.520621917260026,6
"1193","Sit;sheet",0.507073414957394,6
"1194","sIk;sick",0.195190264132462,6
"1195","sYd;side",0.534816661083484,6
"1196","siJ;siege",2.47670490982925,6
"1197","sY;sigh",0.550635422213399,6
"1198","sYn;sign",0.575517737560193,6
"1199","sIl;sill",0.187215214630687,6
"1200","sIn;sin",0.2498966967068,6
"1201","sIp;sip",0.219413304551643,6
"1202","sR;sir",0.229635258673485,6
"1203","sYr;sire",0.371282710274137,6
"1204","sIt;sit",0.248859771125331,6
"1205","sYz;size",0.498042094924103,6
"1206","ski;ski",0.137550916420963,6
"1207","slik;sleek",0.184736934987035,6
"1208","slip;sleep",0.173400381539521,6
"1209","slit;sleet",0.154937171101075,6
"1210","smuD;smooth",0.261086813211913,6
"1211","snik;sneak",0.186954797564041,6
"1212","sniz;sneeze",0.161222836654775,6
"1213","sok;soak",0.194555186657878,6
"1214","sop;soap",0.21877822707706,6
"1215","sak;sock",0.206333718018658,6
"1216","sad;sod",0.227146758652806,6
"1217","sOl;soil",0.151093348984534,6
"1218","sol;sol",0.186586554462974,6
"1219","s^m;some",0.206479033680992,6
"1220","s^n;son",0.251012191473471,6
"1221","sun;soon",0.623017880442614,6
"1222","sUt;soot",0.201288242895314,6
"1223","suT;sooth",0.41832799833487,6
"1224","suD;soothe",1.90707458151351,6
"1225","sap;sop",0.23055675843784,6
"1226","sat;sot",0.260209567550298,6
"1227","sW;sough",0.220679348841846,6
"1228","sct;sought",0.249101931074926,6
"1229","sup;soup",0.589699273418365,6
"1230","sWs;souse",0.211659075698569,6
"1231","sO;soy",0.191161969448019,6
"1232","spik;speak",0.173129916079894,6
"1233","spid;speed",0.168756498566965,6
"1234","stil;steal",0.172271882723427,6
"1235","stim;steam",0.258356312250267,6
"1236","stid;steed",0.216278001379781,6
"1237","stip;steep",0.193696156007031,6
"1238","s^k;suck",0.19629402585453,6
"1239","su;sue",0.598529836693156,6
"1240","sut;suit",0.625923785632523,6
"1241","swit;suite",0.146761314015614,6
"1242","s^p;sup",0.220307691277614,6
"1243","sRi;surrey",0.139936092358194,6
"1244","swid;swede",0.203118344315879,6
"1245","swip;sweep",0.179290712506133,6
"1246","ti;t",0.524634522252925,6
"1247","tiC;teach",0.365189293156416,6
"1248","tik;teak",0.543842860385562,6
"1249","til;teal",0.564995778906433,6
"1250","tim;team",0.583426944773786,6
"1251","tiz;tease",0.563475213977507,6
"1252","tiT;teeth",0.39313216547205,6
"1253","tiD;teethe",1.92974805531955,6
"1254","Di;thee",0.185621897224157,6
"1255","Tim;theme",0.213151230531486,6
"1256","Diz;these",0.226448093869532,6
"1257","tYD;tithe",0.618185242525353,6
"1258","vi;v",0.176352114841968,6
"1259","vil;veal",0.197879366234332,6
"1260","wi;we",0.208415116286901,6
"1261","wik;weak",0.234184392704496,6
"1262","wil;weal",0.231027799683205,6
"1263","win;wean",0.224558662845359,6
"1264","wid;weed",0.236494966690488,6
"1265","wip;weep",0.237780460277941,6
"1266","riT;wreath",0.374408394369049,6
"1267","riD;wreathe",2.11520931567627,6
"1268","rYD;writhe",0.576325890696814,6
"1269","yi;ye",0.178960557878261,6
"1270","yin;yean",0.192205520241187,6
"1271","zi;z",0.176352114841968,6
"1272","zil;zeal",0.197879366234332,6
"1273","bi;b",0.267122280071868,7
"1274","bid;bead",0.261164595914661,7
"1275","bik;beak",0.288960959141543,7
"1276","bim;beam",0.296149568105331,7
"1277","bin;bean",0.274008674814457,7
"1278","bit;beat",0.255484518359887,7
"1279","briD;breathe",0.156852019615465,7
"1280","si;c",2.51642701591158,7
"1281","sizX;caesar",0.262296892473112,7
"1282","ki;cay",0.259889273000961,7
"1283","sis;cease",2.36895919329103,7
"1284","sikM;cecum",0.0936296716584227,7
"1285","sidX;cedar",0.1667644530462,7
"1286","sid;cede",2.44045583537399,7
"1287","sEl;cell",0.240231880012304,7
"1288","Cip;cheap",0.252977067054677,7
"1289","Cit;cheat",0.236505516827906,7
"1290","Cik;cheek",0.269640889086012,7
"1291","Ciz;cheese",0.281687654647526,7
"1292","Sik;chic",0.576031647343896,7
"1293","sYt;cite",0.6362827396286,7
"1294","di;d",0.264891108610234,7
"1295","dil;deal",0.284775388865103,7
"1296","din;dean",0.27182064541441,7
"1297","did;deed",0.258995279283375,7
"1298","dim;deem",0.294021543693757,7
"1299","dip;deep",0.269942412403883,7
"1300","i;e",0.250504353880496,7
"1301","iz;ease",0.285198380731346,7
"1302","it;eat",0.238426724683119,7
"1303","il;eel",0.270143243916907,7
"1304","ik;eke",0.27174418904364,7
"1305","fit;feat",0.239915164393107,7
"1306","fiz;feaze",0.2866506944921,7
"1307","fi;fee",0.252042704833875,7
"1308","fid;feed",0.245167569221913,7
"1309","fil;feel",0.271661944457094,7
"1310","Ji;g",0.215153909983265,7
"1311","gis;geese",0.2171690173138,7
"1312","Jin;gene",0.218838965776136,7
"1313","hi;he",0.245390150280927,7
"1314","hil;heal",0.265074809321037,7
"1315","hip;heap",0.249993707068793,7
"1316","hit;heat",0.233429083122559,7
"1317","hid;heed",0.238755897184393,7
"1318","Ysi;icy",0.0728930439893,7
"1319","kil;keel",0.254201887214893,7
"1320","kin;keen",0.240508266486618,7
"1321","kip;keep",0.238702279179876,7
"1322","nid;knead",0.261350789192559,7
"1323","ni;knee",0.267355469040389,7
"1324","nil;kneel",0.287209374815751,7
"1325","li;lea",0.306908607235956,7
"1326","lik;leak",0.352903797019156,7
"1327","lil;leal",0.32740334718371,7
"1328","lin;lean",0.315262141445247,7
"1329","lip;leap",0.334680476701202,7
"1330","lis;lease",0.332692485394094,7
"1331","liz;lees",0.346764104417372,7
"1332","lit;lied",0.319572473996251,7
"1333","liJ;liege",0.268225941237708,7
"1334","lYD;lithe",0.443835393301455,7
"1335","mi;me",0.255145840074018,7
"1336","mid;mead",0.24955401018035,7
"1337","mil;meal",0.275114630116842,7
"1338","min;mean",0.262287543331499,7
"1339","mit;meat",0.24376338687693,7
"1340","mik;meek",0.277239827658585,7
"1341","nip;neap",0.272330682622483,7
"1342","nit;neat",0.255684759178441,7
"1343","nis;niece",0.285911721219153,7
"1344","pi;p",0.285433622458722,7
"1345","pis;peace",0.309664559529509,7
"1346","pik;peak",0.334029467497051,7
"1347","pil;peal",0.305805357586553,7
"1348","piz;pease",0.324505399683534,7
"1349","pit;peat",0.274800890783758,7
"1350","pin;peen",0.293516941157379,7
"1351","pip;peep",0.291582018261969,7
"1352","sam;psalm",0.243078973514014,7
"1353","riC;reach",0.389023599114076,7
"1354","rid;read",0.550435690405335,7
"1355","riL;real",0.352900271394062,7
"1356","rim;ream",0.586517479909092,7
"1357","rip;reap",0.562145934761155,7
"1358","rif;reef",0.388263087303949,7
"1359","rik;reek",0.579252221648887,7
"1360","ril;reel",0.578727457367821,7
"1361","riv;reeve",0.352900271394062,7
"1362","s@k;sac",0.219252845322636,7
"1363","s@d;sad",0.236465819955344,7
"1364","seJ;sage",0.341751077784345,7
"1365","sEd;said",0.271158182451471,7
"1366","sel;sail",0.257460161007074,7
"1367","sek;sake",0.269048333422785,7
"1368","sem;same",0.275324718712646,7
"1369","sen;sane",0.336885461510126,7
"1370","s@p;sap",0.248658988637661,7
"1371","s@t;sat",0.291661633015635,7
"1372","set;sate",0.340383161071562,7
"1373","scs;sauce",0.244753339911064,7
"1374","sc;saw",0.269503973980111,7
"1375","se;say",0.313928410782138,7
"1376","sin;scene",2.45312596801015,7
"1377","skim;scheme",0.188393860661679,7
"1378","sYD;scythe",1.769953835387,7
"1379","sil;seal",2.34541709085811,7
"1380","sim;seam",2.45070413432588,7
"1381","simi;seamy",0.130935618854265,7
"1382","sizN;season",0.191032894926926,7
"1383","sit;seat",2.42720052805794,7
"1384","sEJ;sedge",0.31740232588713,7
"1385","sik;seek",2.49237283029758,7
"1386","sip;seep",2.49131280539209,7
"1387","sisc;seesaw",0.157519091105023,7
"1388","siD;seethe",5.05366456572085,7
"1389","siz;seize",2.44401232008348,7
"1390","sEn;sen",0.320123039742576,7
"1391","sipL;sepal",0.0936270298428977,7
"1392","sXin;serene",0.0994077375556005,7
"1393","sRJ;serge",0.27999911914513,7
"1394","sEt;set",0.324886393533788,7
"1395","so;sew",0.272271161936562,7
"1396","suX;sewer",0.436262779323859,7
"1397","son;sewn",0.294248703342668,7
"1398","Si;she",0.561208946908708,7
"1399","Sif;sheaf",0.372457506914089,7
"1400","SiT;sheath",0.407444365402976,7
"1401","SiD;sheathe",1.67356211290717,7
"1402","SiDz;sheaths",0.205229736874472,7
"1403","Sin;sheen",0.561007038573049,7
"1404","Sip;sheep",0.559072115677638,7
"1405","Sit;sheet",0.542290988199428,7
"1406","sIk;sick",0.22756250367431,7
"1407","sYd;side",0.571931635324695,7
"1408","siJ;siege",2.13138633483359,7
"1409","sY;sigh",0.607687500526922,7
"1410","sYn;sign",0.62820248894154,7
"1411","sIl;sill",0.215514723999463,7
"1412","sIn;sin",0.294909009738014,7
"1413","sIp;sip",0.257290976791066,7
"1414","sR;sir",0.275883624622919,7
"1415","sYr;sire",0.394829666401166,7
"1416","sIt;sit",0.299320347146764,7
"1417","sYz;size",0.51701780057326,7
"1418","ski;ski",0.152228745991052,7
"1419","slik;sleek",0.209350414929734,7
"1420","slip;sleep",0.195318027480732,7
"1421","slit;sleet",0.171122936479151,7
"1422","smuD;smooth",0.241410958216637,7
"1423","snik;sneak",0.206448219105232,7
"1424","sniz;sneeze",0.165269052727819,7
"1425","sok;soak",0.226909613205588,7
"1426","sop;soap",0.256638086322345,7
"1427","sak;sock",0.241084237864952,7
"1428","sad;sod",0.259964463423506,7
"1429","sOl;soil",0.167256959334483,7
"1430","sol;sol",0.214870758620693,7
"1431","s^m;some",0.225817020893628,7
"1432","s^n;son",0.294343829651098,7
"1433","sun;soon",0.670121781578786,7
"1434","sUt;soot",0.235496538246315,7
"1435","suT;sooth",0.436262779323859,7
"1436","suD;soothe",1.62647172696209,7
"1437","sap;sop",0.270812710981709,7
"1438","sat;sot",0.313158914160798,7
"1439","sW;sough",0.262779755885205,7
"1440","sct;sought",0.296166519615214,7
"1441","sup;soup",0.629207655838309,7
"1442","sWs;souse",0.219621124099261,7
"1443","sO;soy",0.228232891616683,7
"1444","spik;speak",0.19378474137681,7
"1445","spid;speed",0.183578073234445,7
"1446","stil;steal",0.192489375186801,7
"1447","stim;steam",0.28795641193157,7
"1448","stid;steed",0.244616279902148,7
"1449","stip;steep",0.221013284082012,7
"1450","s^k;suck",0.227063817140331,7
"1451","su;sue",0.650029618153853,7
"1452","sut;suit",0.678995919662181,7
"1453","swit;suite",0.159963024993187,7
"1454","s^p;sup",0.256469960455356,7
"1455","sRi;surrey",0.156205303129623,7
"1456","swid;swede",0.227065058916643,7
"1457","swip;sweep",0.202068208551224,7
"1458","ti;t",0.573966940453138,7
"1459","tiC;teach",0.384964501702,7
"1460","tik;teak",0.588559341801993,7
"1461","til;teal",0.617087397874359,7
"1462","tim;team",0.622973414086686,7
"1463","tiz;tease",0.599018243401979,7
"1464","tiT;teeth",0.419362704806701,7
"1465","tiD;teethe",1.62547808786937,7
"1466","Di;thee",0.223343587916074,7
"1467","Tim;theme",0.231016672040104,7
"1468","Diz;these",0.250167322204692,7
"1469","tYD;tithe",0.62786129938182,7
"1470","vi;v",0.211931250206175,7
"1471","vil;veal",0.230598336196593,7
"1472","wi;we",0.255778735211926,7
"1473","wik;weak",0.27787138717277,7
"1474","wil;weal",0.275747029533615,7
"1475","win;wean",0.262919102845683,7
"1476","wid;weed",0.275266300449161,7
"1477","wip;weep",0.283074866349519,7
"1478","riT;wreath",0.420736580026148,7
"1479","riD;wreathe",1.82969096655193,7
"1480","rYD;writhe",0.593164548661843,7
"1481","yi;ye",0.215153909983265,7
"1482","yin;yean",0.218838965776136,7
"1483","zi;z",0.211931250206175,7
"1484","zil;zeal",0.230598336196593,7
"1485","bi;b",0.313747049940935,8
"1486","bid;bead",0.291087361545984,8
"1487","bik;beak",0.328886808896158,8
"1488","bim;beam",0.321805954886962,8
"1489","bin;bean",0.308969541076515,8
"1490","bit;beat",0.290056218877316,8
"1491","briD;breathe",0.142902970877331,8
"1492","si;c",2.27843990069741,8
"1493","sizX;caesar",0.273374192716373,8
"1494","ki;cay",0.303569365895088,8
"1495","sis;cease",2.08715356465592,8
"1496","sikM;cecum",0.0883374524182483,8
"1497","sidX;cedar",0.171186492088935,8
"1498","sid;cede",2.18705438659048,8
"1499","sEl;cell",0.267375996754457,8
"1500","Cip;cheap",0.28510251890662,8
"1501","Cit;cheat",0.266012759417148,8
"1502","Cik;cheek",0.304385018665614,8
"1503","Ciz;cheese",0.305743136271956,8
"1504","Sik;chic",0.602316174426067,8
"1505","sYt;cite",0.678890254055998,8
"1506","di;d",0.31091212302332,8
"1507","dil;deal",0.326409390405966,8
"1508","din;dean",0.306199588333305,8
"1509","did;deed",0.288345437970773,8
"1510","dim;deem",0.319125552188425,8
"1511","dip;deep",0.306606500830367,8
"1512","i;e",0.293110359201828,8
"1513","iz;ease",0.310522702212552,8
"1514","it;eat",0.268975103848945,8
"1515","il;eel",0.30834021420042,8
"1516","ik;eke",0.307591863083812,8
"1517","fit;feat",0.270348303774226,8
"1518","fiz;feaze",0.311853657447043,8
"1519","fi;fee",0.294542619536188,8
"1520","fid;feed",0.270933602619548,8
"1521","fil;feel",0.309749126519748,8
"1522","Ji;g",0.248932596826197,8
"1523","gis;geese",0.218002414577283,8
"1524","Jin;gene",0.240700421692361,8
"1525","hi;he",0.286845638278892,8
"1526","hil;heal",0.302142247399536,8
"1527","hip;heap",0.28209261626865,8
"1528","hit;heat",0.262879928627177,8
"1529","hid;heed",0.263566684599358,8
"1530","Ysi;icy",0.0689000965526959,8
"1531","kil;keel",0.288765775232304,8
"1532","kin;keen",0.267781138237226,8
"1533","kip;keep",0.268242363409745,8
"1534","nid;knead",0.290360089708253,8
"1535","ni;knee",0.313051322644805,8
"1536","nil;kneel",0.328513598605299,8
"1537","li;lea",0.362255378412718,8
"1538","lik;leak",0.406550014055484,8
"1539","lil;leal",0.378433626022286,8
"1540","lin;lean",0.359112430507,8
"1541","lip;leap",0.385138154554358,8
"1542","lis;lease",0.357995427700609,8
"1543","liz;lees",0.38534631099877,8
"1544","lit;lied",0.367157649233835,8
"1545","liJ;liege",0.276992910297665,8
"1546","lYD;lithe",0.452765778435676,8
"1547","mi;me",0.299420436770385,8
"1548","mid;mead",0.277278186691195,8
"1549","mil;meal",0.315036212953076,8
"1550","min;mean",0.295004668201313,8
"1551","mit;meat",0.276091346002113,8
"1552","mik;meek",0.314921936020955,8
"1553","nip;neap",0.308658388797787,8
"1554","nit;neat",0.289338154101526,8
"1555","nis;niece",0.301075899053032,8
"1556","pi;p",0.337118052724997,8
"1557","pis;peace",0.331275311669449,8
"1558","pik;peak",0.384223053791841,8
"1559","pil;peal",0.353168879953351,8
"1560","piz;pease",0.359380207367384,8
"1561","pit;peat",0.314566940214712,8
"1562","pin;peen",0.333702598464554,8
"1563","pip;peep",0.334066379798535,8
"1564","sam;psalm",0.260806523343031,8
"1565","riC;reach",0.418175166873941,8
"1566","rid;read",0.589564106857047,8
"1567","riL;real",0.377283246996127,8
"1568","rim;ream",0.621743964794042,8
"1569","rip;reap",0.608719765158558,8
"1570","rif;reef",0.417121165023383,8
"1571","rik;reek",0.62860895832704,8
"1572","ril;reel",0.630360318593794,8
"1573","riv;reeve",0.377283246996127,8
"1574","s@k;sac",0.244879511402416,8
"1575","s@d;sad",0.257985926887944,8
"1576","seJ;sage",0.361403914483292,8
"1577","sEd;said",0.298689222323938,8
"1578","sel;sail",0.290501065715159,8
"1579","sek;sake",0.306446952372981,8
"1580","sem;same",0.300629159545459,8
"1581","sen;sane",0.384556767951199,8
"1582","s@p;sap",0.27808224717191,8
"1583","s@t;sat",0.333874606946941,8
"1584","set;sate",0.39453542592326,8
"1585","scs;sauce",0.250328208703472,8
"1586","sc;saw",0.308949672861535,8
"1587","se;say",0.367368732335684,8
"1588","sin;scene",2.19682558660592,8
"1589","skim;scheme",0.192014542112627,8
"1590","sYD;scythe",1.57428464951128,8
"1591","sil;seal",2.08007747504998,8
"1592","sim;seam",2.18551458412817,8
"1593","simi;seamy",0.123119628300302,8
"1594","sizN;season",0.194029243590452,8
"1595","sit;seat",2.17819761644539,8
"1596","sEJ;sedge",0.330739454576009,8
"1597","sik;seek",2.24473744185169,8
"1598","sip;seep",2.24312699920418,8
"1599","sisc;seesaw",0.147154992291704,8
"1600","siD;seethe",3.75614500360607,8
"1601","siz;seize",2.182833235006,8
"1602","sEn;sen",0.361790521469208,8
"1603","sipL;sepal",0.0883221895882172,8
"1604","sXin;serene",0.0934808627817761,8
"1605","sRJ;serge",0.284818528269247,8
"1606","sEt;set",0.373239594338405,8
"1607","so;sew",0.316661085907441,8
"1608","suX;sewer",0.441401038122882,8
"1609","son;sewn",0.332805567713547,8
"1610","Si;she",0.594414646577586,8
"1611","Sif;sheaf",0.378206224994124,8
"1612","SiT;sheath",0.418256814354054,8
"1613","SiD;sheathe",1.41884996421502,8
"1614","SiDz;sheaths",0.183994646230398,8
"1615","Sin;sheen",0.582265097188803,8
"1616","Sip;sheep",0.582628878522784,8
"1617","Sit;sheet",0.563129438938962,8
"1618","sIk;sick",0.256025371635982,8
"1619","sYd;side",0.59326950414176,8
"1620","siJ;siege",1.83452355804077,8
"1621","sY;sigh",0.649434344337743,8
"1622","sYn;sign",0.66401617457685,8
"1623","sIl;sill",0.239639676345565,8
"1624","sIn;sin",0.333392743767504,8
"1625","sIp;sip",0.289657106842954,8
"1626","sR;sir",0.315297711452601,8
"1627","sYr;sire",0.407340244313128,8
"1628","sIt;sit",0.344370154332807,8
"1629","sYz;size",0.521867815895871,8
"1630","ski;ski",0.161966488997375,8
"1631","slik;sleek",0.22805808997354,8
"1632","slip;sleep",0.212234655032771,8
"1633","slit;sleet",0.182715808706047,8
"1634","smuD;smooth",0.217134207239408,8
"1635","snik;sneak",0.218541865070692,8
"1636","sniz;sneeze",0.164242841185096,8
"1637","sok;soak",0.255446854092199,8
"1638","sop;soap",0.289078589299171,8
"1639","sak;sock",0.271150268273229,8
"1640","sad;sod",0.286082850332407,8
"1641","sOl;soil",0.179928709796178,8
"1642","sol;sol",0.239071523985258,8
"1643","s^m;some",0.239439494048278,8
"1644","s^n;son",0.330366276463069,8
"1645","sun;soon",0.698551234965839,8
"1646","sUt;soot",0.265122677630033,8
"1647","suT;sooth",0.441401038122882,8
"1648","suD;soothe",1.39959091476476,8
"1649","sap;sop",0.304782003480202,8
"1650","sat;sot",0.3599152852754,8
"1651","sW;sough",0.298053991635321,8
"1652","sct;sought",0.336476980590259,8
"1653","sup;soup",0.651264378953394,8
"1654","sWs;souse",0.220570646340917,8
"1655","sO;soy",0.260728936672984,8
"1656","spik;speak",0.208812694867388,8
"1657","spid;speed",0.193249947103531,8
"1658","stil;steal",0.207215907377225,8
"1659","stim;steam",0.308060819256593,8
"1660","stid;steed",0.265750610206493,8
"1661","stip;steep",0.242150354004341,8
"1662","s^k;suck",0.253159928735921,8
"1663","su;sue",0.684383198919538,8
"1664","sut;suit",0.714203259392007,8
"1665","swit;suite",0.168616541012826,8
"1666","s^p;sup",0.286362664505415,8
"1667","sRi;surrey",0.167545601152522,8
"1668","swid;swede",0.244391763775845,8
"1669","swip;sweep",0.219353162336562,8
"1670","ti;t",0.609955026779272,8
"1671","tiC;teach",0.393406566970839,8
"1672","tik;teak",0.617537092406642,8
"1673","til;teal",0.653497489741598,8
"1674","tim;team",0.64362940953316,8
"1675","tiz;tease",0.617351514819415,8
"1676","tiT;teeth",0.432642249917742,8
"1677","tiD;teethe",1.38248464425194,8
"1678","Di;thee",0.25822457485017,8
"1679","Tim;theme",0.241583983555807,8
"1680","Diz;these",0.266934401831728,8
"1681","tYD;tithe",0.618681538690248,8
"1682","vi;v",0.245258354820499,8
"1683","vil;veal",0.259427087686613,8
"1684","wi;we",0.300598845015319,8
"1685","wik;weak",0.316087873461493,8
"1686","wil;weal",0.316209710165392,8
"1687","win;wean",0.29617060564185,8
"1688","wid;weed",0.308291583327484,8
"1689","wip;weep",0.32303756635801,8
"1690","riT;wreath",0.454823471261811,8
"1691","riD;wreathe",1.597045890904,8
"1692","rYD;writhe",0.59101662833397,8
"1693","yi;ye",0.248932596826197,8
"1694","yin;yean",0.240700421692361,8
"1695","zi;z",0.245258354820499,8
"1696","zil;zeal",0.259427087686613,8
"1697","bi;b",0.356793120732004,9
"1698","bid;bead",0.316190658685252,9
"1699","bik;beak",0.362908509325282,9
"1700","bim;beam",0.340453103203976,9
"1701","bin;bean",0.338680515942175,9
"1702","bit;beat",0.320120484565022,9
"1703","briD;breathe",0.128329672950505,9
"1704","si;c",2.0844913321254,9
"1705","sizX;caesar",0.27675553976581,9
"1706","ki;cay",0.34353459870439,9
"1707","sis;cease",1.84446743876047,9
"1708","sikM;cecum",0.0819668255393579,9
"1709","sidX;cedar",0.17156259334281,9
"1710","sid;cede",1.97622727872429,9
"1711","sEl;cell",0.289574455886324,9
"1712","Cip;cheap",0.312433782116463,9
"1713","Cit;cheat",0.291317291443688,9
"1714","Cik;cheek",0.333539912742821,9
"1715","Ciz;cheese",0.323617954800609,9
"1716","Sik;chic",0.617569091130084,9
"1717","sYt;cite",0.709371577181963,9
"1718","di;d",0.353418821852908,9
"1719","dil;deal",0.363352266229062,9
"1720","din;dean",0.335394326227037,9
"1721","did;deed",0.312942289416417,9
"1722","dim;deem",0.337287344918554,9
"1723","dip;deep",0.338233412559721,9
"1724","i;e",0.332582271196138,9
"1725","iz;ease",0.329755225059311,9
"1726","it;eat",0.295488257177083,9
"1727","il;eel",0.342239035704667,9
"1728","ik;eke",0.338012276311684,9
"1729","fit;feat",0.296621472622542,9
"1730","fiz;feaze",0.330844765513128,9
"1731","fi;fee",0.333777309260227,9
"1732","fid;feed",0.292253778171551,9
"1733","fil;feel",0.34340952882841,9
"1734","Ji;g",0.280299868088712,9
"1735","gis;geese",0.214543346034232,9
"1736","Jin;gene",0.258655785477759,9
"1737","hi;he",0.325390733818499,9
"1738","hil;heal",0.335135207957849,9
"1739","hip;heap",0.309786069042412,9
"1740","hit;heat",0.288518934913541,9
"1741","hid;heed",0.284276478312561,9
"1742","Ysi;icy",0.0641244569385916,9
"1743","kil;keel",0.319470006294502,9
"1744","kin;keen",0.29074439515174,9
"1745","kip;keep",0.293609388002002,9
"1746","nid;knead",0.314391801514109,9
"1747","ni;knee",0.354992634306107,9
"1748","nil;kneel",0.364890892532354,9
"1749","li;lea",0.412985841253511,9
"1750","lik;leak",0.452454141471626,9
"1751","lil;leal",0.423642188903543,9
"1752","lin;lean",0.396605174564271,9
"1753","lip;leap",0.428730435946481,9
"1754","lis;lease",0.375823713425933,9
"1755","liz;lees",0.41608537567978,9
"1756","lit;lied",0.408330104947485,9
"1757","liJ;liege",0.282156258286474,9
"1758","lYD;lithe",0.44987599829151,9
"1759","mi;me",0.34066432693159,9
"1760","mid;mead",0.300723806270128,9
"1761","mil;meal",0.350748036391177,9
"1762","min;mean",0.323015242559135,9
"1763","mit;meat",0.304455211181982,9
"1764","mik;meek",0.347243235942242,9
"1765","nip;neap",0.339719810938909,9
"1766","nit;neat",0.318320693229072,9
"1767","nis;niece",0.310047704780826,9
"1768","pi;p",0.384998680007164,9
"1769","pis;peace",0.346301948232058,9
"1770","pik;peak",0.427337115915764,9
"1771","pil;peal",0.395527203974687,9
"1772","piz;pease",0.387258197422361,9
"1773","pit;peat",0.349551226670912,9
"1774","pin;peen",0.368352868631042,9
"1775","pip;peep",0.371170659144122,9
"1776","sam;psalm",0.273960221581269,9
"1777","riC;reach",0.43860864683419,9
"1778","rid;read",0.618196935146881,9
"1779","riL;real",0.394518206383622,9
"1780","rim;ream",0.644210717482641,9
"1781","rip;reap",0.644486886209238,9
"1782","rif;reef",0.43725455596504,9
"1783","rik;reek",0.666348080524334,9
"1784","ril;reel",0.671436324750208,9
"1785","riv;reeve",0.394518206383622,9
"1786","s@k;sac",0.266893829005952,9
"1787","s@d;sad",0.274533644048944,9
"1788","seJ;sage",0.374437436202977,9
"1789","sEd;said",0.319814403979749,9
"1790","sel;sail",0.318783327800932,9
"1791","sek;sake",0.339109588920147,9
"1792","sem;same",0.320670667223631,9
"1793","sen;sane",0.424775777468246,9
"1794","s@p;sap",0.302324413006703,9
"1795","s@t;sat",0.370380510327119,9
"1796","set;sate",0.441931443936639,9
"1797","scs;sauce",0.250581048541273,9
"1798","sc;saw",0.342029947123014,9
"1799","se;say",0.414230499126044,9
"1800","sin;scene",1.98307823548805,9
"1801","skim;scheme",0.191679390920084,9
"1802","sYD;scythe",1.41981513111734,9
"1803","sil;seal",1.86374655304891,9
"1804","sim;seam",1.95862556314915,9
"1805","simi;seamy",0.113608405782512,9
"1806","sizN;season",0.192555315516563,9
"1807","sit;seat",1.97553332480059,9
"1808","sEJ;sedge",0.337670332343481,9
"1809","sik;seek",2.03884547743267,9
"1810","sip;seep",2.03682530044669,9
"1811","sisc;seesaw",0.134674185700709,9
"1812","siD;seethe",2.88978004029021,9
"1813","siz;seize",1.96041953137252,9
"1814","sEn;sen",0.395774598022984,9
"1815","sipL;sepal",0.0819368879362101,9
"1816","sXin;serene",0.0863895602429404,9
"1817","sRJ;serge",0.284140007352926,9
"1818","sEt;set",0.41453281844252,9
"1819","so;sew",0.355699504343301,9
"1820","suX;sewer",0.438273322123243,9
"1821","son;sewn",0.365197881055405,9
"1822","Si;she",0.61849197413131,9
"1823","Sif;sheaf",0.376617667351524,9
"1824","SiT;sheath",0.420190424919815,9
"1825","SiD;sheathe",1.21351317850432,9
"1826","SiDz;sheaths",0.161991331891513,9
"1827","Sin;sheen",0.593142137917973,9
"1828","Sip;sheep",0.595959928431052,9
"1829","Sit;sheet",0.574340495957843,9
"1830","sIk;sick",0.2809497604105,9
"1831","sYd;side",0.603657187675878,9
"1832","siJ;siege",1.58794288306197,9
"1833","sY;sigh",0.679344658555161,9
"1834","sYn;sign",0.687246746696871,9
"1835","sIl;sill",0.260237892687521,9
"1836","sIn;sin",0.365641002669242,9
"1837","sIp;sip",0.316898559547802,9
"1838","sR;sir",0.347856543673538,9
"1839","sYr;sire",0.412292933331718,9
"1840","sIt;sit",0.383827513706103,9
"1841","sYz;size",0.518032351517822,9
"1842","ski;ski",0.167840234485276,9
"1843","slik;sleek",0.241683599531988,9
"1844","slip;sleep",0.224980577328551,9
"1845","slit;sleet",0.190801093918278,9
"1846","smuD;smooth",0.192484564999857,9
"1847","snik;sneak",0.224846929622137,9
"1848","sniz;sneeze",0.160087768218236,9
"1849","sok;soak",0.280515411593255,9
"1850","sop;soap",0.316464210730557,9
"1851","sak;sock",0.296936357753434,9
"1852","sad;sod",0.306472647419069,9
"1853","sOl;soil",0.190107994072695,9
"1854","sol;sol",0.259813984008887,9
"1855","s^m;some",0.248858284096771,9
"1856","s^n;son",0.359601302417199,9
"1857","sun;soon",0.713657180537778,9
"1858","sUt;soot",0.29049047839443,9
"1859","suT;sooth",0.438273322123243,9
"1860","suD;soothe",1.21841396584062,9
"1861","sap;sop",0.332885156890736,9
"1862","sat;sot",0.400319619920603,9
"1863","sW;sough",0.326744753303923,9
"1864","sct;sought",0.370241571505347,9
"1865","sup;soup",0.661279972551795,9
"1866","sWs;souse",0.217003243073266,9
"1867","sO;soy",0.288594439465803,9
"1868","spik;speak",0.21917331497543,9
"1869","spid;speed",0.199065281177599,9
"1870","stil;steal",0.217448478553737,9
"1871","stim;steam",0.320416378007326,9
"1872","stid;steed",0.280726968287478,9
"1873","stip;steep",0.257837675631557,9
"1874","s^k;suck",0.275168156871207,9
"1875","su;sue",0.706131525992554,9
"1876","sut;suit",0.736490652191972,9
"1877","swit;suite",0.173930987917241,9
"1878","s^p;sup",0.310598740871958,9
"1879","sRi;surrey",0.174905799317868,9
"1880","swid;swede",0.256371095259493,9
"1881","swip;sweep",0.232078183032981,9
"1882","ti;t",0.636667684554173,9
"1883","tiC;teach",0.394364957247043,9
"1884","tik;teak",0.63533413789353,9
"1885","til;teal",0.678689753210133,9
"1886","tim;team",0.650976474378105,9
"1887","tiz;tease",0.623997367609073,9
"1888","tiT;teeth",0.436891755342894,9
"1889","tiD;teethe",1.1919578069144,9
"1890","Di;thee",0.290273411797709,9
"1891","Tim;theme",0.246708100111794,9
"1892","Diz;these",0.278328940273503,9
"1893","tYD;tithe",0.598198239915207,9
"1894","vi;v",0.27633798841322,9
"1895","vil;veal",0.284894086873954,9
"1896","wi;we",0.342427964060948,9
"1897","wik;weak",0.348978195371668,9
"1898","wil;weal",0.352500304604892,9
"1899","win;wean",0.32475020198856,9
"1900","wid;weed",0.336168819921612,9
"1901","wip;weep",0.357754450724649,9
"1902","riT;wreath",0.478790624637341,9
"1903","riD;wreathe",1.41091242149373,9
"1904","rYD;writhe",0.576681506279286,9
"1905","yi;ye",0.280299868088712,9
"1906","yin;yean",0.258655785477759,9
"1907","zi;z",0.27633798841322,9
"1908","zil;zeal",0.284894086873954,9
"1909","bi;b",0.396135977211671,10
"1910","bid;bead",0.337176481104896,10
"1911","bik;beak",0.391487914357163,10
"1912","bim;beam",0.353500003460083,10
"1913","bin;bean",0.363739149913328,10
"1914","bit;beat",0.346094500637053,10
"1915","briD;breathe",0.114622135010136,10
"1916","si;c",1.9304627587096,10
"1917","sizX;caesar",0.274520897110861,10
"1918","ki;cay",0.379828304910804,10
"1919","sis;cease",1.6395484731451,10
"1920","sikM;cecum",0.0754877789033912,10
"1921","sidX;cedar",0.169115735807413,10
"1922","sid;cede",1.8041177090586,10
"1923","sEl;cell",0.30760524745432,10
"1924","Cip;cheap",0.335492414673698,10
"1925","Cit;cheat",0.312945148033844,10
"1926","Cik;cheek",0.357683032507621,10
"1927","Ciz;cheese",0.336581378029897,10
"1928","Sik;chic",0.625332997413641,10
"1929","sYt;cite",0.73076407095941,10
"1930","di;d",0.392310842020984,10
"1931","dil;deal",0.395939384415861,10
"1932","din;dean",0.360024776754956,10
"1933","did;deed",0.333509436410145,10
"1934","dim;deem",0.3499358863709,10
"1935","dip;deep",0.365255160412008,10
"1936","i;e",0.368871386695591,10
"1937","iz;ease",0.34412991416107,10
"1938","it;eat",0.318448837919649,10
"1939","il;eel",0.372223412333971,10
"1940","ik;eke",0.363535932301029,10
"1941","fit;feat",0.319268047175555,10
"1942","fiz;feaze",0.34490843428457,10
"1943","fi;fee",0.369748988761384,10
"1944","fid;feed",0.309938313902991,10
"1945","fil;feel",0.373077721448548,10
"1946","Ji;g",0.309357084048335,10
"1947","gis;geese",0.208614326148314,10
"1948","Jin;gene",0.273484905259916,10
"1949","hi;he",0.361008553614511,10
"1950","hil;heal",0.364467420258922,10
"1951","hip;heap",0.33357793469866,10
"1952","hit;heat",0.310856070443419,10
"1953","hid;heed",0.301670297716661,10
"1954","Ysi;icy",0.059319587484409,10
"1955","kil;keel",0.346738500564395,10
"1956","kin;keen",0.310093864699814,10
"1957","kip;keep",0.315314902952832,10
"1958","nid;knead",0.334267050684267,10
"1959","ni;knee",0.393177495950164,10
"1960","nil;kneel",0.396774883692415,10
"1961","li;lea",0.458937480926591,10
"1962","lik;leak",0.491014885969823,10
"1963","lil;leal",0.463308065636571,10
"1964","lin;lean",0.428312941841783,10
"1965","lip;leap",0.465840242439506,10
"1966","lis;lease",0.387962651663658,10
"1967","liz;lees",0.44015629076299,10
"1968","lit;lied",0.443547538918272,10
"1969","liJ;liege",0.285279305079434,10
"1970","lYD;lithe",0.439043214725895,10
"1971","mi;me",0.378776121730315,10
"1972","mid;mead",0.320604595233691,10
"1973","mil;meal",0.38258189298352,10
"1974","min;mean",0.346931886405999,10
"1975","mit;meat",0.329287237129724,10
"1976","mik;meek",0.374680650849834,10
"1977","nip;neap",0.366044832619277,10
"1978","nit;neat",0.343169799685951,10
"1979","nis;niece",0.31466841715144,10
"1980","pi;p",0.42882461548908,10
"1981","pis;peace",0.356411042957242,10
"1982","pik;peak",0.463716368268288,10
"1983","pil;peal",0.433068674592853,10
"1984","piz;pease",0.409214296408659,10
"1985","pit;peat",0.380051633889146,10
"1986","pin;peen",0.397946334704257,10
"1987","pip;peep",0.403182756900792,10
"1988","sam;psalm",0.28366410847521,10
"1989","riC;reach",0.452253043756065,10
"1990","rid;read",0.638883975309913,10
"1991","riL;real",0.406249208707453,10
"1992","rim;ream",0.657154176330769,10
"1993","rip;reap",0.671706068250207,10
"1994","rif;reef",0.450602464407768,10
"1995","rik;reek",0.694774115332545,10
"1996","ril;reel",0.704146835252474,10
"1997","riv;reeve",0.406249208707453,10
"1998","s@k;sac",0.285783685390359,10
"1999","s@d;sad",0.287102873217428,10
"2000","seJ;sage",0.382872076595119,10
"2001","sEd;said",0.335635723131125,10
"2002","sel;sail",0.342862964125887,10
"2003","sek;sake",0.367376975980449,10
"2004","sem;same",0.336486653638534,10
"2005","sen;sane",0.458084284104431,10
"2006","s@p;sap",0.322068837675189,10
"2007","s@t;sat",0.401506340579818,10
"2008","set;sate",0.482706502415326,10
"2009","scs;sauce",0.247415087931496,10
"2010","sc;saw",0.36912382774348,10
"2011","se;say",0.454413094872935,10
"2012","sin;scene",1.80865992564472,10
"2013","skim;scheme",0.188764123743172,10
"2014","sYD;scythe",1.29646356079509,10
"2015","sil;seal",1.69178388530178,10
"2016","sim;seam",1.76811852830624,10
"2017","simi;seamy",0.103776417344946,10
"2018","sizN;season",0.18807791942488,10
"2019","sit;seat",1.81447020031008,10
"2020","sEJ;sedge",0.340327562906592,10
"2021","sik;seek",1.87128112521387,10
"2022","sip;seep",1.86901461751398,10
"2023","sisc;seesaw",0.121792676726214,10
"2024","siD;seethe",2.29814104204211,10
"2025","siz;seize",1.77415068308284,10
"2026","sEn;sen",0.422863333242182,10
"2027","sipL;sepal",0.0754437495416834,10
"2028","sXin;serene",0.0791865393938753,10
"2029","sRJ;serge",0.280171101032531,10
"2030","sEt;set",0.449150608314307,10
"2031","so;sew",0.389335071107342,10
"2032","suX;sewer",0.430150231975829,10
"2033","son;sewn",0.39200130736382,10
"2034","Si;she",0.636529429935733,10
"2035","Sif;sheaf",0.3705933232208,10
"2036","SiT;sheath",0.416369664297943,10
"2037","SiD;sheathe",1.04954288091811,10
"2038","SiDz;sheaths",0.141322551080519,10
"2039","Sin;sheen",0.597322201105875,10
"2040","Sip;sheep",0.602558623302409,10
"2041","Sit;sheet",0.579427500290763,10
"2042","sIk;sick",0.302719092132016,10
"2043","sYd;side",0.606663905013027,10
"2044","siJ;siege",1.38726931890857,10
"2045","sY;sigh",0.700189172361572,10
"2046","sYn;sign",0.701271768366741,10
"2047","sIl;sill",0.277894376114132,10
"2048","sIn;sin",0.392258082310015,10
"2049","sIp;sip",0.339588654812303,10
"2050","sR;sir",0.374087067604746,10
"2051","sYr;sire",0.412226013819095,10
"2052","sIt;sit",0.417900354759538,10
"2053","sYz;size",0.509198003107545,10
"2054","ski;ski",0.170842969679691,10
"2055","slik;sleek",0.251124544474687,10
"2056","slip;sleep",0.234333251818315,10
"2057","slit;sleet",0.196275290088786,10
"2058","smuD;smooth",0.169642470815052,10
"2059","snik;sneak",0.226879500163539,10
"2060","sniz;sneeze",0.154181345372656,10
"2061","sok;soak",0.302470101742696,10
"2062","sop;soap",0.339339664422982,10
"2063","sak;sock",0.318934837110769,10
"2064","sad;sod",0.322150931283745,10
"2065","sOl;soil",0.198515072165592,10
"2066","sol;sol",0.277654582674032,10
"2067","s^m;some",0.255251380233358,10
"2068","s^n;son",0.382880744433035,10
"2069","sun;soon",0.719560782005406,10
"2070","sUt;soot",0.312021425165775,10
"2071","suT;sooth",0.430150231975829,10
"2072","suD;soothe",1.07416907600473,10
"2073","sap;sop",0.355804399791056,10
"2074","sat;sot",0.434683434004696,10
"2075","sW;sough",0.349524251317269,10
"2076","sct;sought",0.398058741827092,10
"2077","sup;soup",0.663302340884111,10
"2078","sWs;souse",0.210770205039605,10
"2079","sO;soy",0.312069733046725,10
"2080","spik;speak",0.225811513967491,10
"2081","spid;speed",0.202057012640678,10
"2082","stil;steal",0.224122644908715,10
"2083","stim;steam",0.326748686046894,10
"2084","stid;steed",0.290657705134057,10
"2085","stip;steep",0.268926907553613,10
"2086","s^k;suck",0.293689232665617,10
"2087","su;sue",0.718798625485981,10
"2088","sut;suit",0.749657176099468,10
"2089","swit;suite",0.176880132043312,10
"2090","s^p;sup",0.329974384950446,10
"2091","sRi;surrey",0.179217878695678,10
"2092","swid;swede",0.264191558745828,10
"2093","swip;sweep",0.241144776540893,10
"2094","ti;t",0.657113449181421,10
"2095","tiC;teach",0.390663788056807,10
"2096","tik;teak",0.645416238996578,10
"2097","til;teal",0.69609099714716,10
"2098","tim;team",0.649367179635534,10
"2099","tiz;tease",0.623070685048228,10
"2100","tiT;teeth",0.435166115573019,10
"2101","tiD;teethe",1.04346082831294,10
"2102","Di;thee",0.319642023019702,10
"2103","Tim;theme",0.247954849699101,10
"2104","Diz;these",0.285707537032248,10
"2105","tYD;tithe",0.571544122398893,10
"2106","vi;v",0.305254874959716,10
"2107","vil;veal",0.307504156430463,10
"2108","wi;we",0.381109891954555,10
"2109","wik;weak",0.376966027184697,10
"2110","wil;weal",0.384896406044265,10
"2111","win;wean",0.349217262740863,10
"2112","wid;weed",0.359596375155182,10
"2113","wip;weep",0.387602328883056,10
"2114","riT;wreath",0.494726241772127,10
"2115","riD;wreathe",1.26295832780146,10
"2116","rYD;writhe",0.555066166569333,10
"2117","yi;ye",0.309357084048335,10
"2118","yin;yean",0.273484905259916,10
"2119","zi;z",0.305254874959716,10
"2120","zil;zeal",0.307504156430463,10
